sgRNA	Gene	IgG_1_2	IgG_2_2	IgG_3_2	IgG_4_2	IgG_5_2	IgG_6_2	TNF_1_2	TNF_2_2	TNF_3_2	TNF_4_2	TNF_5_2	TNF_6_2	CD48_1_2	CD48_2_2	CD48_3_2	CD48_4_2	CD48_5_2	CD48_6_2	CD115_1_2	CD115_2_2	CD115_3_2	CD115_4_2	CD115_5_2	CD115_6_2	IgG_1_1	IgG_2_1	IgG_3_1	IgG_4_1	IgG_5_1	IgG_6_1	IgG_7_1	IgG_8_1	CD115_1_1	CD115_2_1	CD115_3_1	CD115_4_1	CD115_5_1	CD115_6_1	CD115_7_1	CD115_8_1	CD48_1_1	CD48_2_1	CD48_3_1	CD48_4_1	CD48_5_1	CD48_6_1	TNF_1_1	TNF_2_1	TNF_3_1	TNF_4_1	TNF_5_1	TNF_6_1
ctrl_sgRNA.45	ctrl	461	50	312	514	4021	3229	125	124	48	93	8167	673	4143	14	57	2802	564	6461	8889	137	10142	23491	2281	248	14612	26769	1474	1591	322	3155	155	267	84185	1496	41889	24024	17572	1069	103081	114323	2683	246	766	932	4443	2169	877	8846	78	3115	403	6827
ctrl_sgRNA.28	ctrl	8568	28740	21656	33024	160646	16251	2938	26072	4881	11899	34036	3543	14322	24913	11518	7524	3640	12433	7538	483	41304	7055	6895	2774	25807	8962	660	1106	23	306	11	700	320	302	9372	46844	345	289	14639	48107	194	3269	2201	4630	2414	1128	72	11262	38	4254	125	214
ctrl_sgRNA.42	ctrl	202	294	996	564	66414	149	229	730	103	2355	13021	467	4762	8276	25925	133	219	20144	2661	41	8155	179	186	97	12955	35059	1532	2085	3374	6945	504	573	18795	25176	19835	54185	3758	1633	170337	163257	18543	533	1165	1968	202	1223	188	11082	2811	1420	574	4394
ctrl_sgRNA.22	ctrl	471	1018	2530	1806	9032	2853	190	2447	133	456	5149	12676	1160	1761	1654	519	5838	6417	6427	129	14242	183	2747	283	95481	18452	3309	15928	653	3489	1400	34794	10448	1460	7828	2491	1229	537	74402	30077	72357	1219	171281	8523	1253	960	1861	8172	919	5184	351	4390
ctrl_sgRNA.17	ctrl	1990	339	17	48	799	25	2559	10147	95	181	100	9515	10614	20930	148	35	74	668	616	217	7	663	342	972	222669	29862	1849	8861	1420	3379	74	1047	95067	737	5191	14823	4840	572	68018	23376	175107	3612	1307	5299	3554	251	650	7830	293	515	101	64
ctrl_sgRNA.43	ctrl	715	2685	3597	2114	13077	1159	177	1734	878	2795	9112	6800	1367	5001	2200	4030	226	887	25	47	9087	1944	1034	200	149370	46097	1045	6287	365	2081	2464	14694	86147	21466	13221	5550	1454	505	13986	42719	24273	5216	2661	4113	1304	134	89	17045	148	1717	40	3295
ctrl_sgRNA.31	ctrl	439	433	392	146	120250	174	5	4	21	1644	5024	14	1	1	7	375	104	2	1519	5	2587	4	227	8	31922	1887	240	1357	557	6396	110	548	74202	879	12204	17418	7589	707	81812	96446	612	76	501	739	1156	1000	129	5493	63	717	90	2412
ctrl_sgRNA.26	ctrl	229	232	882	100	77600	829	64	15	369	141	16677	1070	11	6	131	675	102	4759	1083	212	123992	359	394	168	58086	10925	3802	3135	643	1601	23	470	13198	296	9699	34472	2385	1001	9489	284295	648	1766	430	85264	1859	1527	2443	9794	2029	5820	144	476
ctrl_sgRNA.27	ctrl	322	1143	985	1977	2458	3574	130	752	261	626	30198	548	252	1598	90	88	802	8838	2554	23	2517	540	260	93	59366	14798	7194	5156	874	2809	247	35779	4391	397	10357	64993	3536	240	18151	7452	6419	4154	264	9815	6212	3239	119	10056	1152	4023	367	28923
ctrl_sgRNA.38	ctrl	166	252	239	88	11625	31343	20	5	12	34	1317	31	3644	5874	109	1151	3878	4148	14707	177	10197	33	1089	2817	219840	17163	19364	16427	1230	3608	153	5628	51299	7617	17303	60714	17977	2073	54353	445156	52712	37001	5937	84660	14800	3655	998	8654	610	5907	133	4302
ctrl_sgRNA.20	ctrl	373	4	383	156	25	14	74	28	121	73	23172	4913	6969	1401	87	1735	56	4232	4031	88	41121	29397	911	266	44947	15966	2392	13386	1516	6669	235	3273	71806	42894	65723	12471	8037	2433	81423	542857	4509	1427	2031	295158	4925	897	4823	48797	143	3333	348	13966
ctrl_sgRNA.2	ctrl	210	565	598	741	3212	6	79	886	29	495	1556	236	3791	17	616	4437	281	547	392	237	5711	1581	207	206	26633	3584	192	1044	3818	2662	1194	17584	2210	9648	2806	6034	2287	75	51	200	31929	205	229	1149	1891	244	807	2768	37	90	268	38
ctrl_sgRNA.3	ctrl	175	154	408	170	106716	872	99	538	57	48	11351	644	1	1	9	705	99	598	4	7	752	568	229	44	62	5550	56	528	97	1373	78	16503	2980	12939	8344	26745	844	155	62	8695	30866	5393	283	1457	1163	4296	1088	6975	22	853	103	1419
ctrl_sgRNA.15	ctrl	413	379	941	305	234160	4261	641	1892	288	2980	77164	103	1096	8	56	4559	1417	3374	4573	45	23156	5240	613	57	35947	42144	9443	13113	2155	6201	765	32604	28029	3179	94154	201539	5037	3712	114510	905741	126085	4277	2488	158478	2592	1344	660	22145	4031	7162	313	1961
ctrl_sgRNA.41	ctrl	412	980	962	2970	6948	845	331	3041	175	834	4608	323	326	3223	1041	462	511	4065	1231	39	938	178	719	160	106072	11403	3341	3538	803	4929	46	353	72300	1125	2080	59593	903	307	18172	33804	1307	398	431	82508	1008	95	939	8291	81	2147	152	177
ctrl_sgRNA.35	ctrl	420	146	87	0	13	2	4	5	29	79	5643	394	2	2	53	620	130	1	1244	320	15127	26	805	21	25819	13039	335	6351	2621	1113	75	403	514	13081	58096	5926	1945	1273	80481	292787	183	2341	629	1551	5931	1269	488	9010	622	789	126	7791
ctrl_sgRNA.21	ctrl	140	3	298	100	14	1168	25	20	71	6439	15277	20	140	4	39	5823	18	15	2338	110	16646	180	421	35	1687	36235	2865	8241	3493	1153	457	762	45023	539	10372	7970	11655	986	10432	177687	28122	415	294	2121	2887	1849	791	19042	100	6005	444	4007
ctrl_sgRNA.37	ctrl	326	147	706	174	173558	250	45	12	48	13	4438	3660	10652	1686	675	924	434	9147	17946	359	17446	39	433	66	71078	57041	1512	4377	1214	9391	3449	633	1381	943	33797	129382	6007	908	9234	167173	135005	959	960	5612	6953	1785	391	3043	859	1255	228	3207
ctrl_sgRNA.44	ctrl	651	2056	1104	2685	19526	31988	329	2561	236	629	50848	613	6237	1454	326	5510	330	7691	6518	225	13154	128	182	277	59393	60285	3472	6308	5522	18727	3518	5417	10765	25255	80624	172626	6906	1932	41752	245054	273549	72022	2727	13844	9933	4585	1880	34469	1507	5064	830	13349
ctrl_sgRNA.50	ctrl	39	59	32	15	1261	2	50	6	167	302	11998	130	11	4	344	8776	23	8	3867	8	27	764	831	211	12305	5215	672	1270	561	2493	708	17754	24340	16920	26965	115656	4028	591	498	104380	232353	24639	1462	9389	2885	987	120	22056	986	4427	428	372
ctrl_sgRNA.24	ctrl	232	306	354	255	60290	1791	110	98	3585	18351	31909	80	9487	51112	8895	111	1088	4075	22234	429	134	83	372	1814	102713	23376	1609	4544	2032	7616	2786	5277	116316	36340	18896	45434	6629	2627	122725	481730	46509	5549	1153	5275	3080	250	1716	11411	581	5517	606	18123
ctrl_sgRNA.13	ctrl	282	139	366	105	83342	130	73	15	1635	2153	5208	1590	43	708	37	3468	1106	217	20318	96	15935	2712	6322	163	13648	23583	8998	3278	5605	2413	69	692	41588	8485	8411	160538	1385	1142	2263	261350	407	288	176	10006	2384	181	821	24067	1801	5358	456	3431
ctrl_sgRNA.49	ctrl	361	87	492	58	3314	10522	41	513	158	105	31141	88	5194	7658	864	51	2152	11461	3108	72	36441	10966	3289	168	128277	54426	4027	28438	4267	17501	217	2426	38199	12840	19792	20696	5347	2514	44712	511930	13082	16703	583	4159	1087	594	1820	14305	973	590	761	512
ctrl_sgRNA.12	ctrl	35	1	23	3	11	26	440	1676	39	3273	3596	398	5600	43	8637	72	5226	22568	4850	147	2517	12	36	62	44160	34779	4556	4485	1181	4048	894	1483	9696	469	9790	57846	10885	2693	30989	672048	197731	5508	1386	21426	566	444	2410	7383	294	384	184	2888
ctrl_sgRNA.11	ctrl	69	9	73	597	2310	4252	32	7	62	17	17055	79	625	2	2	415	103	206	5570	23	81	2450	9751	88	83194	13660	2010	46808	181	707	61	1569	21325	42754	4384	23318	1962	671	20453	77942	107718	17637	865	4974	175	4656	411	5176	107	1948	96	2093
ctrl_sgRNA.47	ctrl	235	4	34	27	36	5088	23	13	134	8565	4774	1557	7465	61	193	1569	4029	32712	8325	19	2463	984	1840	179	46355	5190	887	6573	498	3609	1465	764	8616	5781	2741	163747	4048	1997	55264	407793	15017	69987	1015	53097	3213	2602	803	14297	80	2929	191	1340
ctrl_sgRNA.46	ctrl	129	484	223	1088	7873	15339	386	2267	3200	2884	62968	956	4932	23264	491	1203	182	13735	11513	353	2903	1852	1823	167	24257	14375	2839	11407	409	2784	3657	411	79155	4069	59220	32852	5232	1700	253270	155609	4450	176	1753	1258	1794	1064	4051	7875	1212	1798	306	3805
ctrl_sgRNA.39	ctrl	59	114	3	150	21	0	18	2	9	85	1067	1	3105	5	341	16	103	2	7649	19	60	7230	2985	24	22641	4978	368	973	804	4114	427	956	36254	3673	20922	2079	7588	649	74897	74362	396	88	561	442	2391	324	47	1842	30	136	408	253
ctrl_sgRNA.25	ctrl	59	0	7	5	70	0	106	56	3430	3099	61451	198	11	2	5	694	45	3	12080	17	71	26	143	18	50436	11349	4111	6642	435	9640	280	9404	143784	15112	29833	38638	6666	2000	269584	175125	1085	1765	1635	1518	368	108	1338	17827	130	2997	506	3379
ctrl_sgRNA.19	ctrl	232	1	30	0	1	0	163	100	6	0	5	0	231	0	8	0	0	63	10	7	6669	10	13	6	98	2846	390	274	339	2058	136	120	4882	100	2171	349	6532	786	107324	53647	66438	11590	947	2684	1328	165	42	2255	80	4708	111	2413
ctrl_sgRNA.32	ctrl	30	16	235	1	2	1	9	18	38	2	0	0	3780	17683	8766	1361	81	2104	5065	105	26371	86	79	46	2311	23168	178	3941	27	632	743	807	44973	5407	25862	4531	739	652	581	131312	6991	225	201	963	133	45	37	9094	67	4958	97	563
ctrl_sgRNA.40	ctrl	17	0	172	0	11	0	6	1	25	1	1920	3	160	0	47	0	3	0	2714	53	35456	57	2224	51	5173	1979	58	1147	581	1150	1036	6455	4215	26974	5818	27065	6787	276	14413	1049	46904	13853	489	2279	328	472	321	17088	81	2220	168	7674
ctrl_sgRNA.18	ctrl	146	7	63	7	2760	2838	15	7	19	221	3516	1417	160	2	7	1939	10	275	15763	35	88	21	2873	33	7311	23918	996	5842	571	2710	518	278	23811	4401	32268	15433	3748	444	1294	88682	183	222	198	724	115	59	63	12971	65	2384	425	9261
ctrl_sgRNA.8	ctrl	12	17	14	2	11	1654	8	24	20	3	4797	622	4127	17617	112	218	62	2638	1050	106	1379	1	66	17	1256	18248	172	971	54	107	1729	8207	14537	868	65765	56748	1500	827	1090	245053	1787	118	323	1443	1779	272	321	2825	77	2326	230	2527
ctrl_sgRNA.34	ctrl	80	147	228	192	144	4	70	9	99	109	18024	29	5864	719	268	139	650	2077	1918	2	11	8	1311	251	61753	1316	513	6121	7109	2717	128	412	50869	1470	78226	25933	3065	686	81925	77948	2924	63	979	734	1468	30	426	8090	56	622	188	395
ctrl_sgRNA.5	ctrl	11	1	183	1	9	11	6	1	38	10	4713	13	31	19	16027	544	43	5334	1822	10	8593	323	29	347	78854	35685	2625	6239	596	705	65	313	10666	2674	1381	105856	3852	666	10947	116291	13809	346	136	1593	3007	51	191	5456	2655	5781	381	11021
ctrl_sgRNA.10	ctrl	98	353	231	234	9609	286	254	807	318	172	95011	1045	112	18	111	112	137	19197	475	253	1575	5	2086	133	15288	19645	987	14246	2915	9266	3127	14013	54036	29564	61607	18700	1048	832	60413	75169	2841	563	890	53340	2246	749	90	12268	429	8368	1102	1987
ctrl_sgRNA.23	ctrl	18	6	10	8	40	3926	38	24	679	2777	19769	56	8730	39	120	2743	75	16728	183	18	8	8	1338	47	49	5906	522	3217	340	2083	24	102	430	12533	9559	73486	896	110	40	5418	6142	140	76	597	19	2255	13	95	466	13	39	567
ctrl_sgRNA.1	ctrl	14	1493	444	142	33	6569	16	131	53	868	13166	478	338	768	247	346	22	3330	1120	29	3023	24631	340	117	201579	21443	2251	15266	3870	5667	943	70322	89763	13190	38304	278617	12384	6834	65753	1432101	120301	386444	363594	1829822	49629	19244	1616	12785	451	1165	879	7691
ctrl_sgRNA.30	ctrl	21	16	113	1	5	339	199	301	26	98	443	852	449	4	11	138	2350	7	9	4	2531	29	90	21	96715	9489	1157	11361	475	3082	39	5894	41557	447	5117	7895	5678	1297	1825	435435	1040	74	44	1810	672	20	6	2085	126	244	108	2468
ctrl_sgRNA.16	ctrl	8	0	106	0	63	12	80	42	258	61	66013	1247	16	10	44	12	85	8870	1207	27	19477	61	160	145	39044	14341	1700	2693	997	1035	278	58532	11392	27579	6035	11102	2878	1133	58834	233421	10538	6233	441	2246	1822	34	760	1847	37	414	65	1796
ctrl_sgRNA.36	ctrl	13	87	326	189	1234	97	19	515	33	20	89	2661	1821	1914	80	593	60	9557	3117	250	28601	102	945	75	2731	19592	624	9000	634	6877	436	626	12619	13974	13677	18191	4922	1422	18163	350870	151	251	174	4878	4591	1173	299	10611	281	1579	188	5258
ctrl_sgRNA.14	ctrl	2	0	33	3	21	3	17	21	89	23	22001	1687	858	7	28	6	30	3568	15	3	7238	547	597	16	4762	10292	1106	7356	2691	3516	1269	677	5918	174	2056	4647	157	182	34	82	29169	27227	314	1939	461	590	176	883	13	163	125	173
ctrl_sgRNA.48	ctrl	5	0	0	6	48	3	73	45	135	63	46565	474	3082	5	25	2148	70	1141	8	1	5	1464	106	9	71	1044	94	15079	337	2594	47	128	8	21	118	115	244	162	27006	11423	29	31	206	193	1965	80	2654	1236	7	772	38	832
ctrl_sgRNA.9	ctrl	4	1	1036	1	9	44	69	37	161	48	4917	36024	1244	5	47	2	7	44	41	58	25818	453	74	115	64347	19511	3213	4950	445	6318	41	348	14836	395	19057	11795	5401	534	523	105489	2289	6859	222	1079	931	604	697	5635	99	2347	73	12990
ctrl_sgRNA.7	ctrl	1	265	15	0	3	245	0	6	5	2	801	15	18	12	53	22	53	14434	6	121	2015	2	7	737	21151	16073	406	1612	549	7604	54	483	15114	22072	11851	152214	1037	759	32851	133890	198	265	205	1651	242	264	682	4625	15	773	145	173
ctrl_sgRNA.4	ctrl	1	0	125	0	3	0	1	0	36	3	1857	4	0	0	20	1	4	0	240	41	29728	26	65	23	549	75251	624	2290	369	982	17	136	168	394	5942	22145	2317	617	609	75671	4903	527	19130	1255	1950	520	30	4689	5	335	177	64
ctrl_sgRNA.29	ctrl	0	1	0	0	2	1	1	1	0	0	0	2	1792	1503	19	3	11	8	4	2	2	1	523	172	44587	126041	2137	8471	554	9913	470	14226	755	29862	6317	41004	3005	2757	162787	350516	12169	1269	1079	3102	451	243	137	14666	79	919	192	1177
ctrl_sgRNA.6	ctrl	0	0	11	136	1	1	0	0	2	31	0	0	0	0	0	25	0	258	25	15	982	26979	39	29	19736	3313	463	1181	1088	11642	185	631	105891	19154	5352	4335	14409	1698	116617	326478	686	201	552	1677	454	19	45	3629	44	453	427	1931
ctrl_sgRNA.33	ctrl	0	0	0	0	2	1	9	9	751	280	3152	6	200	0	7	1	12	1551	0	0	1	2	5	3	2123	34	184	6312	613	5874	70	226	7	15	522	183	786	598	109522	56815	8	47	355	279	27	2247	187	3446	14	813	260	1327
Abca13	Abca13	269	71	255	122	1848	16	972	2384	183	531	40637	1107	10721	56118	4329	3780	14212	6896	17449	642	10129	372	2374	435	102750	67250	4633	24383	21503	16531	2543	14790	66198	21538	67980	112088	15522	3153	10353	672516	193985	28140	1728	11339	10085	3108	2883	37954	516	9601	678	18982
Adgrb3	Adgrb3	163	323	45	79	139	9957	807	2705	684	7715	148648	1868	2330	32	110	8306	191	18583	27216	79	170	12084	1847	1102	156629	75614	7279	16042	454	2758	523	3770	26055	25895	24861	204052	7422	2508	13817	550107	369426	26331	9137	27474	5695	1043	1151	35079	1933	7977	573	4388
Adgrl2	Adgrl2	317	474	735	265	200789	3389	57	223	1234	4461	1155	408	1474	7	16	241	152	326	463	187	52	14532	2882	30	29144	15116	1826	5616	8038	5873	86	1138	26994	13551	2177	11421	3820	903	20363	171295	26807	4425	306	2141	1612	2590	84	15178	472	3808	234	7013
Adgrl3	Adgrl3	70	17	486	44	47	10074	169	49	949	564	28712	6416	12637	10701	3639	5212	1051	10972	6437	492	50	24	85	627	71892	47050	4175	13513	6055	3402	2713	7497	70315	6821	40237	239508	18745	1721	145364	224661	48460	7452	1322	4806	4745	1173	3538	31282	1576	8670	576	13945
Adgrv1	Adgrv1	52	17	206	24	88	9141	93	42	218	204	36951	8909	6416	10084	18715	11189	1189	14007	5826	64	25091	87	4033	1164	232554	48814	3462	31546	3895	15091	1928	12194	25748	38379	26919	78191	5038	1558	69561	196284	13604	1771	1640	264787	6669	7432	1641	69567	745	7185	482	18700
Aff3	Aff3	21	9	130	14	72	6332	59	30	128	29	26583	2622	4674	2559	14912	2736	109	8253	1018	105	16769	89	5929	505	98595	29748	2803	37683	4062	12656	2393	90275	68212	2004	77055	223207	8570	2039	20691	432224	160988	1148	1507	10199	2161	504	315	56367	340	18598	542	16910
Ahnak	Ahnak	826	1428	975	714	12848	50996	1183	6264	544	1670	136446	3901	33230	77642	2569	12585	1013	76117	38460	920	46263	17124	8971	667	209175	315108	8273	41162	15840	32092	2726	20192	505549	33942	120317	281207	16537	6518	228070	968039	172644	8235	3042	30211	4672	3649	5069	115537	16854	38452	1375	9745
Ahnak2	Ahnak2	165	39	164	79	11176	25413	117	40	240	6664	46333	11268	4181	27	90	44	110	18596	23504	467	7488	3771	2190	696	39191	55345	6837	10672	8165	8208	399	7806	43600	12594	41235	87096	8598	2008	197966	185676	100383	25437	2009	5752	6606	991	763	26132	840	2629	881	752
Akap9	Akap9	156	60	594	1540	3481	4871	55	76	533	390	33608	1427	3518	25570	239	22258	174	8260	7466	1429	3047	89	2133	622	74080	61378	4688	18802	2816	6389	4376	3646	228443	20513	60892	169570	16323	2361	126068	364779	123974	10368	9453	89501	5827	3830	770	19897	1484	2491	788	20040
Ank2	Ank2	685	568	215	27	166	17492	274	1459	409	142	107745	7461	18527	99702	1067	10124	468	24771	11579	925	28275	91	3591	390	103831	75070	5846	14644	57214	23621	1093	36502	55799	38266	98447	108531	10913	2111	170846	163104	16144	15987	6250	26500	10458	3840	2268	76475	1876	9532	754	3197
Ano1	Ano1	393	691	379	364	4395	15986	47	627	773	6453	16901	5649	3221	28056	238	1329	299	19121	5679	194	10645	39	1479	486	274284	69235	7474	14927	4334	3147	3146	2200	44617	62698	18332	73425	7269	3391	39470	740069	114588	10341	992	8719	17701	1365	993	44357	496	5329	228	3098
Apob	Apob	58	134	261	1095	5069	10556	11	7	48	3650	1587	21	5532	19	74	413	100	7874	501	52	33634	68	1192	129	57184	22239	1081	16914	2103	4724	106	5351	49949	26301	68155	91282	26481	1664	51513	338528	64723	4556	1079	4928	1007	2523	1516	30197	628	1849	600	2440
Aspm	Aspm	217	144	202	175	2770	2838	376	488	4464	12100	34883	3525	3143	2148	203	439	6080	13180	30393	124	26085	874	221	1000	22423	35113	2080	15720	9522	7733	206	1171	35367	22792	68041	139736	25992	2652	135904	405358	147295	58505	5119	9848	4145	3714	4913	40171	2244	5125	418	12965
Cacna1e	Cacna1e	143	245	286	398	70	2152	844	4944	1838	4468	41653	5130	7195	971	3889	4710	7289	17275	20505	222	25702	23699	238	774	55192	67861	16136	28205	5898	16699	2884	32132	67412	8925	74991	222683	6393	3563	155324	684853	7843	755	1496	6343	2818	866	1595	42454	1750	19033	908	29984
Casp8	Casp8	122	27	613	478	111	6339	410	191	1208	1597	90780	4146	2248	10672	7974	4911	1932	8210	19009	908	22907	534	252	285	82757	22357	1617	7343	3658	13202	254	8483	68179	8000	49178	72889	14655	2237	206484	266320	32342	517	1581	3205	7686	2046	1361	26278	386	14722	943	10311
Ccnd1	Ccnd1	46	20	168	25	3916	11847	46	406	158	826	15564	9173	5428	21	69	2126	50	5795	3289	173	25250	1114	522	414	50885	40973	4847	5875	2116	7981	248	1393	104175	14718	76238	13376	4271	2484	219341	333447	93001	1692	2018	5161	7909	2585	1474	32938	1326	18486	525	31198
Cdh10	Cdh10	156	114	629	100	30804	19823	88	93	10880	26014	13458	10059	10487	20212	215	8320	183	20125	7265	589	10301	164	346	147	152370	63512	4355	16258	3494	23523	1206	27212	48734	14756	29710	85012	16377	3085	98772	617772	95872	1656	35336	110039	7967	1556	708	23899	4394	4616	741	18781
Cdh2	Cdh2	128	264	474	219	98	14283	492	3817	548	4589	73420	10421	15450	1698	546	810	185	23519	6243	316	37073	9793	1219	1302	298100	64364	7994	17852	12175	8890	528	30616	122654	13878	36552	145123	14456	2044	86989	330017	54465	3988	1368	68763	5027	2481	894	45640	839	17623	656	10748
Cdkn2a	Cdkn2a	42	28	61	3696	9	456	302	846	29	117	4761	352	2679	1030	3194	19	1541	1430	6535	88	8654	1374	61	1964	9653	6101	4566	8232	5734	7571	500	992	130401	2024	12624	95705	4715	1049	12859	265530	45486	320	397	3483	589	130	384	10612	698	3410	742	6988
Cdkn2b	Cdkn2b	50	19	33	32	62	5552	107	43	213	3526	39597	1753	6	5	1228	7	30	8	10867	1056	2846	2714	1234	108	39333	47394	1626	16377	532	5904	555	3612	33380	11854	14460	132174	7550	1759	53323	337994	44841	19455	761	7636	3548	963	954	8001	136	731	432	7546
Cfh	Cfh	214	383	735	792	2622	12046	548	565	51	3826	7389	102	1947	178	2094	4787	5264	20108	12902	295	19424	2907	3474	613	120364	109563	6056	22828	8484	4114	2658	29050	87247	67909	42312	255575	8435	2304	94827	262102	20349	17055	1126	45875	6178	4013	1436	50644	341	19591	900	17199
Col11a1	Col11a1	107	281	74	564	1758	12330	133	351	1191	3925	26767	360	12939	44871	306	8782	1184	5883	9758	170	6159	365	1615	1848	93396	66931	3191	15159	4481	17320	826	9554	42479	16130	52235	113958	16111	3766	29826	858721	90117	39002	31110	11024	4229	2017	5663	43829	2346	4636	370	4938
Col1a2	Col1a2	138	25	34	9	60	6234	70	56	154	282	41426	4095	5141	17559	138	32	2645	4404	13151	105	1186	182	798	170	24434	93383	6880	19662	3461	23019	228	4268	138594	12198	32872	75256	6213	1856	94242	200281	82054	16284	1469	75798	2373	1895	1211	36258	849	4123	520	1237
Col22a1	Col22a1	211	76	184	376	49	1152	159	265	173	928	37222	1134	12569	52694	8926	4797	3135	6823	14387	524	18337	285	1154	152	17584	93644	12134	14037	4816	10374	5817	57123	56333	126183	63394	67906	13065	2420	152047	124988	126977	25760	2327	67263	11714	1522	1959	47264	3549	35778	1128	7224
Col4a4	Col4a4	194	59	602	216	7991	16961	80	323	2500	8868	20577	6136	10772	21822	183	144	296	11736	26509	355	3211	1728	124	164	172248	64895	4952	12577	2038	19453	819	2809	105334	67137	68176	69586	20270	3869	210761	531575	35857	65871	2323	41162	6845	3366	1302	37883	2296	6940	519	9650
Col6a3	Col6a3	312	305	783	743	79353	10277	2370	6841	187	5588	8204	2241	498	1148	3407	5354	339	14541	6966	428	83264	4257	1262	490	243606	94540	8813	21595	10518	7324	3584	35777	146663	4511	66890	246931	21629	3076	83389	562913	159642	4774	1899	40277	10391	2417	5694	57016	2755	15000	882	10443
Col6a5	Col6a5	219	12	300	343	105	9879	324	492	468	125	58804	7675	93	47	186	7731	21497	14952	25199	739	30344	18255	1869	204	131854	21039	2774	7661	28151	13852	716	9746	42424	50880	65814	127025	12972	3378	119878	658348	70963	12003	1936	142388	6982	1300	2039	8675	6867	3877	437	11355
Col6a6	Col6a6	497	252	759	446	32492	6924	245	384	5828	7290	8506	12515	6474	1374	128	2129	132	22066	11967	190	1460	1220	746	611	130042	120339	4479	13390	13845	14772	1036	5243	44104	37784	66611	132204	8378	2887	155266	364510	63813	1641	1715	34467	6156	2471	953	26132	1740	8010	743	8719
Crebbp	Crebbp	44	5	416	850	36	2741	5	1	23	288	10	199	277	845	47	18	7937	166	2250	28	17238	448	2761	69	28177	47990	1587	4410	1096	5857	1955	6895	11008	2417	81125	10246	1757	1001	44723	141055	23347	1044	1495	164860	5538	230	337	13284	1050	2926	399	2037
Csmd1	Csmd1	189	628	559	827	7307	9044	447	1306	312	178	57223	4263	4546	31067	231	2954	1064	12519	7658	711	14638	6481	3355	397	103778	184615	5599	17338	4544	4523	249	974	134740	19767	80613	147231	7412	2323	48573	233578	177722	30146	2281	116300	8035	2527	1241	66710	1019	17479	558	10606
Csmd2	Csmd2	631	686	795	157	227	36620	329	1217	4958	17300	40618	9179	6907	105	10739	10858	1286	78981	6505	155	34297	181	15690	1342	148346	101686	6155	57443	5298	10300	566	24594	148012	68096	98421	285931	15278	2593	177447	200838	170316	18438	2511	14250	6752	3646	2381	41678	2788	16319	454	3427
Csmd3	Csmd3	153	133	1660	50	3392	7786	98	195	743	4694	33038	3684	4123	10629	1668	8261	1232	18995	13786	249	69258	3556	2289	2315	79467	76782	1938	9411	4689	8149	1025	18360	82352	41991	47194	238550	8024	3711	23227	819070	222697	20617	43043	22286	8382	5868	1735	37899	690	10405	908	6355
Cttn	Cttn	1690	660	88	18	6080	3411	117	362	2627	3553	52940	1018	3236	23	2948	1084	12159	7227	5356	483	4417	24	2128	491	61698	46095	6648	5822	3989	10958	2161	25141	46089	84383	42970	200230	5097	3563	79155	717784	129389	67264	2345	154882	22971	2061	1536	19889	309	6701	310	1798
Cubn	Cubn	155	244	105	27	2327	11555	27	9	839	2408	1424	4189	3236	14	64	353	59	7294	15998	58	11036	1103	11352	118	349037	123154	10979	37765	2809	31303	822	41326	89339	13202	61293	156198	9748	3730	10056	749646	22065	87395	32039	83563	14880	8734	727	22261	872	2543	483	9708
D630045J12Rik	D630045J12Rik	640	1324	1273	2012	24960	60444	144	1441	769	5180	9009	6000	26885	3098	1731	19160	2450	9411	18069	92	50624	1856	1651	682	312127	74899	7474	18574	4019	9216	3855	10881	76136	30354	30048	170062	43259	7934	180160	1839003	28885	32647	29168	19883	16149	4079	2032	55718	3380	6106	1457	18241
Dgkb	Dgkb	59	48	351	39	2427	22520	368	1395	1936	3982	32029	4073	1888	1808	535	3197	4265	6694	3676	224	50196	82	3735	141	78660	66462	4156	16196	2703	10025	601	8632	93395	10360	67902	202513	11273	3008	266271	349464	117841	8965	2729	68357	15443	2447	1222	58008	731	19758	1144	32347
Dmd	Dmd	260	256	754	117	2967	6178	131	48	811	1777	30335	4330	4284	14630	186	3910	5177	14842	16757	1128	20664	3946	6056	259	21128	98980	3400	9257	14761	11211	1674	3367	313896	40424	57946	152462	20253	3573	83907	627485	64376	25757	1402	10575	9918	6747	6186	49024	2899	18318	1398	25135
Dnah10	Dnah10	295	24	15	5	45	2293	332	436	169	77	45147	1060	1037	29	128	2976	2004	24454	9399	14	46	51	386	84	46960	29187	1219	22095	2139	18162	1333	12540	54135	39920	90868	128279	7136	1978	42173	359231	32714	798	1143	10389	3452	1185	1166	34537	758	13053	685	15331
Dnah11	Dnah11	238	130	1669	327	22081	3082	111	61	263	1109	72186	1095	4863	32	12809	3119	162	8011	9629	485	6881	5474	252	48	96039	81212	10515	19115	13101	97100	826	9202	305879	67093	35947	96797	12083	3848	46936	617049	127627	57987	5303	88217	9957	4600	1630	21668	335	4679	607	10390
Dnah17	Dnah17	278	294	406	329	113	3929	618	207	435	1225	116843	831	6185	1730	1120	6982	214	15725	7975	315	40608	4255	2722	540	43005	66413	10910	8012	2398	13487	592	30108	138856	20249	99900	284177	9131	2701	129791	439413	139941	12476	8588	55720	8355	2227	2106	37529	2724	7684	949	27092
Dnah3	Dnah3	310	242	1338	108	37898	35278	164	549	1525	7478	41145	1605	5823	205	605	13439	4056	9584	17115	626	131639	2584	2392	306	60209	68233	3626	12082	3508	19024	4841	1562	83971	48058	38576	191058	12422	2232	183536	235332	237494	23492	2543	10968	15517	2412	2358	45916	2903	7516	827	12577
Dnah5	Dnah5	151	65	338	105	39088	13586	345	174	2351	4134	173139	22447	5390	8307	9902	3960	350	21678	13561	772	29716	7135	9459	1516	263753	61128	14259	39015	1504	16569	1328	7233	96199	25922	78013	147278	28883	2265	197798	207467	163885	5404	36047	9075	7879	2535	2540	35287	690	18725	766	14055
Dnah6	Dnah6	330	840	938	1670	3980	880	254	699	3010	4883	39848	8448	6131	7668	775	1105	135	19244	16288	214	5430	2937	3501	1423	73023	76854	2707	12080	3923	4728	2324	11127	51781	51867	54944	65837	10687	3948	62206	807064	163178	4940	68490	12461	6129	1743	2024	26377	2711	7973	384	6575
Dnah7a	Dnah7a	286	351	172	36	148	19258	159	91	916	1202	86971	3575	4147	251	116	380	31973	3268	854	289	47	6	259	356	50631	24200	1055	6472	4555	4840	334	4523	16072	5664	84237	60109	7070	1849	93283	251174	140032	98369	2433	50701	1783	6317	1454	29637	426	8892	302	13336
Dnah8	Dnah8	67	69	378	167	14	240	46	147	124	753	11186	2882	3699	641	179	7678	1921	15808	6059	611	74224	308	507	629	72571	11076	1218	7290	3360	8058	300	500	34934	718	20452	7375	1079	615	31877	84091	5534	256	332	848	9631	4908	1040	11007	500	8457	459	1011
Dnah9	Dnah9	204	6	35	50	61	6144	125	1253	91	147	24721	2221	3085	1086	117	12923	102	11830	6185	192	3875	5875	4400	1148	27854	64223	7373	25528	4853	7947	1942	4000	198590	22768	66919	220944	20169	4589	259062	709977	167261	98521	3586	54884	26932	3167	2962	35063	896	16463	1176	17545
Dscam	Dscam	381	1167	1592	7117	8792	2791	801	2182	757	2001	53534	12592	6031	77	21968	6151	11533	10234	17210	557	31361	303	4676	792	108863	56895	4173	19451	3889	10564	565	8696	77189	8973	51609	229096	3511	2164	82466	402792	31005	6785	4281	75244	8004	1330	2078	57965	221	9684	336	12448
Dst	Dst	45	13	44	12	25	5540	39	11	3124	4366	606	3165	724	11	1113	1189	22	6666	2727	178	1869	1920	1220	43	19003	35306	848	2596	19299	5282	2037	7691	17760	20741	103922	30021	8263	2564	59250	510284	20547	12029	1211	4510	11724	1468	827	27122	1189	3774	534	8554
Ep300	Ep300	22	8	108	14	6956	22	35	17	487	932	15180	102	1466	1543	128	766	3891	1458	1935	173	4654	23	319	611	66686	20184	3439	5369	1406	4224	669	42099	13516	17618	24510	136211	3519	980	8839	205732	66552	642	676	27037	3352	2926	803	20905	525	2087	370	1884
Epha5	Epha5	153	346	703	382	1537	11651	176	42	3221	10879	29330	2966	10797	56	12622	9709	591	25166	7151	688	50061	4472	4132	361	55917	85736	5629	48240	9766	18496	1428	8693	122429	42358	111582	207166	29752	5784	30229	1443986	83047	20628	1432	27616	9748	4988	2552	95495	5570	11316	844	47663
Epha7	Epha7	66	13	241	22	43	2407	101	64	21214	27914	19646	2870	1170	27	128	4253	6249	15790	15960	506	27059	216	1550	109	49036	77989	7107	10064	4751	10998	433	2365	46944	2837	46088	516577	9235	1396	1115	220503	60711	2221	3839	7047	7391	227	688	37713	183	10247	344	4097
Erbb4	Erbb4	298	81	366	118	18375	6277	36	8	720	5399	4838	55	315	30	145	3099	174	28835	24007	272	19603	13180	1105	189	222171	91860	7086	16784	7291	5743	1729	15187	9396	11676	52220	218480	13996	3086	100938	592691	236424	13816	2303	11900	5766	3291	2688	21596	487	3781	744	13004
Erich3	Erich3	122	615	328	1030	8132	20158	962	1607	291	2391	56071	8085	5553	2068	17374	2575	142	15948	882	111	11143	218	172	1955	155096	50323	2349	8046	1156	4644	690	698	57850	55998	25922	119097	15340	2103	92994	326471	66246	15736	1118	5160	1497	2587	1964	31431	3004	8329	473	5979
Fadd	Fadd	34	6	42	20	12	4312	10	3	13	576	1915	1462	268	913	13	143	1311	1015	5758	143	4090	3848	40	219	38062	18402	1504	4371	580	2004	1019	347	22861	457	8851	35391	9097	316	459	24129	44216	12772	62774	36999	6678	966	857	19603	433	3802	207	16437
Fam135b	Fam135b	949	2001	361	88	8771	4806	559	3567	212	2727	37064	1064	4551	19900	243	8033	2864	10764	19587	1630	66524	8602	9405	912	115028	148440	5427	25559	2758	10146	1341	23034	102049	38199	87566	326304	10554	3637	60292	648672	329157	23972	7557	167357	6853	4365	2940	68431	2015	15957	698	3503
Fat1	Fat1	9982	18431	26760	23555	2678287	66651	5916	28990	25664	58265	1118378	11695	218486	162370	15218	78627	29409	488532	122931	4548	565103	8316	55623	4286	1188711	500144	56621	482460	101193	350850	4836	32429	2476407	447825	702473	419521	77533	30315	1842455	4062922	374554	172524	18814	53470	69097	44906	32690	552514	19152	116874	5267	20225
Fat2	Fat2	910	79	354	108	29866	35444	829	1506	3639	9605	104846	14343	19383	5904	3232	12078	2955	22899	10868	537	21511	1946	4554	753	59889	150260	3686	15684	15807	14244	686	11728	131390	51408	76678	128218	33160	4725	53228	878013	158536	14578	3083	366698	12140	1052	1937	49785	374	10494	1035	25964
Fat3	Fat3	54	208	369	369	4406	555	75	214	169	391	33238	6653	317	21	78	1095	6365	6246	757	266	23910	3083	220	61	40073	41320	4167	7657	8064	10735	1449	5439	129367	43886	8795	204641	3440	1263	28717	148951	68547	31404	957	48150	9858	1518	1831	22041	224	5853	486	5785
Fat4	Fat4	144	17	2133	2526	193	2768	266	116	531	5818	137604	4895	3443	32	174	2045	248	27985	21643	619	24919	18540	5606	549	39530	53304	2138	9894	4804	13575	757	41475	148538	31011	41305	124448	11659	2857	336687	245418	244122	18262	6125	291480	16054	2692	964	59527	723	14417	826	17411
Fbxw7	Fbxw7	156	24	5586	2550	7989	12603	12	7	231	82	6708	21	8	7	42	4566	26	1548	22	126	10677	344	2120	50	38035	27157	1259	4947	176	1138	30	550	36880	42004	20104	23739	9638	842	4586	143633	7474	17058	2873	1915	2373	152	2269	10484	49	1161	328	1011
Fgf15	Fgf15	308	217	186	135	1378	422	279	2433	2472	4016	37704	184	5027	58	246	81	214	52279	6790	997	7127	27	113	210	64995	40672	3888	31959	10896	8545	815	1139	83722	22168	21461	12591	7803	707	11566	62283	55560	23611	640	3216	4458	1513	379	20054	384	4421	771	6719
Fgf3	Fgf3	310	383	916	674	46841	8095	302	38	994	3531	50866	889	7390	49	170	4301	1012	26894	30732	85	23367	5667	2518	186	80333	54921	3888	9903	13127	10112	543	21700	229320	32405	80563	446615	29566	2400	185602	250858	63172	26521	30058	8524	7416	10188	1074	31613	287	9520	803	9922
Fgf4	Fgf4	254	193	387	342	90	17013	383	3467	520	5817	35220	1891	1888	1243	1200	1176	355	26665	20718	151	5852	8212	173	763	21586	52936	3468	3152	3271	9420	314	29871	76908	12655	36336	70085	4286	1648	154964	192572	16222	2996	60250	4287	7935	1193	1813	17724	478	4446	454	19865
Flg	Flg	215	270	400	107	78574	10195	44	81	1074	9946	14078	741	6528	50	165	8174	743	26423	7701	58	14702	332	4809	505	24026	26211	6529	10840	2356	1848	584	1031	95152	3589	68900	322281	8567	3749	303550	594013	42712	25480	2613	7919	5988	9877	1104	41469	552	6189	556	16360
Fmn2	Fmn2	240	206	3249	739	3936	6031	129	434	285	4825	35571	183	6908	37	328	3083	11200	10273	15121	480	23568	505	3355	180	39215	60484	3365	17726	4283	5830	2160	11674	122840	57890	62309	96785	10505	2794	35839	533911	33572	32613	1001	6025	7652	1369	1900	30446	1682	6995	485	4682
Herc2	Herc2	188	25	502	48	32525	138	313	161	203	475	21766	5452	6131	652	17479	4105	3372	16454	30646	220	74494	1206	4418	736	54186	152083	4038	26873	2552	23123	776	50218	61358	15083	63938	63739	13894	2575	78833	346314	69638	1880	18136	76175	8993	2382	672	38229	5209	9895	778	15036
Hmcn1	Hmcn1	223	55	55	59	120	3642	222	42	119	141	26515	6201	11144	7592	162	14004	150	7414	13077	512	7346	9229	17287	1114	53147	43320	4459	12109	507	2170	932	2652	87533	10990	42823	114531	5909	3339	169209	669904	83238	882	1696	40530	7814	1700	1447	39683	255	5909	551	9800
Hras	Hras	280	806	564	323	95	64	341	4797	2256	2551	66255	3173	10816	37491	1819	3806	8181	3777	13538	2074	16997	2274	5509	222	273245	46084	6717	16161	2770	3986	1130	1379	216027	32339	15631	64617	11911	1519	109032	182232	199794	19119	1868	8090	2270	2181	1396	24842	294	4813	310	358
Huwe1	Huwe1	9	4	73	1	1	29	3	7	12	405	1130	1571	1647	3187	122	1071	90	24561	1523	35	6127	15	22	101	32045	8507	645	17632	303	2387	334	3206	26446	279	4908	16669	3697	1283	87277	235479	38115	6484	765	5723	772	651	198	9735	413	846	97	1214
Kdr	Kdr	64	5	75	59	39	1486	84	30	2134	3166	35468	1755	4790	20	91	6073	78	8625	11547	112	14370	10168	2242	63	49088	38201	3740	15299	1408	12103	1071	38529	64000	2535	55655	18215	31289	2135	167654	182754	424685	78111	3807	39709	10525	1968	1126	28509	400	4392	357	7528
Kmt2c	Kmt2c	820	4558	524	288	96537	3467	1553	3442	283	87	68947	5878	12385	47924	295	1979	878	187	7902	364	15599	3584	723	751	76976	72578	20252	10772	2113	3968	1814	52548	121267	2055	64423	26178	3875	2261	9929	505683	237179	17346	5364	11419	7920	2057	2088	20056	419	7828	507	5587
Kmt2d	Kmt2d	658	12	238	34	1631	2997	59	193	4038	16176	11192	8240	5894	1193	147	4969	987	14202	9652	113	42454	1375	1632	589	215779	39641	3224	13298	2382	2985	509	4475	109601	19265	54023	126612	26779	4815	32181	1191073	38599	19407	825	9613	14726	1298	1849	39322	384	14238	492	9474
Lama2	Lama2	314	4	524	230	78	4916	35	198	1631	2030	19596	495	3171	45	182	3259	5121	24642	1349	310	64893	708	6152	1350	53670	55193	4431	7621	3517	13157	1830	23372	108328	1890	56115	49314	9026	3228	318091	356627	25461	29105	2503	4653	4044	6935	712	23316	1616	7984	494	27034
Lama5	Lama5	313	384	535	5733	63	5547	425	1251	2706	13778	38802	752	20205	65	2755	4431	229	18260	11675	426	78040	15378	518	217	149577	55328	11310	23155	1176	12749	4078	7123	259194	7308	59082	75957	18523	3439	120764	534234	85336	136822	6664	50628	8370	4055	2329	37102	8025	10293	784	18744
Lrp1	Lrp1	463	36	488	200	32219	6880	102	487	1297	4419	58806	587	2180	30	7720	2633	1229	13279	11163	321	67414	4772	5153	166	163617	128707	7182	33914	2716	7645	3599	3828	188516	39539	35979	55323	22735	4133	163302	628063	44180	67424	1824	14017	7537	2224	3261	37895	1894	4080	648	15704
Lrp1b	Lrp1b	76	345	56	390	1358	3803	185	2610	129	803	23460	7935	1501	410	78	5659	309	10501	5473	408	8805	1264	3736	189	182641	42395	2669	9275	4402	10634	591	1218	59928	26907	38782	175230	7496	2126	97658	343602	54286	913	1049	5021	32280	6788	745	48361	1149	18708	774	22228
Lrp2	Lrp2	918	230	144	153	11427	7995	74	79	1146	1071	13425	1769	5787	6058	330	7307	3157	23213	43916	308	14401	491	845	481	162658	105333	5055	51589	10064	20332	1654	15384	73182	49453	46024	87069	23945	1754	45428	172838	181438	13914	1613	8337	4403	2794	2642	48586	831	6121	672	25128
Macf1	Macf1	442	328	301	460	7131	12061	229	1193	3831	1551	63589	4263	10455	9043	5815	5379	3934	5827	4890	346	14449	409	3593	286	142142	43669	8674	8084	2693	6365	287	29490	80019	9119	29729	105120	10358	3297	186369	572260	48832	47828	1852	7462	5952	2765	848	32715	3981	17518	542	4437
Magi2	Magi2	310	220	966	823	51040	7276	991	3418	1849	2592	128518	8391	9094	1530	2937	2215	1306	19215	14122	659	15445	12684	5126	465	21349	53699	2368	34802	5528	12677	816	13295	102031	59780	38750	267939	21338	2118	67988	369293	16309	842	3525	4647	12133	1556	361	36187	247	5409	676	8261
Mdn1	Mdn1	2	0	26	1	1	1	3	3	23	366	1181	340	114	1	8	1	7	879	581	5	5412	8	20	49	44972	8103	3388	1600	502	2422	18	161	9515	595	16856	29752	437	233	1451	39473	5987	108	165	675	930	1448	336	6083	29	500	30	79
Mgam	Mgam	244	93	604	88	3334	48372	175	142	1412	3425	69103	9537	8991	26751	396	5454	17429	23131	29199	676	79842	388	5185	453	39339	72187	1452	26988	1670	11387	225	3808	51149	43985	83885	120022	6188	2065	119270	174418	41970	47346	1852	60181	2450	6621	1720	36292	1130	4400	685	5543
Mroh2b	Mroh2b	134	76	444	29	41	5711	76	58	3094	3942	25406	4925	9680	21549	2676	1088	395	40536	14055	707	85636	1199	973	1047	220348	91834	2208	25469	6342	14971	311	2314	75893	55458	59874	143518	25400	2786	74130	454864	59338	27425	6391	19686	7396	1483	3629	22910	625	6149	606	16962
Muc16	Muc16	359	20	104	43	3168	9201	276	3149	721	7422	18254	11272	1343	3954	196	21638	137	19125	6662	748	10462	820	4387	144	90640	113302	3659	12270	1879	4201	257	6413	53657	36234	73336	22247	17009	4341	71040	863108	67993	9623	1350	9455	5360	3815	2019	30294	4259	22667	604	10449
Muc2	Muc2	243	109	1272	974	94481	1363	70	359	1217	1512	37379	384	1964	25	158	2581	4192	12552	16760	159	57827	110	1415	134	49766	64107	6883	12459	2659	4325	353	11659	119307	4988	26727	47152	5438	2282	93853	418281	67406	4488	1159	28880	7789	1235	1447	34316	1437	14588	512	11593
Muc3	Muc3	403	129	2754	2346	1210	2867	193	648	2362	14303	21710	19248	9327	385	6811	2816	15188	9842	21781	141	42932	28279	5478	713	82826	116272	8335	19496	12412	16950	1412	6600	221928	10859	86457	257785	25508	3441	308155	277096	183466	80957	3868	32359	5501	4494	3882	81731	1368	15505	856	16522
Muc4	Muc4	60	256	127	326	60	10405	693	5521	12837	15610	14541	4408	3592	31603	508	6817	1456	13955	1720	442	3741	5897	302	83	5186	41794	2826	15083	9277	20567	692	9505	75358	34977	85146	79306	18730	2620	32706	525054	50792	2933	990	5690	3822	1923	364	36944	400	15740	781	4295
Muc5b	Muc5b	280	589	4733	2955	68320	4702	839	1836	11521	19654	62398	2504	7609	1324	2207	6844	2356	7407	9057	608	6464	5652	1889	573	210492	43409	4197	14669	3818	16752	569	2345	11464	66244	70387	118036	16669	3477	329634	428848	12699	838	2147	10773	1204	790	1466	22627	727	7468	499	3727
Myh1	Myh1	310	508	2409	1110	79762	2839	216	494	662	3383	131689	7734	18408	7694	15789	5161	11997	19238	8880	731	33116	710	4646	359	235569	104979	5937	18231	9983	15790	907	29204	28187	28532	65093	263139	20963	2987	108925	455397	61744	14067	1411	7178	8145	2388	1856	48330	2850	7477	1056	12579
Myh2	Myh2	457	50	568	23	67	461	138	1291	193	42	27932	2454	4271	13293	2478	2236	344	43709	5039	334	112293	2630	8132	272	80244	72713	2333	33711	4511	6566	186	5007	106446	6702	36931	100708	7668	1586	54466	155200	86998	65180	1567	73165	3867	10885	1098	41922	185	7110	524	3802
Myh8	Myh8	63	33	232	45	59	11224	54	51	82	43	15004	7186	11017	22303	192	6544	281	13420	8521	85	3535	4152	1787	1977	26756	64785	3483	10131	4693	8326	372	5910	27985	10616	10849	49830	25203	2186	189657	232049	288193	13409	2602	10811	6513	787	1500	22615	1968	8637	426	7975
Nav3	Nav3	682	528	1409	20230	273784	34864	762	2593	5339	13549	65573	4089	7299	11578	967	2796	364	891	21427	943	14032	169	771	843	230351	51090	6526	17289	949	3493	3540	47767	76049	37582	49740	161106	15537	3077	297356	359985	205989	20177	3122	10592	6014	835	1069	41564	2187	7427	591	2391
Neb	Neb	251	59	321	109	65259	13837	683	1005	1354	10592	24240	102	6739	26	64	6371	151	3880	7866	64	3288	1348	5048	966	107963	68404	2467	10359	2622	35077	1489	8117	54435	11718	59162	251274	8404	2199	11035	358319	113867	54840	5691	47152	5726	3410	1507	44241	1013	11618	817	46127
Notch1	Notch1	8814	12631	21875	17311	308726	246020	5203	20657	10655	43509	307301	132855	109293	89944	34017	50556	97355	414267	78606	5677	701630	7859	82292	4510	1724237	645030	97344	176877	172852	176678	40222	103285	881389	459424	333489	505583	95349	33719	941472	5881428	677527	528007	82531	123952	84746	27999	20765	369892	27954	129270	9726	222525
Notch2	Notch2	1365	1217	990	43	6016	12633	424	1254	3092	1907	31382	7404	16801	31818	21891	12297	613	29172	17969	1610	185331	881	6376	607	175538	114800	18130	27410	38499	43602	7232	19018	277898	72310	114669	231787	13454	7993	131228	1844072	84869	19285	2166	45798	7555	1907	2442	59686	2536	16136	1384	22439
Nsd1	Nsd1	22	16	21	7	24	4310	285	11	571	5375	4744	1750	2181	4481	1165	15	1054	2091	1095	305	594	21	347	23	36610	27947	580	6427	762	5035	99	334	1296	6042	14090	119427	1717	691	62562	73327	11546	1284	498	1616	3175	181	57	4156	1345	2045	65	221
Obscn	Obscn	2842	1345	1335	575	128194	10133	541	433	4230	10550	43424	8781	4058	36	275	352	203	21559	14862	145	16133	13871	9197	648	51368	133841	8125	19643	5742	23862	3654	2305	174671	31790	62973	36721	32581	4987	414808	576724	40502	7417	61133	7693	6379	12866	4856	46095	260	6746	952	12684
Oraov1	Oraov1	34	0	68	3	0	481	7	0	14	246	7	185	21	7	31	11	42	9091	5630	19	9700	82	52	75	13367	14801	5669	48931	543	2622	396	2711	547	507	27537	62597	5785	747	122197	36968	17161	4968	1068	19649	146	48	1234	6601	113	366	203	1374
P3h2	P3h2	122	101	214	5	30	1295	265	2520	56	792	5431	2633	2314	4873	149	48	121	23549	22607	888	18596	117	2704	239	59165	73192	5906	19420	1477	7076	400	896	112873	1896	57170	49299	12698	2017	139687	269894	267364	1596	2463	9713	7375	441	2896	20291	823	12134	521	11481
Pak7	Pak7	56	133	474	22	38	6672	96	180	136	194	23536	354	22146	1016	185	7093	840	8097	693	723	42572	143	1317	101	44947	24010	3389	5318	10724	9315	300	5367	68976	40920	51716	131308	4366	1852	94254	279356	44434	26993	1275	35407	5600	2413	1717	39974	587	5703	1161	7559
Pappa2	Pappa2	402	496	802	711	5851	12862	165	792	3248	3625	58971	4930	8362	25396	829	9231	3805	155987	10211	191	21359	1186	539	579	83857	103303	7927	44595	5762	11318	534	12157	136947	18261	95405	475778	22016	4179	83855	865968	41690	4829	1414	10461	7561	2057	975	40812	996	7779	662	8499
Pcdh11x	Pcdh11x	94	43	459	76	5938	21455	2216	6422	193	3789	19887	11485	4810	34	453	6172	1083	11924	9621	244	78271	8039	248	430	119683	109159	2531	13406	5598	18038	868	89841	98919	7800	72771	165009	24439	4589	377199	440810	94233	106472	6071	698884	4091	5279	1563	71541	1508	40198	973	25748
Pcdh15	Pcdh15	344	442	466	84	39328	9643	303	538	2004	3235	69479	1701	5177	35503	255	1434	233	6705	7363	409	20647	4317	278	78	145758	29077	10867	7520	5007	28697	1113	5555	57885	68227	53984	134692	33846	3193	262066	183388	146615	166686	93324	134100	8785	9445	2331	42409	1477	7784	436	4838
Pclo	Pclo	170	1710	176	299	98	5978	138	218	430	647	87775	6776	10613	6481	182	4272	3118	11325	1904	841	35926	4606	1876	367	132034	57755	2379	13872	6269	5350	886	4985	94059	31858	65446	179857	18101	4852	433451	697499	49697	7526	5519	6957	7901	2179	2518	28662	2745	4277	645	11890
Peg3	Peg3	234	141	813	162	146677	3480	124	440	64	147	11773	511	569	13	65	4598	4019	3623	29	430	24260	169	344	549	108395	42107	4771	10631	8518	7975	362	1244	65560	33038	60061	79736	4554	1699	38186	327199	37977	13582	863	11545	4638	1562	578	38615	358	8992	549	13406
Pik3ca	Pik3ca	38	33	141	38	79	16180	48	30	4355	4287	15245	779	1275	4288	64	1805	178	4645	1443	740	15758	35	2321	170	43149	18481	761	3891	16050	14840	190	1700	92429	66170	44075	306974	3273	2320	29179	414275	79449	28089	19129	187976	3048	14241	1548	33230	505	17116	296	4578
Pik3cg	Pik3cg	87	563	660	434	3896	45	37	589	1652	3810	11768	1865	730	797	207	7010	115	24438	3433	441	44480	5720	9214	616	64261	29952	18319	8253	2351	6764	1098	1628	33455	12435	216155	46076	9132	2062	108993	380628	168274	10054	3008	26934	12879	1325	2237	24159	701	6177	487	2068
Pkhd1	Pkhd1	103	10	405	47	93	1992	274	83	1069	4642	74717	11170	3254	783	3947	1483	200	29452	17258	810	77433	9627	3691	258	390365	89455	5350	37115	13143	23861	1628	16750	96909	18831	58911	184445	12499	4392	77034	946339	138432	26199	1653	12960	919	4610	3480	67746	2426	7914	1082	40434
Pkhd1l1	Pkhd1l1	121	31	386	135	123	24707	31	23	134	41	14139	3975	7049	6113	174	8679	1067	3453	3483	170	60986	18699	4470	534	42534	59406	10030	24253	1641	8157	591	60826	28388	85610	50738	220398	8694	1951	152181	180085	64503	20283	1584	12074	3377	7883	2076	46268	854	4527	617	8874
Plec	Plec	39	12	671	790	68	8309	228	14	1685	1309	22995	60	3569	1855	103	7968	1372	11385	4495	352	6690	893	3360	76	42494	18335	10174	4339	838	4403	458	455	45027	4635	37461	82583	5978	447	7706	60660	54126	535	734	35869	3170	1315	738	26156	705	8606	409	3041
Ppfia1	Ppfia1	29	28	96	10	26	27	371	340	233	2230	21146	1052	6951	24503	215	1600	905	12481	2459	78	16123	92	769	515	38829	28289	723	3418	1597	3428	680	18877	12897	3810	20940	14935	2034	1010	62060	143195	64214	7209	1708	223715	4808	2966	266	17752	1989	3886	283	3958
Prex2	Prex2	296	764	377	282	10957	10755	128	1555	1384	4330	23013	11797	5662	29720	607	407	496	13918	30632	722	4322	8739	1390	1002	48873	77934	4827	7799	21373	5591	1838	18035	200932	55658	46213	193448	5180	2354	186080	209179	91059	58901	5173	7482	7062	2842	2058	25674	1203	11501	792	12562
Prkdc	Prkdc	41	196	764	441	2637	18270	36	26	4769	9023	13673	4554	4578	717	59	4453	135	1642	892	361	14318	110	260	349	66729	45392	4024	25531	2732	7112	495	896	88004	17039	52623	106439	8971	1406	90361	177312	2883	8818	922	2558	4118	4928	3139	46006	242	7160	1001	8966
Ptprd	Ptprd	275	203	1577	1109	19328	9402	236	961	290	520	50632	7099	20422	84960	9679	8423	83357	4439	14256	1149	54357	1002	2866	276	46438	120919	3782	9063	7074	17636	843	2384	154954	44842	42615	44353	14828	4695	275429	733120	127482	12299	2610	22659	8244	852	1424	25777	1896	8466	786	13685
Reln	Reln	281	69	681	445	44971	6730	72	386	1655	2033	35357	3130	5274	14530	3896	9730	299	17418	16473	483	33347	753	535	208	153673	50246	2664	19487	3384	7015	1225	49370	204649	12290	90074	120854	21521	2784	59926	571358	23740	20536	1168	5937	6532	2788	1443	20647	400	7728	419	13112
Ros1	Ros1	255	255	728	128	60627	14028	237	139	4217	12512	40313	107	8678	22738	293	2262	2862	19151	20665	192	57714	1095	653	635	83315	95778	2589	24816	3697	8871	258	10558	181018	2627	63040	62883	8816	3003	262329	384011	19318	806	1905	3644	13416	2720	1782	34769	252	5754	927	9665
Rp1	Rp1	388	181	1035	242	88470	8393	789	2922	4464	9921	26191	4872	3519	53	235	29484	4555	26641	7801	352	10249	144	6625	2239	84158	158369	10929	43566	6688	11273	321	37105	122211	31330	106488	249218	15480	4098	114275	684874	216752	15790	2525	13296	9342	7686	1999	46526	558	10769	364	8530
Runx1t1	Runx1t1	724	156	33	35	102	3580	259	1374	273	4033	64959	7926	9324	37	178	4891	250	28751	13384	68	2580	2819	5232	812	55190	73171	4755	14759	2832	12329	651	2207	135324	24040	71985	124540	12974	5941	159445	1311184	381235	29874	3639	86049	9739	3298	622	35716	507	9550	513	7516
Ryr1	Ryr1	679	625	80	46	43	1516	188	596	385	1122	30344	6034	9543	34	101	1047	96	8985	35978	1050	16284	3286	2151	374	84297	61026	2262	12726	2784	15708	3241	2845	144625	14278	39225	45465	6909	4970	142618	1047642	141893	36620	2267	70539	4173	1611	1755	38014	263	7339	477	14647
Ryr2	Ryr2	423	231	3554	45931	204207	21522	947	847	269	10124	54241	12623	7344	914	357	1784	2551	5934	7052	155	22968	12443	1763	155	176549	82502	5947	12655	2834	14665	442	1750	180823	31298	40598	125070	6024	2199	126845	286447	209925	5085	2184	12733	12877	1915	7379	62410	4448	11019	847	5219
Ryr3	Ryr3	281	90	722	108	80834	9591	126	77	290	84	63799	10259	12768	7245	187	2170	266	15176	25613	554	43949	1677	5134	1373	74464	24345	8369	12482	1373	16298	1757	46189	17664	19666	62872	95435	20506	3117	74403	634059	175399	44584	2159	43338	6317	6504	3312	36193	1960	11938	806	9439
Scn9a	Scn9a	23	24	431	70	60	69	91	60	594	3896	41495	11003	8137	18722	4990	3370	1278	22810	3342	623	63341	12162	4379	1975	117471	71773	7001	24787	6039	50471	779	30915	49440	8915	73490	136920	3467	2212	8697	387968	76801	14564	1075	6538	6889	4873	996	49417	1319	25432	1088	33297
Shank2	Shank2	414	575	1712	1067	202990	12287	61	187	129	528	31501	2465	5122	4660	171	2640	7825	14429	10421	190	26590	7736	2824	852	193343	65406	2406	30169	582	4022	559	1025	89923	109038	46771	312260	25798	1841	4540	250417	8252	21413	716	69062	10336	2086	1196	46108	1087	3758	647	15912
Sis	Sis	2129	1043	176	185	4901	3122	143	926	333	358	79860	3896	3080	6570	5687	5892	8509	9136	14745	584	18925	186	249	71	57839	44290	3833	19383	3096	6512	1503	8488	86587	40949	42922	141701	28812	2796	262697	317667	59011	6370	3508	398180	2702	3040	586	24232	1065	9579	1470	24930
Slit2	Slit2	55	35	209	24	20235	30	69	58	136	76	32987	1213	2557	2009	2986	2755	134	2682	4802	612	5996	84	4897	35	397727	121062	3493	41440	1476	11708	790	6528	74143	8820	66751	63290	9580	1599	33835	179993	282959	25551	2379	52439	7785	3138	1898	21416	1733	3950	656	2871
Sox2	Sox2	175	84	453	326	3430	34067	77	117	1932	407	15094	1333	4097	12028	187	1606	101	21538	1986	53	19002	514	91	614	82842	32224	3114	35939	1868	4469	1605	4913	343418	26767	49617	67350	16090	2466	324949	196642	247075	11501	3282	10166	8709	671	708	45007	736	2987	769	20722
Spag17	Spag17	75	12	1262	500	100	6137	192	1098	230	78	66303	634	2726	25	1687	201	102	7569	13279	25	3970	214	2701	148	103861	32286	6007	15047	12555	10076	403	14414	102845	20093	121993	60762	12730	2339	277679	229538	37795	588	5560	7418	9796	1688	694	21733	2185	9089	1372	3942
Sphkap	Sphkap	113	106	366	2773	6778	16727	238	563	1390	3278	64054	14379	19058	5509	3617	1187	6172	20882	6203	700	31033	834	4895	254	166476	84648	4070	22707	3641	12119	965	33956	76727	2803	76872	27690	17136	3162	110534	563760	268122	16120	3151	136844	2292	6704	2437	50533	839	8209	499	11105
Spta1	Spta1	262	366	384	706	1518	42807	172	2237	223	2998	33586	8886	5073	35581	17038	5214	502	16733	2817	1105	29653	65	133	354	135351	57769	3053	15282	5138	13761	3050	1401	139409	9048	68565	243991	19226	2250	12645	480962	111875	3562	1123	24562	6796	352	796	34898	1905	10612	681	9705
Syne1	Syne1	100	127	157	44	7948	1120	55	366	2099	2797	12986	1860	1057	655	100	1525	11963	4917	1383	97	13202	7223	550	192	52193	12394	5114	4303	4086	2990	801	80597	163755	7744	71142	75447	7608	1238	4820	280466	8155	20794	36112	57097	5775	1106	755	16436	164	9684	476	1733
Syne2	Syne2	1161	315	837	560	177590	1887	362	1043	166	1656	26042	197	10623	16495	18046	999	476	5775	12635	151	31639	3067	14665	159	141013	22323	3212	5337	1001	8481	1377	1179	149545	10561	68394	118234	3118	1652	122390	212491	131476	9694	1809	6385	4693	175	480	31787	1532	21473	570	1997
Tenm1	Tenm1	741	500	1119	829	8734	7196	223	199	3599	12456	26814	3009	11282	41846	701	10033	7474	1462	17449	127	9770	1332	1000	468	183859	29766	4893	18361	680	4004	415	1902	45151	17241	17022	83264	13964	2808	61268	614562	10689	9341	579	5620	610	2429	545	23848	417	2043	289	4839
Tet1	Tet1	341	54	237	62	24090	14894	553	527	2750	12627	29542	6234	2786	9915	166	12395	126	8595	19556	555	21544	163	10449	819	198436	51950	5638	27079	5457	35394	2367	2557	114439	51135	69359	241253	18125	3880	259329	557757	133072	8711	38788	15920	8266	1295	2514	32415	2369	5749	1046	28115
Thsd7a	Thsd7a	728	874	728	25	35	2657	39	46	3422	2718	5528	6584	8340	17942	279	3966	7560	9008	271	415	79764	1665	1049	762	37514	50550	2504	25617	7537	8054	705	1264	56582	83340	50950	67308	18015	1806	39585	284509	45635	9028	981	55237	1538	6263	603	43373	742	3249	889	67230
Tnni3k	Tnni3k	91	35	1168	43	84	8933	538	1131	291	1789	37435	11397	10249	26	1414	1090	3171	735	3139	163	133019	6546	5123	3226	48375	139455	5224	15313	1254	10437	1994	21674	68163	5396	36627	106140	6691	2225	213734	145716	59771	5160	109209	44103	8488	6648	1143	37864	1332	8089	584	1207
Tnxb	Tnxb	381	428	677	156	138360	14219	111	438	460	651	28284	7958	4489	5864	281	1600	433	6366	10049	67	34768	214	4439	177	190198	126767	3543	14045	2017	10310	356	21797	68445	73396	71549	13191	8785	4962	39453	1096874	60144	8087	1523	145838	5632	4329	959	19669	213	3703	779	4838
Tpcn2	Tpcn2	174	245	534	136	70055	3931	1143	608	4101	4942	73613	6321	11262	766	332	693	2223	12583	8732	69	42226	1214	4731	192	115342	73824	3045	38770	7405	6940	159	1531	130487	27592	66010	221040	4594	2382	7268	496299	52322	4512	845	9742	4393	3165	2820	67266	3109	13493	463	12130
Trp53	Trp53	1687	5492	7109	6055	24412	26369	985	4923	1052	4669	102279	10901	17604	29663	6291	3515	1376	23369	114020	648	266045	7783	44145	4066	165202	513332	22191	41036	25274	27356	2969	127437	514466	54195	132773	333525	74971	13499	403467	2200266	1009310	223091	149353	1140201	42346	15480	3149	119715	7010	25327	2912	14506
Trp63	Trp63	33	144	157	90	1	3	13	218	11	49	192	2255	234	661	20	0	2	835	47	1	0	1	255	27	16	294	1487	664	0	1	42	69	1893	3063	7137	4083	361	304	7038	77479	34	33	122	5896	78	11	8	176	0	0	25	74
Ttn	Ttn	160	108	726	888	32	2147	183	379	435	703	32485	352	10007	1883	96	5003	67	2220	9784	269	8768	919	112	48	50105	17972	6641	6537	4784	16509	266	1192	185534	9414	46989	183784	12265	2228	28824	436659	51034	66925	1256	23555	10770	3763	611	14952	464	2618	210	3038
Unc13c	Unc13c	1130	640	845	820	66460	1664	1181	8518	3241	5092	4745	7014	3083	27	411	33	906	16752	8972	222	58224	305	281	131	132765	101867	2171	20109	1482	14441	135	10990	69156	4320	20372	34370	13478	3383	8049	702821	218752	12206	1693	63711	20084	769	645	15015	3548	9535	312	11889
Ush2a	Ush2a	93	103	254	22	24	6	170	1274	95	1782	14833	2464	7151	1912	117	2030	136	2563	16255	516	41219	1900	2121	94	61832	54593	1744	5869	2114	20813	1832	2044	48413	2892	49929	117693	16422	2717	64584	545550	46496	5116	1440	124796	5669	727	1345	90495	142	3259	1182	8235
Vcan	Vcan	90	238	3599	861	71	8868	118	753	235	87	44803	4220	10794	1155	210	20334	911	4972	10102	134	95803	2333	989	222	47993	24235	7977	45285	4107	9619	662	63790	159351	38577	82169	67393	4470	2540	55865	461488	54873	78265	1622	8423	8455	3249	1398	29831	1197	8754	492	18321
Vps13b	Vps13b	1107	712	16	6	28	16	103	808	90	40	22333	220	3118	15	46	2335	3755	3751	7252	264	2212	329	297	621	73737	42960	2402	5196	3473	5873	478	10797	93841	40408	49322	95418	22278	2254	94089	392295	21684	881	1077	36612	3717	1502	687	22989	447	8569	395	5255
Xirp2	Xirp2	20	59	1056	8	90	4374	119	219	2325	6051	54755	1086	3262	45	20150	1593	400	21874	4278	33	22872	229	2943	98	86108	60835	5339	18568	2943	15750	1089	15756	349569	40533	73047	358504	23527	2986	130846	430951	198915	52093	2606	13248	11111	3727	1988	64088	3246	9249	499	19895
Zfhx4	Zfhx4	944	277	420	28	51	11546	23	8	684	2625	3791	2438	4020	18	141	5614	44	7127	1796	544	70417	223	514	549	115451	46696	2927	17877	1049	10000	1474	10215	78067	16051	137648	33895	10843	1247	116516	100235	34225	4200	1687	2386	3693	822	820	21675	173	3383	705	10509
Zfp469	Zfp469	89	66	51	215	4590	4241	280	18	4529	9537	5837	3843	3898	33	340	3861	101	11775	7566	534	2172	31	5778	542	86102	64451	1830	11001	5177	6463	1223	20007	43584	34673	77903	51819	23067	2133	45463	326690	187233	45051	2742	185832	6884	2079	2565	31964	402	16424	320	4653
Zfp78	Zfp78	366	902	1167	778	2591	3264	477	855	888	768	69277	496	10493	1592	83	1075	401	1161	7163	785	23839	48	3581	353	137540	139194	5148	17840	2883	3755	2092	28206	203099	7749	55881	157002	9284	3146	115350	466855	66341	36889	1865	87995	8417	1453	1947	40082	321	14377	710	13981
Zfp804b	Zfp804b	236	474	497	302	159	463	230	2063	792	4675	40324	5340	4041	19	2523	8668	7044	3109	5969	72	2764	104	637	116	57430	48135	6642	6175	763	8795	1791	2299	78331	15172	95879	85385	3537	1771	75830	294666	44025	3232	1282	3796	6379	895	1947	17866	262	2544	425	12003
Zfp831	Zfp831	909	819	551	1695	4065	454	862	3702	298	1919	39314	1868	8275	16291	837	1277	357	36900	17894	85	2364	93	1485	806	266932	60917	5860	36197	12921	22310	2308	70308	108516	69290	69574	312369	21986	5354	62967	1213003	119322	15342	6384	126090	5507	2634	2602	39300	682	14557	560	45713
Zmat3	Zmat3	122	515	347	701	3952	45696	126	191	318	2543	77191	2957	6709	44	93	1812	130	15078	3304	2049	2225	3679	633	2553	107579	52115	9045	19022	7542	6964	318	8836	150041	12179	48689	52462	10628	1947	21171	394346	153966	1207	3925	18590	3202	3372	2527	46379	1451	8347	1239	13021
