"","Fat1","Trp53","Ryr2","Lama2","Fat3","Notch1","Xirp2","ctrl","Adgrl3","Col6a3","Myh2","Vcan","Lrp1b","Kmt2c","Crebbp","Ryr1","D630045J12Rik","Myh1","Ahnak","Hmcn1","Flg","Fgf3","Lrp2","Dnah6","Huwe1","Tenm1","Prex2","Adgrb3","Pcdh11x","Fadd","Zfp831","Col4a4","Pkhd1l1","Zmat3","Dnah11","Spta1","Ptprd","Dmd","Sphkap","Fmn2","Muc16","Peg3","Col6a6","Thsd7a","Erbb4","Unc13c","Notch2","Kmt2d","Fat4","Sis","Neb","Apob","Pappa2","Cttn","Ccnd1","Fbxw7","Tnxb","Fgf15","Zfp469","Tpcn2","Ryr3","Fat2","Dgkb","Muc2","Cacna1e","Zfp804b","Dst","Adgrv1","Cdkn2a","Fam135b","Runx1t1","Erich3","Dnah7a","Csmd3","Ank2","Col22a1","Ep300","Muc3","Dnah8","Csmd2","Pik3cg","Aspm","Rp1","Mgam","Scn9a","Ros1","Epha7","Abca13","Syne2","Dnah9","Dnah17","Muc5b","Cfh","P3h2","Ahnak2","Dnah10","Hras","Cubn","Casp8","Lama5","Cdh2","Prkdc","Syne1","Tnni3k","Ano1","Shank2","Col1a2","Plec","Kdr","Epha5","Magi2","Nsd1","Ush2a","Pclo","Myh8","Lrp1","Zfhx4","Pak7","Obscn","Ttn","Nav3","Sox2","Herc2","Pik3ca","Slit2","Pcdh15","Dscam","Pkhd1","Dnah3","Vps13b","Dnah5","Col6a5","Mroh2b","Cdh10","Cdkn2b","Fgf4","Akap9","Spag17","Zfp78","Macf1","Adgrl2","Tet1","Csmd1","Aff3","Muc4","Col11a1","Reln","Ppfia1","Mdn1","Oraov1","Trp63"
"Atf3",3.17744843566352,2.56133036804471,4.43872169137197,3.65429962087022,2.91818859901207,4.39877103248737,2.57088977841892,3.79020345523989,4.19539241490789,6.48382192520575,6.18048030626158,4.15634526666795,4.51743534756577,1.56123475983062,4.09528345083364,2.23066029233884,2.62057041432351,4.8308498195899,3.80974784888817,11.5007508961347,3.70295138659458,3.63886512579759,2.75898613429101,3.80566053249903,1.12029299167946,3.13988429240126,4.20229913401606,3.67454830237323,2.16760243454458,3.90064873774009,2.65883292916824,3.85228127311919,3.27248560456175,2.43105029950233,6.14358033975648,1.99124355250334,2.52438121849495,4.1869730593274,8.41931826754926,4.16816006492476,3.47121190325771,1.6207517957634,3.00453789440068,5.19417094308662,2.41613775379102,3.79219412401819,3.901609470183,3.55904167289223,2.84815816003826,2.35238892846865,3.74735527545656,3.51531938054827,4.741806117644,2.51496556712789,2.32495542455836,2.33265856618405,1.8044709728866,2.1527532499345,3.11235071821417,1.55687332780639,3.90774993399629,3.57013059484497,2.83333963400492,5.5779822467877,4.27905326994686,3.19757357049891,2.92631423545424,4.8089772209004,1.99596748167245,5.8434453075546,3.22225336958087,1.64593864782651,2.89923190168136,4.60518246397121,2.33698224250549,2.30798180789064,2.86048303945873,3.99481907043733,4.03839814594588,5.3109899721671,2.96874450222296,7.47448829631078,13.5307665936344,3.78563446504584,2.45575192061331,4.92519489330551,5.09960237407146,4.98617575618696,5.57499768099308,3.11317705866782,3.08485338847575,2.93372508105396,4.74355085439045,4.61901127473469,2.79060436070857,4.2568952479103,3.14678821644773,3.9391491246723,4.07074201939522,8.74809376856981,3.85471635159626,3.00830391965448,3.73577353528273,2.32628203526211,5.81355109583645,5.30225525371934,1.8513150276548,1.35481549069482,1.75301498517223,4.10272331244281,4.78069873289573,4.08573111536472,6.05713922854958,4.88487321733979,4.25872984466134,2.66725099811416,2.71917444840796,2.15362849428171,3.08649822459648,4.26857781375265,6.57997286989292,3.78849553377791,3.01430099856505,3.26303291949455,3.50605743113767,5.93361657844219,2.91333057427138,2.91729897516204,3.61367451848789,1.40728599879346,12.2207053652384,3.5333092056558,5.35098889901407,3.14660127244945,2.50919591703259,3.97875057239721,3.62764968455558,4.75062305120756,4.00381833315317,3.13129066015569,6.05216221081648,2.64607031101007,3.21387951617168,1.93966366040068,2.86266039778597,2.82012818868598,2.37410787380587,5.12220474278421,4.86918169227683,6.74019948525883,0
"Btg2",2.77000055873625,1.70793421386911,2.5892032460237,1.97373708581905,1.92812979149609,2.49133148315043,1.76447378390948,2.72139802402802,2.46024809215217,3.68295889878028,2.98197518702532,2.74312834736218,1.91125575006067,1.13128562974579,1.8877129477785,1.45572393484038,1.93217651641818,3.75487555344227,2.00403957326251,5.23154344259861,2.06869919685408,3.51795558513553,1.61530792181249,2.1656088891415,0.494151132732041,1.8741293369551,2.07690431638471,2.43100840414756,1.91880401705794,1.98081846365492,1.36627665969171,1.88424718911275,1.71205665570658,2.06536653808963,2.51082470207495,1.51876718747355,2.06382664653684,1.78532908708893,3.93894730076831,2.65707519918462,2.32395643175219,1.94951503816666,1.83427936353913,3.8553274372903,2.08069208005123,1.89444842771428,3.43955691425945,2.68526075757773,1.87653260656303,1.45602579075429,3.1220938972489,2.54038609590049,1.88576676244042,1.90077563285239,1.29060227459665,1.22396118174805,2.19662587370464,1.12538621909934,2.28511608371608,1.50189307744131,2.29164784837762,2.16587655258087,1.03303499312166,2.36402008741475,2.46295856673157,2.01279493368304,1.57544689511695,3.20172860760807,1.14901074844043,3.18896082994639,2.05015648932511,1.26778204172598,1.80079363906234,3.19129717595331,2.08051343386179,1.5817401607197,2.26008450775829,2.6650821946416,1.93765958580483,2.4844499261759,1.41043612206912,4.0200337468035,7.01160670431575,2.4864632694986,1.86643823685876,3.06088010484606,2.48427054701286,2.19287148436903,2.60795232189005,2.76976468632795,1.7161159043772,1.78532814202702,3.12887133355578,3.12580777038871,2.27046295192553,2.80650593627816,1.563405092624,2.84208576911401,2.42624760504892,2.98136908461068,3.68366030112334,2.69939882201704,2.48798078913323,0.996165966799445,3.34932401649802,3.30918561757536,1.52697761558806,1.52167959362434,1.62693029183111,2.41270360105429,3.32888502784062,1.20668877413493,3.0638140301106,2.17868673034006,2.09447244040705,1.31409535775668,3.35478159518675,2.13061866612913,2.29660095025742,2.85841224872625,3.46106609427266,3.15474249040682,2.00894594577576,2.84477039505665,1.9639726676307,3.67596656112366,2.10158570312927,1.6608342048445,1.82016762112769,1.0289809304686,3.86201461379749,1.86922541999333,2.43813940097359,1.80200384560252,1.84322640562576,3.36684127382178,1.66250708440207,2.82394667591112,2.90550639459723,2.95569484726004,2.97969167259251,1.58648561965805,2.05611489324574,1.82449751727492,1.41007938739045,2.51269650262437,1.71409031556087,3.99000817611882,2.42515818812712,2.97197271495727,0
"Ccn1",2.90700784081877,3.31032622424012,2.80124275417963,3.54947014571216,2.3397607106778,2.68301865579214,2.44192507394782,3.03606294159751,4.27251052554253,4.6387235862352,4.26567520413325,3.76546778460827,4.85053139314356,2.5413211060677,3.03444385762101,3.80075966538825,2.62741021361043,2.95159781440892,4.51002947502402,5.04763278656067,3.82275840455304,2.83523093100334,3.48304176676164,2.74509890274222,3.10944281293051,3.73212171242367,3.78730260024365,3.07691212415865,2.44681335881455,2.45588433859809,4.08766117978501,2.15296624260819,2.90279373598277,2.79617311792481,5.07164944622343,2.65410203038929,2.80772070015988,3.45274080019051,3.66899195106696,3.14141129041281,3.47232089396328,1.97538044567605,2.76157940051781,3.46909456583719,2.51489034745206,3.6952459132807,2.89615616683313,3.33711224738694,3.88587134540999,3.96977427347196,2.78992507218926,3.13887062350303,3.52653153644455,2.7286933024194,1.87066850585993,3.31062741041806,2.50621948154773,2.9439004776029,2.38605676633805,2.80241727593141,3.27136376948522,4.91202809634683,2.50979760967538,3.71255767361353,3.34560669081554,3.96127827907953,3.64935596354798,3.76076510260606,3.79112716998904,3.66917810678655,3.37457419501863,2.89229351416966,2.91407886268088,4.64575925365575,2.51925131235624,2.31438569772642,3.16794327139796,2.49766645813198,2.62910635370053,3.13730380446033,3.16737343881413,4.11097583805439,4.3559232989564,4.09391766464788,2.54244036941299,2.99733722872321,2.91761345798745,4.26246941395911,3.71127016969692,2.62920018651902,3.02803922793022,4.29410217083094,3.84650474507297,3.15636474336809,3.25626283693655,3.60056307306702,2.51178379768465,3.10741229596734,3.86618083896924,6.08217316237109,3.0177103506218,2.20619710036371,2.99067377768661,2.93918502906498,4.76541885735312,4.26673737683328,3.55615899078385,3.50382661804823,3.1366380655976,3.76025574681175,3.22681199150591,2.57239118318585,4.39537692824152,5.31807914487302,3.02459587315606,2.33307146749254,2.58882297995284,2.40622487114973,2.33146964515031,3.02370063180089,4.22099896273446,3.82905811231172,2.78834937088952,1.03294801562905,2.41243232614375,4.33330114447139,2.23223708415758,3.27610287862691,4.35117143004763,2.01442318548764,6.41959201646005,2.65212180761843,4.90894164826985,3.76084029462442,2.08470878350642,3.58424619058862,3.28042502474999,4.0946240332561,3.27480185605625,3.09314328536523,3.75824243690659,3.99087278147078,3.10057538416594,3.44151538390853,3.5293282630423,2.72431591514722,3.41211243263416,5.26609763522891,2.31613869195672,4.02593217874584,11.2104254261217
"Dnajb1",4.17881918141622,3.20766386397041,4.58957523940989,3.23194880549184,3.01623204306755,4.04478324866127,3.02296165414799,4.01984325794033,3.19000667146173,5.01455608064873,4.55482041931588,4.02224783620944,3.38239046692362,2.24587986772186,2.98312184080595,2.99096335437276,3.23037725888373,4.89512046771801,3.57736829244159,6.18820652184806,3.04015477714141,4.55084747982129,2.95672758115273,3.04130235362481,2.15914441113109,2.31264388067471,3.30765746935251,3.57093020234591,2.80670971619261,3.07224500851336,2.79680775410507,3.16674419672103,3.48951474232694,2.53209990739906,3.12194225615668,2.47868442869875,3.95501920207026,3.85628887284679,4.86057788523386,3.0169126807835,4.12930891398448,2.95612956593665,3.72980289355772,4.31432261858604,2.81523809205917,3.2940050052459,4.52847761306548,3.11807135855871,2.82072791188051,2.56058502059129,3.59304906348983,3.92903183589715,3.58270345533234,3.12046294383623,3.37143645692397,2.8652189676272,3.40507240804786,2.87967608921941,3.4639002364725,2.55836268036512,3.51354789819137,3.47676093817218,2.63428861924647,4.25944479577402,3.59634906199679,3.26157778422439,4.33897786455545,5.39625576818757,2.85112155867313,4.49339997438114,3.10955408306016,2.29291807922775,2.62737058459295,5.40434240713141,2.89104578694215,2.97060675480333,4.24687807367737,4.08772247060266,4.55665118812605,4.38571689279435,2.26517381571207,4.80101623329085,8.69747126005276,3.22809080438157,2.80541495782382,4.56307981286027,3.97503241351168,3.88762591222063,4.50409833933807,3.41881332528218,3.58779268006203,2.95739521697543,5.20879508665629,3.92654757764565,3.38904284862491,4.4686902651302,2.86461135393085,3.91685291829657,3.31223110743231,4.40156689965371,4.50991748112755,3.03001965356161,3.50805011147876,2.29507193291734,4.85741963234807,4.46288841039485,2.60217367472856,1.42613024540033,2.65453528796442,4.01995870592541,4.76320683392387,3.70644798539816,3.56448436676272,3.17113953366232,3.15030971614999,2.96921036524543,3.80467863014458,2.48660964690688,3.61807531089315,5.1652341301545,4.51323894509349,4.88840856307297,3.26709754510114,3.57172359308394,4.01322853797139,5.48981563964366,3.91387715874304,2.4902148078175,2.54801787721516,1.90425102717662,5.75090005078996,3.18434414670773,4.18089475319772,3.81104938152853,2.66519867933557,4.20225690912611,2.57185160518653,3.80036509834329,4.64092374272836,3.52669329782422,4.43423347858381,2.7507560191273,2.74932240465462,2.69227946306175,1.69497722598137,3.29052205623799,2.79193003198429,4.83547550955304,4.78011687412164,3.68498554781162,0.996512207274539
"Dusp1",14.4977642916762,10.8079817441405,15.2974087378058,10.3660713599362,9.61305469783414,11.8080148753899,9.27791161239711,12.0230365481256,12.0793132121439,14.4366458678132,13.3125896156407,12.3881724354987,13.1630859880542,9.34269731423834,8.71119267906149,10.1587679366413,11.5757211845413,15.8730324853565,11.3426246533441,12.4866812154554,11.8131783599185,14.8339046058153,9.5425611358909,12.214063834392,8.10786942889775,10.8576680514095,11.8605747847054,12.8086192117569,8.44155700060458,10.3622146523724,10.3567260727323,8.91403331123862,9.88092446630791,9.79898317937392,12.9127292671343,8.45438202683948,11.4698886295164,10.0079386320971,14.2980013961401,11.1086135383251,10.8091705775313,11.5225521968494,10.0334850773184,12.3983246154441,11.1454407937309,11.7235153315676,12.7390283561183,9.09147438335144,10.5478899507796,10.6359328047366,12.9760498043544,9.88433815989839,12.2622768605524,12.1850359555739,9.36818425976596,7.94444941474511,11.6951816439755,11.2608796907142,10.2280163994967,10.5667772016572,11.105367233344,11.6367191684596,9.03795234172348,12.7756928215772,11.9396966073923,11.2787983307358,9.33818564242867,15.5659202315011,9.56328357122915,11.9485300644964,9.71333343060569,7.57417155150966,10.934085188566,11.1751765009141,11.1883226138275,10.1752842496242,8.83790426429857,11.8420907430667,10.2708410932456,11.3387751621296,11.6467951467716,10.6791661711548,13.78864312989,11.1810279544506,10.1737810420909,15.0089859971371,11.6386792210277,12.2294960259516,15.0979909514377,11.2168315781001,11.9491971317388,13.3650341673538,11.8540979386922,9.84946694072822,12.6244274360881,11.2373941352311,8.24314390993286,11.3271283202768,10.4041785584973,14.5449496135217,16.4899771855522,9.43585539394945,10.383561982091,8.58448749941333,13.2473790838554,16.4682839637599,7.80964126769763,8.83342568335379,10.5149650129499,12.5161937990524,13.8918574235484,10.9706942152924,12.303348674018,12.6192470548288,11.128348049303,9.64612862473551,14.2560730960492,12.2726824888376,11.2917468592746,15.6015240411585,12.0483420601659,13.2563641016978,11.1626901612944,13.07155310382,10.070951395971,13.7267798773046,12.319462611255,9.86113818178739,10.1031470618443,8.40346515260402,13.7208393626605,10.711231212279,10.7318955286172,11.5489693750532,11.9172089133146,12.4821743461745,9.74424464819734,12.0655730311927,14.8966015841272,12.1217301547829,12.4531964208105,9.78502186645243,9.97822948565945,9.35342681318418,10.9568605390394,11.869803495729,11.4973718132004,12.6974364015272,16.240038120113,12.990362727966,3.66300366300366
"Egr1",19.8837683665846,16.5301016657732,17.7406373924849,21.3487654094485,14.5113932598748,19.3540911665672,12.7471016666141,18.187954697706,19.1267009342739,21.5061081483503,18.2787917209546,18.7033097899193,16.7051800139582,10.7651903422037,16.3804885706094,15.8299130389426,16.495012707315,22.5348983892874,16.046604423701,23.0101108534769,15.8541648113621,23.9594673105517,13.81741084354,17.1509761501361,6.61690778015285,15.3135446780338,16.8720262760317,18.3040566249388,11.5931718125672,13.9611530783327,14.0247195719811,11.3870529475258,14.8274969836864,12.5982393248644,19.2752510024086,13.3487576765021,17.9769670714327,14.5878594123731,20.3181480005927,16.1618579917527,16.9704767664292,16.6231162947164,15.8779189695286,20.6203000653844,16.2755325886241,15.4287164271142,21.7387999003979,17.2901859807961,13.4855563158094,16.41350585148,19.4577314218922,13.7701280725993,17.4385197488105,18.2708547209026,11.8871401491174,11.9356165862187,17.388555756014,14.1155041685462,15.2869920293708,15.5631413721287,17.6868770695357,14.3107122476333,10.7299810307874,19.7573008378977,16.9699244964409,14.3567654496412,17.9018677851105,21.9528015039873,10.8051546296278,19.6648747963963,15.7904870415611,9.76732016858201,18.2944432465853,20.4650457731471,14.5152341814884,16.7764999307421,15.2946199118779,17.2336681661793,17.8966086366206,18.7157454746768,14.5540933317381,21.6120808375221,27.7867057896828,15.9369346644809,15.4890842869813,23.0045580874775,17.335500841663,15.1796705591965,18.6352356078856,16.6885554168588,18.4747314801683,15.7880181439618,19.1840703987065,18.2592084931422,19.9938869638055,16.7039749924648,12.1567544759831,16.9419329958168,17.8333728979084,19.3279317826555,23.5340105158736,17.4845049832176,15.022656961796,13.5690599834725,20.3803167091401,23.7650390939886,13.3095985251748,11.8466117538563,15.2415269561937,19.416592603349,21.354119685443,14.8603834843815,20.6961508474121,19.8913199397309,17.9801359537931,14.0584055972952,21.9947583454508,21.220710905072,15.3434121171317,23.2287907988763,21.7431850638567,20.7606873651846,16.7242116338145,19.3054263043242,14.3146145131582,21.5779512895114,18.4907620730233,12.1094085150223,12.9734396098008,8.81481684553964,24.7884384326594,13.004566935206,15.8473276261985,20.0899107477369,13.8864857031007,21.7229304506744,12.6713574244956,18.217845872709,20.0097940962238,17.9777679098715,19.5554645778816,13.9008551647853,12.9641533954873,13.2381432813194,12.6143460548357,16.4639464234643,17.032231523545,21.9651447611944,16.4542221921538,16.0146101661648,3.03859009419629
"Fos",24.5551684746515,23.8675770805475,26.4060115378802,28.6475976800866,25.7598615915695,25.5094286005893,18.1436143174864,25.5661417037366,27.3087331075994,34.2626253404608,29.1236579664699,26.1151833696903,29.6034575442875,17.7208802828314,20.5492064164046,19.8115780814887,24.4628891447061,30.8666318643249,24.60389978755,35.3365771972262,25.458410591045,31.4208287805092,21.2006928755168,25.311719985542,15.234919282541,25.1049050326925,25.740043239605,25.6777751879305,19.1672156870658,27.2039536993285,19.2045544510345,17.8136195688494,23.6465297482728,19.3471162350141,30.7708615959257,18.4745618058781,22.9046533237337,23.7520469646687,32.231583902238,23.1285137243645,21.5360145870216,20.9463332497194,22.7137386822702,27.8835798470508,22.0625745868601,26.7974680197309,25.9347830165595,25.7551661625608,23.2485460145333,22.2899568955819,25.6973056652768,21.0819297466571,29.2725373454758,24.7260321324539,17.7851284529874,20.2099018014142,21.4281134360838,19.3535101296609,19.1268653424967,20.4967503251184,24.4669746131274,22.9822668469046,17.6644298178871,29.4467075371337,24.579317858177,24.5587214684649,23.2442068066104,29.4729306560192,21.3570309254018,26.6062210189261,22.7736476359981,16.2374946847134,22.6669009382913,29.1332477454934,20.9846361197425,23.5481025487487,20.7503774901179,25.4338746379854,26.3577608018683,26.3442145761339,23.7599136764469,33.4328631421121,38.3183996978727,25.8919634967469,21.4773715774027,30.7086460486531,29.0466251535804,27.8848688519182,29.9405208158849,23.0935884471524,25.7195003923633,30.1315573692607,26.819875851197,25.4904469429961,25.1219714423843,25.8803327073226,18.5117175086904,22.7434928740738,26.7285801019632,31.6995732670955,28.8216749394683,25.2767564929248,25.3595336576376,20.011125731768,31.1899006436296,32.1052575879754,17.8455530605428,18.0069440100218,20.948366154429,27.7831446293525,27.438449095356,24.6750900388176,29.2120695336623,26.9864113557877,28.0780056292211,24.3893878072811,25.7202745163241,24.9693490079667,22.9260869739515,29.1914104801626,32.2743523222945,26.7468857606115,23.8094592007781,28.2371233379139,24.334533101271,30.4331186150143,22.4345184365379,22.1544374793982,20.9158847858976,15.4391960785912,40.1703071152673,24.8012979590946,26.8880410008862,26.817558392446,23.1656595386403,31.9199080131509,21.5099537439894,27.8124336698633,32.2258545022192,24.4759461716624,28.2083561258218,22.3871976514895,19.5937438094712,21.5354453072339,22.1642968522462,23.5954201168627,23.2139239747849,29.6076448164202,27.3045015989599,26.9153138711237,23.2450020947799
"Fosb",7.2668390461171,6.16209821938511,7.83847286608649,8.27422958138284,5.99130167682343,7.58983022983141,4.94926925778369,7.43281009404591,8.10994991689125,10.3893289496065,9.56662790812395,8.00826717376308,7.74014200612117,3.4084861526083,6.3592926882511,5.75870550647634,7.70705590757253,8.85190101804387,7.67263033418457,12.8018498560009,7.3006530364349,8.49778172043496,5.89241476180298,6.77590151295202,2.17658624729154,6.75330240723285,8.29005354922542,6.99068711051738,6.51829966507661,5.87988836510286,5.81015861042616,6.23924410693903,6.17595780181021,5.63017344667705,11.1204191321723,5.694500852758,6.6904599154691,6.89435280793194,10.0741810549407,7.30844394912372,6.04331615039313,4.59379293474748,7.13098513316084,7.4608330327384,6.40067481513104,7.80731981929917,8.09778703853497,8.83302099748914,7.13678798455986,6.62871739063013,7.43706222461971,6.63541056876587,8.91657702209293,5.87240899148702,6.58085782607866,6.41128537099667,5.45689722911516,5.56606058730718,6.04372040221457,4.55390733895623,6.5514306219202,6.58349900381085,4.85922912631303,9.00835556056412,8.2568694189976,6.56275837983192,6.36654054097682,9.04972493104311,5.7368537269,8.05577539279597,6.43232614978015,4.69403004401028,6.01764569987207,10.850516917925,6.52753063936778,6.30704926557469,9.27016495722002,7.14196798005993,7.85149856346022,7.83534125243123,5.79488084482968,12.3440919174612,15.6861870950107,7.38341170893684,6.16872695955427,8.89987058521437,9.1196571356615,8.64735404940326,8.99699247496095,6.7247702776081,6.74649066375746,8.12991753493723,8.71409858178736,8.10941997613963,6.11382127647291,7.57018028455897,5.92010114269787,6.80057366171845,7.89808566620736,12.5140786413236,8.38584493989068,7.17848161322887,8.16381049234622,5.53739223965623,8.1752976429304,9.78992059419934,5.70000848598211,6.30784517056432,5.80947811008585,8.53738008744262,7.81070898812485,6.05803767904383,10.5517841603067,6.49819583748947,7.49664473931931,5.72428090268699,6.53727223024902,5.46724227425769,6.55375720885613,8.71693465850875,10.9242700125737,8.01538095307664,6.21867990151763,7.10430509624244,7.85076005308521,10.4046072959157,6.79684841674406,6.44352831926345,7.05342603011672,3.56547135392336,14.3487932968857,7.38806990734319,8.37615730947247,9.79706753491526,5.83566881015841,8.78317540680619,5.81582072739248,10.4266064721401,9.0784809339258,5.98085481897046,9.41838355566271,6.29693075427621,5.29977707505165,4.80197484046981,7.12661366309539,7.45937913155417,7.22328166935201,9.2351398139371,9.33635193121043,8.00200547030079,1.51929504709815
"Gm26532",1.55457864730023,1.58068025710043,1.61609723713659,1.37497584322488,1.56077217903892,1.62689015716529,1.65949065314144,1.70116044815567,2.08026643414949,2.33393007110094,1.87700384937167,1.49081775818079,2.01354001249537,1.30428529148559,1.91263741089604,1.60281016526644,1.92164066365731,1.87057349437284,1.36476138732222,3.26575705272911,1.50688852998011,1.68900830323604,1.2195274962899,1.62499118842418,1.18015417773885,1.32752991436609,2.02461824845698,1.57620477059065,1.50909950209679,1.47199958729318,1.39626824890609,1.22676302978392,1.2146506761933,1.18613514067723,2.06507119697362,1.50989648517733,1.361702399826,1.78838226250959,2.49736424500717,1.63851065143945,1.79259594396555,1.54428561619254,1.55299521999585,2.08846370594793,1.63537180309645,1.93033888463071,1.52164696002652,1.78682033878954,1.61245820089192,1.54571720677302,1.97147737961177,1.79119150557232,2.08726635965276,1.20031795707044,1.42715465249929,1.67203034485405,1.15438844374765,1.351585683849,1.52746701134979,1.87687705652245,1.60406020335702,1.80400199379384,1.345951344427,2.32050724035203,1.7775220824672,1.71264414268384,1.52655463733804,1.7511288879707,1.92525019712433,2.02869416777735,1.36619457285933,1.33666064339063,1.33006116903174,2.12716031764101,1.63850528479655,1.38534591869203,2.56413745804725,1.60594585851581,1.80500356893661,1.67815472919893,1.58567879314971,1.82240378684639,2.80314717213635,2.17718137291448,1.31138934427595,1.66342626314117,1.64833885539368,1.7062059658925,1.89062284547045,1.5550027149841,1.64317472520758,2.27867307690018,1.80017329944427,2.1867023338923,1.8955121650907,1.89355142098485,1.49979185992263,1.35891778970652,1.80560666357353,2.299747476908,1.64228089720219,0.978158858456021,1.81230391352327,1.44382642880346,2.5195265828293,1.67904272972139,1.2859059238168,1.35985510620608,1.71430293512759,2.00112478583841,1.73616395394871,2.4400727096237,2.0573017830304,1.68011863876279,1.96780487423206,1.57353983784348,1.70300870695663,1.74168897526511,1.47882072963879,1.73736441947719,2.47466029295061,1.6773417410605,1.37269764807757,1.61359853367211,1.77496287124185,2.49618685486114,1.38155460179899,1.84312950617137,1.63423919557816,1.00060221784471,2.63688812570123,2.13998990951032,1.64273572451274,1.87482085079751,1.41017966360504,2.11445103603541,1.76874724159423,2.32654090901256,1.78153940107312,1.93778408235984,2.14171119449496,1.41271867050001,1.80134155544194,1.33860520986072,1.47187382796995,1.50783300690007,1.83460654054249,2.88673523353881,1.30210143160315,2.13915107286024,0
"Hspa1a",2.19243006725253,1.97747344271945,2.29098395803803,2.18615956066159,1.94047960395404,2.79655170493607,1.36233998022917,2.08944523189799,1.70324668960521,2.10460353219623,1.79015189635187,2.67913350608011,1.93658212415498,1.26436985175688,1.44609997848276,2.01877567807259,2.15753744082722,2.790394037213,3.31019828944849,1.89624469573865,2.6096854933344,2.35462831433406,1.57128805840713,1.86117549567922,1.31216317599265,2.02553545277638,2.02320128546797,3.2943555788154,1.72043039149179,4.30889272754188,1.59592944169699,3.0204068937049,2.42610767433992,2.00866150843697,2.72245432746427,2.96749045618332,1.85747829776779,1.74015083288159,1.82154226790422,1.92412215282151,2.29539689945143,1.52809344904548,2.34170658480668,1.21944285685925,1.61770667160222,2.06125576502168,2.74689416989552,2.14422161874452,1.90981306420872,2.06425595339992,2.29728301961543,1.82516464379501,2.21895180341858,3.50792524629672,3.37419617877411,2.10432987724243,1.67554310714014,1.32103531650177,2.00577664427578,1.36249246257652,1.85999378520366,1.58611196953054,1.35540909677561,2.94640636385596,1.93722865106962,2.49550199485337,5.27284439388922,2.56326056965023,1.48339092243435,2.41474652114115,1.38963190870915,1.33562189758846,2.06540519309632,2.24800897687652,1.52705853881339,1.55681459145164,1.76527123236504,1.59172394579464,1.71455394492747,2.68498907947781,1.92731847687041,2.81876561711406,5.36076260340826,1.30768076395056,1.77920403450896,2.17742026768101,3.54033541476267,1.74281410501969,1.73131236513138,2.66307039516328,2.1017574468033,2.98333046851604,3.73874101454022,2.45035852591483,2.30360312537093,2.92747226296001,2.40404800972267,2.10313209859692,2.48976932531612,2.36234272444,2.57096786787857,2.05918583379058,2.79151697081603,1.66066263430927,3.53643890949331,3.22135342491845,1.43501502140075,1.54696497867876,1.59001284510866,2.52419016241625,3.01029639304796,3.38630792496582,1.96800448603996,1.3343472677933,1.29551943361129,2.18165851726913,2.16665897158918,2.05249844714356,1.3134787291256,2.28368357308705,2.7725857496967,2.80795761549317,2.17942412427645,2.68592323117457,1.53020734024691,2.43327173667227,2.27082189485,1.79780955426769,2.66158376482451,1.17825719353507,3.80614518917057,1.79171759774856,3.57514831142041,2.64660300813208,1.36558902530173,2.72018588010136,1.16706743011704,2.90035327168753,2.3846881827156,2.04835212885964,2.61350060794273,2.73319498265292,1.65869503214548,2.59187794403951,1.63181566047715,1.62795163605684,1.67840641364014,3.89968158077202,2.09759779347766,3.61554900557763,0
"Hspa1b",4.53154214952447,3.88938481729676,4.0513846923602,3.76446171248312,3.66044559077395,5.01158865130123,3.12904449730537,4.02618174605024,4.1093664673956,4.96708673305923,4.56844698967622,5.0117728638853,4.12047308383897,2.82140118814371,3.50308738140431,3.62920595122819,4.20007478740131,4.79186096457052,5.21068181120531,4.70770178756741,5.02922550561415,3.90366352717492,3.54391427286108,3.0961476428406,1.94257031648996,3.75183559802526,4.38973297413221,5.91011001353936,3.53305532235115,5.14464861668875,3.47605098543302,5.0643933815521,4.12821539014887,3.9703618113694,4.73900206667338,4.63563939884201,4.52731193334128,3.90910056442519,4.02739017957884,4.23998811898584,4.82030436874944,3.72224119232701,3.6362719238238,3.4601131254381,3.44075893923319,3.97235028826223,4.81045158654775,2.98661450855549,3.73165542848908,3.62062196498378,4.45252168688278,3.85685977078301,4.24860204522741,5.72769314206007,6.53809135898029,3.56959771244771,4.11429403178435,3.02119327568522,3.7219879300608,3.57041700550826,4.0108608941983,3.35500759797875,3.0639679541881,4.98459850909549,3.75232651381997,5.05250753820706,6.96921662476147,5.30573360204754,3.45026266861282,4.4068550441766,3.32355151675287,3.00040227448173,3.80111058865472,4.46374879460754,3.5295245789551,2.94269365989268,4.01171262806819,4.23013059944496,3.26584426041669,4.52365352530186,4.01934129117054,5.03874009182228,7.09409837038309,3.15925670854534,3.18204503434461,4.61908318484375,4.25673845430031,4.4061614636336,3.76236891162928,4.29736522229298,4.37821617524431,4.7272226918328,5.4477498551696,4.34598318224142,3.95346771714527,5.89229816307465,4.34798495726557,3.76053242447385,5.20765632559356,4.30032534502261,4.83727759146701,4.05429120353876,4.64385467780271,3.73204995113913,5.318690164404,5.34435996757682,3.15133132726667,3.86351641402038,3.42566058621347,4.32450782920491,4.97650816441786,6.49186346595525,4.02492173651777,4.60267802086263,3.17830524012991,3.62470536654142,4.29481965854393,3.25547171003886,3.39250637237311,4.28294058485043,4.3133887352538,4.95648311133423,4.15701525832721,4.88105412256246,3.45006547733531,4.70597602559709,4.48068509514689,4.38433818431252,3.97255804013805,3.63394621600297,6.59710894118691,3.73727046853956,5.37161423888582,4.07951098891413,3.89881878516891,4.4805429417835,3.12156136937132,4.24959759226527,3.87403802031941,4.18599068830852,4.37986075956169,5.05481341943176,3.12894316261172,3.32302712420124,2.91278710733999,3.49190732965804,3.94282625031509,4.34988617397969,5.29858314286826,5.61002783969932,0
"Ier2",5.89768587448658,4.18994361282185,5.11303148240579,4.35035285580061,3.6724671126164,4.82971551655357,3.05212480642889,4.95026099944486,4.28312089440412,6.26615841128486,4.99900075120869,4.66220204450104,4.65264987634189,3.14440852725993,3.41859780222118,3.67920250240243,5.11071645964749,6.82580553078407,4.06564216543048,5.42521459992685,4.13485300037768,6.26906034699163,4.16169094479622,5.29562925893232,2.74591765322223,4.45515067263214,4.3824861071903,4.74100122381963,2.48364974175214,3.80637923157653,3.40476115257951,3.33388245671117,3.9319920115308,4.36182506716392,4.26440761282425,3.1644727711894,5.65877664206419,3.81344987892061,5.12185142511192,3.8063677518551,4.29864455777651,4.9878439058566,4.09438027542436,4.48261128098508,4.35975967939225,4.40406664829045,5.73324854727383,3.99975960614219,4.05611633997715,2.72568279775997,5.21783701321485,3.07235604850105,3.6646344158832,5.35887120831494,2.31934655431488,2.33126649590694,6.17828150186545,3.83553904439094,3.77577896486484,4.4294388465218,4.47908376058032,3.96446835053758,3.23203832097008,4.96361864092258,5.02771152395813,3.46965469784742,3.82172527343799,6.31440312178376,3.83171076055409,4.47130440179105,5.15294366208928,2.66931806086974,3.8950053909398,4.12045825555654,4.05626002777344,4.04782738422496,3.41723207123174,5.5226173766972,4.78845765633588,4.73278956911913,3.8777945993803,4.47070526928626,5.60768410570499,3.72408832430469,4.61962768561923,5.57721373809189,4.55733616078986,4.01785689556645,4.75074895416145,5.00507810796905,4.27133702001286,4.30872909806309,4.58995091327619,4.40055000316689,4.22268610069086,4.99807049956938,2.91897613553753,4.54265399629057,4.34333049624258,5.49824011717459,6.4891662309917,5.03023962310386,4.00201357384516,3.48095928192866,4.99243352883626,5.96639112381792,3.59077384157667,2.90987985831206,3.75631839414035,4.52305294269957,5.36567365634948,5.98061503111165,4.64765377792659,3.59755348091947,3.14405363164456,3.73765828787019,5.60788305551756,4.75090308513453,5.04155135839014,6.40114064339014,5.00362589813024,5.46692094556748,4.03576662335189,6.41055077261497,3.88370963904786,5.35130751978115,4.68082626990328,3.79560889462306,3.0879796802139,3.56228671649131,5.11483800047917,3.64650134311746,4.24308634588026,4.93509228786498,4.53548313549269,6.03019109810094,4.4662808891864,4.44853455334166,5.8678387960637,5.48438948240902,6.10173101333571,2.97568210209811,3.89804848300417,4.37324422021078,3.42546017580838,4.55503749104307,3.78437253528791,6.26179558152788,5.33329007486224,4.09583063402146,2.51580725437268
"Jun",19.0339861117303,17.049977438971,20.4874295892345,16.7018709480129,13.7747691210817,18.2512373368743,14.1980096989889,17.5766746751895,18.3117165609979,22.9796299305231,20.398918208139,17.1687549363779,18.9336503524647,12.6720261252752,14.4051813406796,14.522786272648,16.9287343469616,22.6595823763812,16.4984736853497,22.5151634243388,17.2386722733267,23.1174347630831,14.7513963006146,16.3172788067078,10.9512948483706,16.7411028355687,17.2458370323761,17.4878576388303,12.3289431487956,12.7374099725886,14.3928092101143,12.0783530684019,15.8497049054685,13.6999097657869,19.2577821092188,10.7946924145383,15.7858689969725,16.7899226355449,22.1527169550928,15.8656842393638,14.9443827026873,15.8035258512007,15.201384210101,21.8611236052523,17.8088803920198,15.8886304957344,18.9546399779719,15.5102880529296,15.1896527474925,15.3110198685137,19.8309878207707,12.8998891457864,15.9687299965295,16.531626665118,10.0041691873626,14.0145843682435,15.4432179776474,15.8951973079137,14.5033599058106,16.6365382211496,16.9267496320261,16.2409907372294,12.320633564922,21.7338106548919,17.1285908404244,16.1954676447256,16.5723024173063,20.9006590239804,12.414788180136,19.8150606827544,16.0245863031218,11.6376545708702,17.1951548416138,18.1933693227329,15.2500643450585,15.2275935267892,13.9269862932207,18.5001478257101,16.0915725554607,19.1814414041094,15.0706228358444,22.9741025478944,26.3789178018388,14.1100229687089,15.1904693145838,21.1071322711934,18.328096092572,17.2719200012908,21.2825197148448,16.1172884133216,19.5132532020799,20.1167654969304,18.6248063514067,15.3938546921612,19.0219187622993,17.5167843962626,11.9461038986471,14.7296253811915,18.2063968577468,22.3886961031781,24.5304862711535,16.122279963788,15.5954900320852,14.8189996490188,17.8560442057647,23.6595519414162,10.6395509158544,8.14093158003099,13.2925784314317,17.6237529310286,20.3877365052872,21.8989299626255,17.8459279518756,17.6856409786371,15.1977747036548,15.9245413059135,20.1914402126341,23.6503036716113,16.2218614888104,20.3810565807688,18.7651107443005,19.0268930955087,17.2571030074852,20.5741562379295,16.12555969593,20.3096342702777,16.5688225114048,14.2659120122996,13.6732065101269,9.89004904964947,21.2445931475802,17.4795712987512,18.7678465271399,20.5039007889835,18.9160441223574,19.6340175128895,13.7516661468224,18.9910466709707,20.7158811666575,17.1087788912558,20.6236850423446,14.202603687986,14.6792627668332,13.857960450423,12.3331384921204,15.9448275776216,16.1360689372387,24.4507059321805,17.7950356713149,16.9303113380714,7.17532312465089
"Junb",12.1716843798511,9.60283259787449,10.1443964466865,9.63794266467149,9.41850015919195,10.7325721006973,8.04145963182929,10.5287156540094,10.9383267268105,12.4179186822123,11.3755940972894,10.4158042389466,9.98205045010199,6.85819542790904,7.48676581405033,8.75512483846865,9.65149930974085,13.9600726696774,8.41076532560931,12.9169489660233,8.21727783364917,13.3569789976116,8.18474828758164,11.4566921552044,4.15761892785619,9.24972503710403,8.69578238240801,10.043469923964,6.23162983087401,9.07961516488338,8.77241080549022,7.80790937909275,8.39892713083411,7.96174044108827,9.19017125741358,7.67451945176142,10.059441104471,8.78775366273915,11.8382031430266,9.12723271277524,9.17552322800034,10.6786732241988,8.99071131650562,11.4064514456662,10.5255309225309,8.92296672296585,11.9339529077532,8.87680946241837,7.87811024043827,9.19950961492018,9.81325233238967,7.36790194018906,8.51692581711112,9.25059807634377,7.09835881902687,5.60229878524309,10.3509807967048,8.55287880455015,8.61154862913394,10.7188273269244,9.41780550504687,7.77451927517682,6.96374283172864,10.3069392574076,9.97566485828704,7.92859286918265,8.40428105268388,11.5895784658973,7.63577286680443,10.1510978499995,9.53355256608187,6.40861698598485,9.40296945025791,10.8382963564209,8.81619632108147,9.34116453422702,8.20888214139024,9.79385235747047,11.1774419543104,10.8621323143402,7.70902439435559,8.98546104113801,14.1219287663602,8.60738236189113,8.59103664912088,12.2867439083372,10.2933226498439,8.1243617340429,10.293817767641,10.0761598425264,10.6446425162017,9.91472074938719,10.9345493948403,10.4144911513873,11.5027728754884,10.4513956293295,7.37523537901172,9.04297633494834,8.05647510735171,10.6663411732309,13.6091680156323,9.21004152339296,9.18902535794995,8.34293710628414,11.8858746325333,13.0465762130441,7.39485055233087,7.67684998193762,8.28512720881469,10.0501798720094,11.5853848502595,11.3603976371647,9.76141626642853,11.1304499813373,7.62385395923108,8.15579465171308,12.5492922084321,12.0388964264834,8.76514438193204,12.5744334822405,9.91744835271897,9.55331347066074,9.98858094326669,12.041576874705,7.99278817040428,11.123039179897,10.2188350022984,8.07445046721239,8.43521476195798,7.06751221310791,10.6505049716055,8.99096295380521,9.04063866647187,10.3124728064041,8.57944303799332,11.3836851293051,7.87796400777836,9.54937427330702,11.9962641942691,12.0577001438886,13.5688502679071,8.38431364921622,8.11558396364947,9.5791110051485,8.14994175182286,8.60196638682185,8.49903887681721,12.3706825660242,11.7846050940305,12.2698047621051,4.50883166892176
"Jund",33.1600839663605,29.7914492783419,34.4152695200818,30.5793675856616,25.673304974254,31.5853866649704,30.1463761437652,30.2591720025743,28.4121849751951,36.5696703646979,33.2905753104671,29.6109600629012,30.9472199093241,27.0359188912297,29.5394278196169,25.510835158863,29.7277829295279,37.073147689353,25.3242691745092,33.7383271723997,30.3426225201937,38.2099077230844,26.4422423361295,29.1139623113432,18.1896802861749,30.0635473088597,29.4411385327102,30.2059986391769,23.9196981983077,25.9392811465925,25.404362195937,24.0957969508614,26.1859948351292,25.0793733414759,29.4068390055271,23.4285143007606,29.1778511351735,28.9514056887921,35.7113288434908,27.5404496484146,28.3162405477253,32.3426457491789,28.473569171776,35.7722834287577,32.048385343312,27.2461790973402,32.696618599751,23.9442506374356,26.0934989489627,27.5584162461761,32.7091969010218,24.8960343222308,26.0283031117784,30.2260575839929,23.409408030086,22.1117296773761,29.1243799021572,31.0336968288392,28.7685232661244,31.3116470018318,29.3499174106082,27.124785869816,21.9952889924957,34.0897129801862,29.673803685001,27.7450476318429,27.4819951144964,36.4304066660014,24.5816085325977,32.6369935307806,27.9661034435267,21.5755250584192,31.626111138039,33.3637273847527,26.9795207768598,30.4733223507948,24.9219842372525,32.4318361966667,28.688777589674,32.3630406666314,28.8881243204,30.255731908457,39.1168842540702,26.7719478876929,26.2581928975931,33.3111019261691,32.67014035734,26.1957125144533,34.3642262802216,28.9798332936242,33.6186014101671,30.8742900281647,30.3361140527109,28.4860585190044,34.6574415213769,30.5806410406615,22.8953286061493,27.9516784024842,27.5743272883357,33.6840556182496,38.0725407554541,28.1973261290422,28.6293449038615,26.7559309716561,34.0210707078398,39.0343116397586,24.2327690450802,22.48418726915,25.1486994577721,30.5852135472581,33.1441075289279,31.6883679200611,31.325933821144,31.8066959553322,23.2742664131991,25.0949136212517,35.1782787350795,40.7236572455554,28.2668520238063,35.9752027657071,30.982315163468,32.8836440403602,31.1939924924509,29.8596780935785,26.0462227368371,32.3881246823762,29.3586572890803,26.4274555259889,23.6113054948965,24.4025977245137,31.1545379734056,24.1329579843892,29.1560034463068,30.467610608561,26.9562786474983,34.9227936876854,25.2882731346987,32.3029390255072,32.9355047392948,32.861275654804,34.4036684066182,27.9239439534809,28.5852646771383,28.0603828153043,23.7396409909471,27.7617805195376,27.9014555645003,39.9094621682375,36.2727926043395,28.3267598388656,17.4382898158707
"Klf4",6.97622312871181,7.3735158435336,7.90553410860072,7.54890180627645,7.01687349746622,7.57967884926343,6.93642110815476,7.45005322405821,10.4267385789062,8.87470322915477,8.74915990759698,6.90557199099968,8.83254165380681,6.99589708683521,8.02584533433305,7.53971730293836,7.07025194226495,7.71389911197461,7.6042814817288,9.42124161819906,8.35482155145615,7.70552434272315,7.29094411170745,7.63537881845146,5.86940769219931,7.25523521819136,8.47843113625074,7.80940227511804,6.76566363330876,9.25588412267619,6.1168192006622,6.94647260337949,7.43172851689479,7.71478590019029,7.45868150178096,6.66748979002714,7.69255266902372,8.2146667333563,8.72419481058231,7.60361170584995,7.32535972544013,6.25593976598735,6.61827260023363,7.75146649438911,5.96360067372587,8.40589285379262,6.8435234513265,7.11417480136163,8.01233951191181,8.18154196089873,7.54838329995233,7.64979602952357,8.33561325571115,6.26577093340913,6.6637350379811,6.34961337236639,5.92270927406959,7.43368259776512,6.55458484956548,6.7495337033971,7.9393807872328,8.27496278131084,7.01021647006433,8.49873300991555,7.72724656275021,7.39641217964258,7.51693424120413,7.72604552590535,7.5459824610438,8.0796146580895,7.63972914782226,6.51702841145847,7.36231201534969,9.06752095794441,6.97027913136542,6.49852031867042,7.01191225905204,7.17518941332826,8.88517537603376,7.24539217974761,7.63295321563044,9.82003116438157,7.84977799805731,7.8540452707305,7.00657795036877,9.01169403197851,7.667243086934,8.64717082911928,8.49161824321469,6.93017173541471,7.54438277304685,9.44784928272497,8.0996174405579,8.3020346020759,6.95859519512169,7.88755483583805,6.73944117658823,7.22081304394339,8.541575157233,10.4215316457378,7.38204323141172,6.46594090975871,9.16986675466233,7.19713976761102,8.4607721841532,8.78444796072545,7.1843861880344,9.42178268121915,6.93745566245276,7.54953555908167,6.98783881867092,8.89899365816939,9.30855860481525,9.2937196103203,8.10819388684569,7.28139917606906,6.64217062295499,5.9299024650833,7.07420907616388,7.30424429464676,9.38975447624917,6.78488238783764,7.49616610482545,7.2533494288549,6.84243446009819,8.41975228165153,6.83681438346374,7.04004492627027,7.24628377152399,7.11233832343087,11.4794518642609,8.86173699561014,8.13092953514365,8.07413813414889,6.93193473966464,7.98610395189099,7.13387142920861,7.84161483257868,9.40077789554359,6.24700706712302,6.26959454984415,7.22372331298513,8.1790606451259,6.62391947592029,7.91383451940813,7.65176734153614,6.20174817715132,7.16372092964015,8.19598361960435,7.20157521448486,0
"Klf6",3.05180249964251,2.58360869911439,3.64903765766476,2.94559834035598,2.77572388729111,3.2701114042584,2.53563838104957,3.11024084349241,3.27243506984667,4.17041301149952,4.38709011198699,2.94835483583969,3.1685506960576,2.74911838075623,3.05230595825336,2.88296646508441,2.5076189156477,3.2468740981606,3.00688716509109,4.54961201208926,3.34962602624792,2.85636614787892,2.84010826451476,2.27013584619506,2.3470191554833,3.38482967530119,3.32163514127625,2.78381179772733,2.66278481494149,2.64552222709525,2.23209504936993,3.08450032354305,2.93205150565965,2.5938132807415,3.83766914685981,2.87529443891456,2.87768641808297,3.5779532327168,4.2866374927195,2.91432983302477,3.11779677234485,2.28592934888691,2.70651744495621,3.59400219935645,2.69864144856063,3.19329411795117,2.66646827509608,2.71439708426458,2.43271545157893,2.6409559165422,3.01123909491013,2.50836703643489,3.29120533950472,2.67231702391064,3.05812177424699,2.05999951648536,2.50943980348801,2.86587764583063,2.90988871052927,2.57699115089049,3.54995361071309,3.34537911463199,2.19464874066963,3.92708540688361,3.82325266614805,3.41672370321079,3.19205782142555,3.21326545325186,3.16916272963826,3.17070213626427,2.6188840498744,2.57932724902535,2.86346282596972,3.43140750221239,3.19186329707407,2.89223763481323,2.7711722331472,3.15525083517709,3.60114640715042,3.50836383447223,2.81884633577668,4.48805692467052,4.37112438645615,3.15108307981613,2.65970517269377,3.17144926165916,3.21107034157973,3.59887979096135,3.11831096313621,3.1650837914197,2.81151754547889,3.40654244247904,2.84198264173549,3.14809182668503,2.72178030272493,3.66326331133125,2.90203470076408,3.14754633601437,3.20877743679956,4.09272716501005,3.36940249079,2.45894667890599,3.47123018052647,3.21712712698418,3.19424219227105,3.35479882128035,2.43929699643949,2.62277811607291,1.9271536519108,2.77336375898821,3.10993528797139,2.23273545584053,3.46534283468079,3.6588602319302,3.14899614140173,2.08819700842555,2.61919979525772,2.32497202319244,2.70926860699632,3.51401147321522,3.73218426152339,3.15722662532581,2.83764842092908,2.57713654129719,3.49365321966155,3.53731811349004,2.63778038368431,3.0294260387243,3.01207799578975,2.39731414853157,4.93969735472593,2.86379839731409,3.77851036743028,3.63657246316051,3.19774072780122,3.34581795886216,2.31743548091385,2.85849197703619,3.07605543192533,2.47044816647503,3.3738532907392,2.76000793871875,2.81011313727069,2.54080167581656,2.32116137662704,2.13467182990484,2.46619059112663,3.92061367717168,3.83739044641271,3.423311437375,0
"Nfkbiz",1.3978227091136,1.18745407087722,1.40864084172421,1.26750381690205,1.27707587284515,1.39337512532205,1.17484035211366,1.44969211401553,1.43135560552753,1.97089434391666,1.409621495012,1.48304657599394,1.39127677797945,1.21752245720634,1.10882495713999,1.5959845261558,1.17758239746175,1.738901557066,1.02738435442693,1.95857467784952,1.42924430496598,1.47912440308719,1.15574672322145,1.4333629528976,0.798554500654459,1.22503736412009,1.24463243584774,1.40373119153824,1.06963873455329,1.3164382478828,1.38924090030008,1.04683978994651,1.33644887165539,1.06861346534466,1.67087143808274,1.09511671508363,1.06040003596726,1.11054479089138,1.49081585004081,1.52747764127926,1.42192090242105,1.24172845231087,1.60053639161303,1.45257363276144,1.21200036756945,1.38148608239872,1.80948575440726,1.42339072486325,1.41549203574641,1.14708711489605,1.33877065948119,1.3804599373418,1.17228523792203,1.24123290262494,1.31795775777052,1.49620886517977,1.09911441717294,1.01040427193332,1.09023656878952,1.05715719562639,1.05363710389418,1.16299280674289,0.909853796527021,1.58241818177354,1.27762194017448,1.48828357245315,1.22517495450949,1.7661626613238,1.4424112819906,1.47602007006481,1.45076091170285,0.939248451538302,1.18646919607054,2.29778380211598,1.22076119893672,1.16979645447996,1.5809502221837,1.45969615447102,1.58444831387506,1.24534771813926,1.2079292369447,1.9519203755953,2.23967179467065,0.839641451590951,1.14973656627093,1.86850450883005,1.51111651282359,1.46505438519289,1.56732821682711,1.13184161743673,1.0722409253949,1.10680527636715,1.55118244476009,1.62084423739651,1.1111663705302,1.61082203227005,1.28810186972382,1.69533118599446,1.30860199922637,1.59996336375958,1.49307392042965,1.26647915233775,1.3741126363481,0.939918322876927,1.01045861337892,1.2793793940496,1.09385294587258,1.9259355229019,1.52214334277915,1.42958576243937,1.5047919124323,1.02131076939452,1.74484630774544,1.09503978332825,1.51006843066587,0.836471465624535,1.3629893211667,1.02698464562439,1.21508026215463,1.78455732610281,1.61161970084487,1.57749430688084,1.06456790653667,1.48622744710069,1.1262997682721,1.48111238631711,1.48600081527263,1.28709845360542,1.37533675531375,1.02759343409409,1.68976591477866,1.74758903499896,1.52778049999698,1.24352133661591,1.86054310585815,1.82836093644243,1.21221618106224,1.85498799297931,1.72758056322983,1.17126772255885,1.38137276931231,1.30008799037711,1.0391319278498,1.43127030611563,0.875330775879881,1.21461581624095,1.04506350014967,1.79672406938839,0.682450198205866,1.07666321859739,0.996512207274539
"Nr4a1",2.63804363389053,1.90277186551712,3.3912177897627,2.22213873496168,1.75642059253465,2.87188111306997,1.67726480584771,2.64768593747899,2.85330524258225,4.26967504206725,4.33749879253982,2.75784673906387,2.10993508800688,0.887817817229992,2.45147542708874,1.70253537571231,1.82613713976083,3.04925117604809,2.23933510325877,8.40841755162062,2.54282162831765,2.4643035507944,1.55896450951983,1.8596485456094,0.856321586379889,1.46942723065418,2.71162867422794,2.10737245070161,1.14390255099578,1.68471800167116,1.03140182823474,1.82029681323739,2.2804994448239,1.73774771018558,3.07944924233256,1.56172821701582,2.55333084558952,3.20549997826789,5.55052190729781,1.84537197602015,2.55131310802276,1.55355410753408,2.08861450906068,2.74059777563627,1.55364751909384,2.50444013516732,3.56602032921213,3.01430790673019,1.93915925142365,1.33114649322084,3.22616796955136,1.0715386957492,1.79962092173038,2.29505439667294,1.88214052002878,1.17913279649623,1.64765507888955,1.4000928978533,2.0755309627326,1.05571330254195,2.31206823551271,2.13074612105713,2.32717149393814,4.2836887194787,2.92277568059962,2.97926033829227,1.72211672631924,3.11570179562293,1.26331534455825,3.06848775713235,2.14129408862418,1.09364491379928,1.73006590389987,3.36783713378298,1.2465931482018,1.31147068843956,1.99811719448088,2.52685595826855,2.33368688360029,2.96587165043392,1.49012425647537,5.00450880465315,6.30505975229979,1.89941432990883,1.77565239656813,3.54342295029208,3.68619455787889,3.02053040722619,2.77397910356303,1.90803781040317,1.8176968884395,2.12052792504717,2.98903974747883,1.91135849219968,2.10485899404609,2.90306916882605,2.07945582076078,2.14681837757635,2.49285602494964,5.53720628237512,2.86673428065141,1.82550978769503,1.84801641064154,1.46305952747457,3.28631159539288,3.12250889463875,1.38720209496589,0.375843107831268,1.9190501326738,2.68875045727099,3.60377710539802,0.981841133538677,3.83469824339858,1.8745298979755,1.99340603100409,1.3161829798904,1.80005317875204,1.35991146145726,2.09783983814358,2.3928423333405,3.91240068822808,3.07399043180981,2.26138663879278,2.64786965174698,2.30264376863068,4.37146760233488,2.4581337198446,1.23601882378543,2.17193368966485,0.968033453232649,7.09483430525628,1.80906637495986,3.09166557638475,2.54284172074194,1.2893648421566,3.38227932232527,1.61053245725526,2.75493475814589,3.16059016456241,2.38078870713459,3.28898565611837,1.82703602018466,2.52833879097,1.66951915918276,1.07450088664958,1.3735574475423,1.57084506018721,2.61488549800181,2.96840518872793,3.51451612884625,0
"Ppp1r15a",0.796312276980647,0.760563048255446,0.859814525978395,0.945214906177434,1.19363401827441,0.892723685518038,0.608896016523009,0.778894023528457,0.692157382412047,0.98183143420029,0.652262004805672,0.887270267366277,0.985713217911757,0.546612794067591,0.918086074103703,0.782714774453172,0.724822390437848,1.03815950616498,0.785638592894357,0.817488288111033,0.827901750676764,0.924365725109428,0.685947434039148,0.749872015222549,0.633243611148809,1.01402017984309,0.69081438290899,0.821304473286457,0.636514959566478,0.730771391045569,0.734148982765473,0.62334028305148,0.708626245064189,0.577463046864328,0.779008265740307,0.694317010813104,0.583280654049135,0.595727659285956,0.6002494596886,0.72677990688928,0.774617646535462,0.771503354898778,0.897333528017777,0.976588867359333,0.768391527900176,0.808531658138362,0.822961598792927,1.07533842725292,0.78077904365758,0.665202004342038,0.992702241144143,0.699157661112954,0.74405883204735,0.643704942633243,0.684748814103394,0.686947557197705,0.724433749907845,0.766874031188811,0.553669214314253,0.689112744453062,0.863545621284307,0.633646611750355,0.513132680562019,0.982911556219491,0.932411377430452,0.69742405191496,1.20801972692809,0.602720856959355,1.0326521362967,0.666101144904746,0.824092475481006,0.45591971177906,0.696322217087834,1.21743150767682,0.559812497823952,0.959996627215736,0.723299224350569,0.840388721225454,0.654740489689827,0.819562347056426,0.747776194101225,1.30277889067588,1.33302150665861,0.921065379052611,0.494897906905605,0.82009900911942,0.828566290884099,0.895557813297884,0.744360179775612,0.722984105332118,0.839430994895783,0.468926014585403,0.951790523012029,0.976858919733257,1.0831860940473,0.815797559049153,0.554912750730155,0.913206280681178,1.03330607457722,0.534423191911404,0.829438317190066,0.447150023996375,0.928869858140579,0.750899473295866,0.887324233158626,1.0259113063921,0.762783720250849,0.696380210955314,0.57234506875904,0.924277041655104,0.820981947160907,1.31449921520967,0.973192360733775,0.830779811593063,0.931182659889622,0.525765366609047,0.696391531126582,0.675068495563698,0.527539122705182,0.95257768237547,0.740392221511368,0.87500510818875,0.545589936981493,0.992054462912604,0.810356642980566,0.882123454567535,0.957994841798948,0.502863225621315,0.733620242597083,0.570338834386569,1.30173089950111,0.640326444965898,0.861641733465716,0.858618288155401,0.50742565584655,0.852094357798789,0.513144715066407,1.19907785118652,0.80862118486922,0.855090474277178,1.06475433563381,0.639393260671826,0.564486494946372,0.521826109267808,0.513807024992671,0.869541744301323,0.565898436093864,1.17891613967298,0.994715056020001,1.71074670449724,0
"Rhob",3.2317460218444,2.41340444930653,2.82664877630652,2.3771592489073,1.94201397593699,2.52858724218097,1.95876941904957,2.60529622054911,1.96005351269396,3.88317225721137,2.22057304918419,2.47199783147102,2.07645596270108,1.40724354245332,2.3248985286882,2.15376488453539,2.13282674097465,3.46480843943382,1.67576935793786,2.7981841436265,1.98952241213479,3.67631860089891,2.1090415445576,2.6045300549617,1.22690837348315,2.02207376340904,2.22303562596285,2.73725416703542,1.48807933841841,1.974526818705,2.01221181976672,1.00015994339811,2.00366651946156,2.33672304689561,1.74331019408089,1.6382377154191,3.20520892857578,2.44416354284355,2.59172418222469,1.81203123750552,1.99108235516817,2.9005431087023,2.54527961090418,3.06637889012406,2.52819199923855,2.82108661205305,3.03818298927635,1.81277574009685,1.92613273881663,2.44013826138125,2.03516971826564,1.66487781966669,1.85671938855519,2.63197839882511,1.66121590903257,1.02204673010395,2.41474849875947,2.20048963776477,2.3918442526106,1.94370975597786,2.67608236450218,2.91947914695866,1.6019999046264,2.50416024446042,2.14379653711685,1.93734032001693,1.56314597064512,3.28408027488763,1.51212867572158,2.82104352543223,1.96732484923784,1.61642732995456,2.18348750629102,1.78667109019221,2.05164176478417,2.23237496538524,1.3105253421811,2.9831677980844,2.34016833905605,2.56897448117053,1.72371008242605,2.59080728968812,3.26674820211727,1.66058904701232,1.8020864561729,4.27145364920959,2.49665315630435,2.38750365793331,2.98838314432758,2.48793246591081,2.61241258238009,2.39576721684589,2.40062579271147,2.27630196068341,2.62355214925421,2.62556444039802,2.23972829282662,2.59302307214613,2.19761485361369,2.67792431455228,4.4667702817888,2.4334638686481,2.20050570857582,1.92887259917355,2.20470971505752,3.50335569625128,1.85677580607885,0.800626353868452,1.28987876287699,2.17994084099312,3.18104699619553,2.12178691456853,2.56947728266533,2.18806673926713,1.90409943219036,2.34395676674175,3.46434308527308,3.3049209958747,2.12268829613459,3.75932844992321,2.74994199605738,3.61407780003749,2.18526119554584,2.98716516704433,2.1695560341418,2.91182696758203,2.3166863374484,1.97971331287158,1.88455442526403,2.04969018171511,2.90723446676896,2.16603301248968,2.09585000004953,2.41241277048718,3.35528847744922,2.38432426481937,2.01605515901869,2.45054715977777,3.17933436371307,2.39403084126424,3.16435288031585,1.95148800719297,1.97872975484073,1.39814318884288,2.08152353713408,2.32464462316172,2.14283337918337,2.97553682833535,2.27245614822953,1.76931453461616,0
"Sfn",21.2255998025933,16.8778064250262,18.2989327602947,15.3276407531187,15.3511678317039,17.1202270124824,13.0739645660574,17.4460842608095,16.7273046468096,17.9997159032969,16.397085932904,17.0734997947331,16.0468009177766,14.4421239907823,13.2795319814675,14.5519460670676,16.7165955295574,21.0905345846189,17.0254561595505,19.9593249015472,14.6684713821792,20.0446006734819,15.9774514228743,16.3637234967704,12.0146532451301,16.7566453255406,17.0828817094594,18.472102955089,13.3379856669682,12.5468185324403,14.2438291628603,14.5351149515339,15.7870111071176,13.9970404963035,15.5348837144159,12.9852027104352,17.5693308449783,14.3787521489173,17.9974744455632,15.030512288277,17.0143839713725,17.8905664020953,16.1195345028435,14.331847118816,14.5107232601086,15.1854829082304,21.493102853751,16.8400893901555,14.1292034463683,14.1180401503444,17.9986551200616,14.3778106856006,15.2471631849101,16.791644152436,13.676894016584,13.087450442555,19.3963997847843,14.0002115624273,16.8203307123691,15.5922603199097,16.2396552086461,15.2425696332608,14.7743748092982,17.0632854009803,13.3850992467783,16.9773438403252,14.1659697668506,20.9321260053591,13.0261237044817,17.3412865773403,15.1416333881079,13.2302568536909,15.5175924891677,17.2381524292241,13.9510532729667,16.2808618486077,14.746841953322,18.3417200215197,16.8703697746321,16.113044817009,14.8258898245858,15.6075383903033,23.3962503740446,16.4766383912234,13.8430524418823,19.5942541593791,18.8383122736444,18.45483868253,17.5295788913124,16.2836175089417,16.6379588634487,15.2425964347776,17.9851636552749,16.4817313915386,16.1929991339847,17.1831353290953,14.2122406564378,18.2473854582752,16.4172305768968,16.4688634394096,21.6429496306333,16.8074254119751,16.4859084416127,13.9508168483465,18.2464350052415,18.2161849525789,16.0937179243178,12.9023384318884,11.4725664837719,19.0405224284315,19.480269113763,17.5855512360694,17.4813896292806,16.4376843369829,12.8950559587224,16.0514766324595,17.2647657804262,15.3099624583039,15.1239219377211,20.0220734376607,17.0592681782759,16.5823769147912,14.7107643723626,18.1458603269345,13.8754223026006,18.8378409467603,18.2871508726584,14.7412403980929,13.6843282524053,15.7921026130068,19.4770474251241,15.5238477588807,16.0959532520854,16.1518409466056,16.8390025777644,18.3024084451068,15.060681675909,17.5003192261539,18.1776434684414,15.8403207629099,20.2192852097123,15.2444212617415,15.2560958384892,15.6692588332391,14.1814351542433,15.7761015268242,16.8494479645933,15.9735164569531,15.8043739557807,20.0895951922496,24.090830100698
"Socs3",1.11826170694533,0.942217385444663,1.38478121998136,1.05826390113552,1.2118233036844,1.01690051099636,0.880221994278388,1.25459112916211,0.810755482118309,1.51728383017102,1.24963001989109,1.52399351262316,0.938743705853588,0.505551694268114,0.76385838831545,0.687162071193451,0.718956265755948,1.42681683208424,1.01796802815799,1.43043703581589,1.23704891197993,1.0057993613269,1.02377709079489,0.881279200160639,0.662959179747882,1.14774212403653,1.18849135640376,1.02339022054819,0.917791696609146,0.770761286005729,0.694257728213852,0.925573535842489,1.22896060249274,0.661922134227853,1.40130244071402,0.641618545687322,0.779399433416707,0.975984139436769,1.39691995311902,1.16915392892437,0.868996130233736,0.947357218221456,1.26332888790559,1.63602850071285,1.07000840159993,1.03647344076249,1.18305079836011,0.85990718619253,0.885141371721482,0.830861236929256,1.0417676064888,1.19638982315978,1.16220195663985,0.901589715083295,0.616723605764072,1.17458597953247,0.725225528067745,0.904345936489859,0.976029805868722,0.86241660872968,0.933605112437348,1.17731905398835,0.910876571545797,1.25398742231786,1.0061966280243,1.1478181298733,0.718042859713539,1.36692953719459,1.0218648159376,1.26481481906966,1.14731351698827,0.520858598871774,1.22598476454841,1.71018507310605,1.0045934111434,0.663427697881933,1.29083198755376,1.12035271134451,0.826304719610335,1.18700757963908,0.86775198859174,1.26956732092994,2.20251774527634,1.45117284142119,0.788963083436196,0.890777141282959,1.51537876054692,1.41661548832412,1.50339283972276,1.28745019928315,0.888756028065838,1.4596819967279,1.53028680878427,0.746609167963,0.834455636270203,1.28086679855751,1.11760117374451,0.80110675013041,0.907523628476324,1.44595830078706,1.31764119084198,1.11455359330151,1.03425614403577,0.952242789446274,1.90146137652588,1.53910479257981,0.541859406409906,0.772071832895877,0.819462002418231,1.42135877732385,1.45067427127343,1.30539481634601,1.163930841704,1.11317669531193,1.17132177184391,0.884981249259347,0.930633787387793,0.716923870886445,1.28888313786205,1.17102946753182,1.39523057875266,1.18154352854449,0.615691399525928,1.17251076744033,0.890968454794261,1.64963580051635,0.949812094378688,0.807480900732634,1.40912891381793,0.647085144102876,1.76163301251729,0.999626661802278,1.40043174993051,1.12875893860805,0.472745293924841,1.26724546850087,0.964588650796872,1.31894975933472,1.19874425921311,0.842771427325042,1.60513925066894,1.20126624246835,0.736881834910887,0.720338099614247,0.499274248517379,1.23454471462093,0.518532629345135,1.343291803857,1.49931866456787,1.43812526627255,0
"Ubc",14.3321929187623,10.0823188544215,11.0258101442271,11.6544557617716,10.208694185998,11.0020091343095,7.47708469089918,11.2273776068246,9.95216204334752,12.6003659090882,9.70135742631308,11.6717516852444,8.4260134743116,8.29172264994663,9.29608267068523,10.0447418853021,10.5520418814593,14.8617148683217,9.53458618705553,11.4077474423253,9.64031453495265,14.2590439899806,9.57518297472249,11.1201721334241,8.61529005810173,12.3754973050035,9.21214480897018,12.5140329190866,8.78738898113014,12.1157823689636,8.92796973307787,8.3846261838616,9.31222326703439,8.61379017997353,9.44501477521352,9.4003652330654,10.1121482216553,8.91924072522442,9.50238369609655,9.81221569003438,10.1456806570676,11.9071459222633,11.3883132678084,8.83406089285448,9.49076858480146,10.2720774348671,14.2489140433229,11.934384392868,9.26268951740694,9.70456390796804,13.8773131505739,9.72840251669376,10.2039866817561,12.6610900191824,9.40230569182267,8.74061028460725,13.7837779259842,9.13739507506329,9.9804560118224,9.01449068056424,9.46730033190229,7.46218884870686,9.20851668832119,10.9882424369053,9.56854882405138,9.01905551616279,10.3967055460817,11.0708646834311,9.75507145237321,9.16138247993208,9.39320033875952,9.02733354486688,10.2308434077441,10.2693420381435,8.83336696135208,9.0404762790687,12.2297227976293,11.7559016314349,10.0649144266826,10.713760290315,8.86677595618924,10.9838643914668,16.698868539649,9.00545053812425,8.41382071948729,13.290341127603,11.298686783903,10.3123661781164,9.62050406223566,10.9897026235097,10.0766038818611,9.60779760518727,10.8788355039621,12.3358360247583,9.60808938742987,11.427398274802,8.12811565406905,11.962179555591,9.39229871065757,9.31481521686531,14.6397143743327,11.3965980318134,11.3017828332639,9.07893385883347,12.2135899691417,14.0232987370438,10.3734090329784,10.1495113323573,7.62567383966891,12.0800099865048,11.6656208437425,9.63350519472719,11.4568867304247,9.48702539123831,8.2104825734625,9.62339834164903,12.0029974578709,10.0258565865075,9.04637924837846,13.9271248519543,11.2286853695436,11.6282182732824,10.3294203088258,11.9232947501859,8.78684871232343,11.088196383066,12.9390727047159,9.43008870117356,8.86140347007452,8.72701253002828,14.5997668326302,9.9790512343548,8.97488867505925,11.3081054412243,11.2311822555605,12.2323302384039,8.47519268544903,11.4548024614236,12.1246285221123,11.263942414187,13.2710660865084,9.68217577136635,8.10608772469937,9.26837052789324,10.6104710662648,11.8901652370912,9.30671684346656,13.5532481778543,9.76508775064393,12.3344801623623,0.996512207274539
"Zfp36",17.5163782188272,14.2274940978581,15.3757730611977,15.5204332806239,16.3254403650985,15.6571453689698,9.73656463760097,16.335986028232,15.4400907043412,19.1739512340922,16.8738045058517,15.7105696622359,15.2912501895988,9.03913043119749,11.4397244248737,11.9247648968339,16.1874959551952,20.8964386575701,13.283159232669,20.7850115174402,15.1617322474245,18.9440136644132,12.718201755543,14.9720148604513,7.45856158119685,14.0621742458411,15.6458633781123,14.6538315282562,10.526703785436,13.8173859533052,11.3625257290203,11.8952342651832,13.2270468779274,11.8237183860572,16.1205660508238,9.84601439942094,13.8706533494867,14.2647588481818,18.4250230674272,14.7571482170962,14.291411255225,13.9465849285148,17.3349069302361,15.0543516466185,13.5104984886198,14.0736303904271,17.2810403817074,13.7607154299684,13.5969238148617,11.8850392950691,17.8981767089486,12.1080916441613,15.7156914161509,14.4783513507617,9.27389219601912,11.6833011203426,15.8895988375705,12.5316963607067,13.3950217925957,11.7420576019011,14.0353015255231,14.112270034201,11.9560966375613,18.5389940687729,14.5059216908075,13.7106225372873,16.5039018607938,18.7730649622944,12.5167391457155,15.2738901159686,13.5896686545265,8.86293483253514,12.1638947541912,20.0327962763472,12.705445568859,14.0414067869957,13.034521024101,14.6914689321092,15.6900642048405,14.1304956123041,13.465794484621,18.6622827884647,28.1342423859466,14.6512935129779,12.7754492179402,19.060594637178,18.6107785069475,13.3988386286715,17.8625677357349,15.1118273170285,15.3347768777468,13.9609128816492,16.787693325916,17.7378801373163,14.0195893403561,16.3479418555254,9.53814035714061,15.6083413157212,14.5428457561922,18.3114234130455,19.8015348089972,13.1618283702795,14.4939182831317,11.8604889395092,18.9416454936344,19.6389626380067,11.4056348616691,12.564195411835,12.5922369123835,16.1591589581315,18.1594998449795,15.0561538680649,16.2031020916829,13.4162730772009,13.4725893904857,13.0692612876314,15.4927674542313,13.5332367856575,14.8412730766366,18.3492676933665,18.016874168783,16.3373167520214,13.3910897074927,17.543768028234,13.4911892215227,16.6253442560293,13.8475323580244,14.3667551515738,12.4783271317386,11.1727379983737,19.4266545813981,14.0993300451081,14.5976070006714,16.5261476097978,13.2105045363462,18.376085021453,11.098855108574,17.7875840368152,19.819363536712,16.9247183209266,18.3611089541885,13.7780604024209,11.3761356848265,10.0653215675078,11.5177825386711,14.9419640418147,15.1326080304861,21.2703304965703,11.9456389970537,15.3340652003937,0.996512207274539
