"","Term","Overlap","P.value","Adjusted.P.value","Old.P.value","Old.Adjusted.P.value","Odds.Ratio","Combined.Score","Genes","sample","fraction_overlap","overlap","padj"
"1","Apoptosis","14/161",1.63709372418575e-06,7.69434050367302e-05,0,0,5.27245670995671,70.2427685345973,"IFITM3;BCAP31;JUN;ANXA1;TNFRSF12A;IFNGR1;SATB1;HMGB2;PSEN1;SAT1;CCND2;CCND1;TIMP3;BCL2L1","de/mast_p60_de_up5_vs_middle5_downsample500_pct10_lfc0.1.csv",0.0869565217391304,14,2.77497599460994e-05
"2","TNF-alpha Signaling via NF-kB","15/200",4.44047076171698e-06,0.000104351062900349,0,0,4.49272349272349,55.3716945845527,"EGR1;JUN;SERPINB2;TSC22D1;DUSP1;SAT1;PANX1;NFKBIA;NR4A1;ZFP36;CCND1;F2RL1;SIK1;JUNB;IER2","de/mast_p60_de_up5_vs_middle5_downsample500_pct10_lfc0.1.csv",0.075,15,6.40979091041471e-05
"3","IL-2/STAT5 Signaling","12/199",0.000316649865604143,0.00496084789446491,0,0,3.52524245445482,28.405395194634,"IFITM3;PRNP;SYNGR2;CCND2;IFNGR1;IL1R2;NFKBIZ;ITGA6;AHR;IKZF2;WLS;BCL2L1","de/mast_p60_de_up5_vs_middle5_downsample500_pct10_lfc0.1.csv",0.0603015075376884,12,0.00275717078099217
"4","KRAS Signaling Up","11/200",0.0011884165858522,0.0139638948837633,0,0,3.18794246963261,21.4712179894569,"IL33;ADAM17;IL1RL2;CCND2;SATB1;IGFBP3;MALL;F2RL1;PLEK2;ADAM8;PSMB8","de/mast_p60_de_up5_vs_middle5_downsample500_pct10_lfc0.1.csv",0.055,11,0.00808123278379496
"5","Estrogen Response Late","10/200",0.0038984338873828,0.0366452785413983,0,0,2.87463039621526,15.946093315912,"ZFP36;TFAP2C;SLC24A3;CCND1;CDH1;ATP2B4;SFN;EMP2;FGFR3;KLK11","de/mast_p60_de_up5_vs_middle5_downsample500_pct10_lfc0.1.csv",0.05,10,0.0201701579390675
"6","Interferon Alpha Response","6/97",0.00883213646837269,0.0665921897746133,0,0,3.57930402930403,16.9278113551713,"IFITM3;TENT5A;IFI30;B2M;PSMB8;PSMB9","de/mast_p60_de_up5_vs_middle5_downsample500_pct10_lfc0.1.csv",0.0618556701030928,6,0.0369755400409072
"7","Androgen Response","6/100",0.0101833500466877,0.0665921897746133,0,0,3.4645390070922,15.8918447242906,"CCND1;TSC22D1;VAPA;STK39;SAT1;B2M","de/mast_p60_de_up5_vs_middle5_downsample500_pct10_lfc0.1.csv",0.06,6,0.0417868501915806
"8","p53 Pathway","9/200",0.0116262793817434,0.0665921897746133,0,0,2.56628096264684,11.4314659030167,"CEBPA;JUN;CCND2;TSC22D1;FBXW7;CLCA2;SFN;IFI30;SAT1","de/mast_p60_de_up5_vs_middle5_downsample500_pct10_lfc0.1.csv",0.045,9,0.0463752149640491
"9","PI3K/AKT/mTOR  Signaling","6/105",0.0127516959142877,0.0665921897746133,0,0,3.28872053872054,14.3456982744452,"ACTR3;GSK3B;ACTR2;MAPK1;SFN;HSP90B1","de/mast_p60_de_up5_vs_middle5_downsample500_pct10_lfc0.1.csv",0.0571428571428571,6,0.0486882934909165
"10","Notch Signaling","3/32",0.0203652146631027,0.0781433546303169,0,0,5.58706184098034,21.7556109373484,"CCND1;WNT5A;DTX2","de/mast_p60_de_up5_vs_middle5_downsample500_pct10_lfc0.1.csv",0.09375,3,0.0646256145309126
"11","IL-6/JAK/STAT3 Signaling","5/87",0.0217694307240852,0.0781433546303169,0,0,3.30247956219174,12.6394101278151,"JUN;TNFRSF12A;IL1R1;IFNGR1;IL1R2","de/mast_p60_de_up5_vs_middle5_downsample500_pct10_lfc0.1.csv",0.0574712643678161,5,0.0681726909517404
"12","Hypoxia","8/200",0.0312997808466061,0.0781433546303169,0,0,2.26280260707635,7.83867448895734,"JUN;ZFP36;WSB1;DUSP1;IGFBP3;PKP1;PAM;TMEM45A","de/mast_p60_de_up5_vs_middle5_downsample500_pct10_lfc0.1.csv",0.04,8,0.0879844233247115
"13","Adipogenesis","8/200",0.0312997808466061,0.0781433546303169,0,0,2.26280260707635,7.83867448895734,"RTN3;ECHS1;GRPEL1;IFNGR1;MGST3;UCP2;UBC;ATP1B3","de/mast_p60_de_up5_vs_middle5_downsample500_pct10_lfc0.1.csv",0.04,8,0.0879844233247115
"14","Estrogen Response Early","8/200",0.0312997808466061,0.0781433546303169,0,0,2.26280260707635,7.83867448895734,"LAD1;GJA1;TFAP2C;MREG;SLC24A3;CCND1;SLC39A6;SFN","de/mast_p60_de_up5_vs_middle5_downsample500_pct10_lfc0.1.csv",0.04,8,0.0879844233247115
"15","Interferon Gamma Response","8/200",0.0312997808466061,0.0781433546303169,0,0,2.26280260707635,7.83867448895734,"IFITM3;NFKBIA;PSMB2;NLRC5;IFI30;B2M;PSMB8;PSMB9","de/mast_p60_de_up5_vs_middle5_downsample500_pct10_lfc0.1.csv",0.04,8,0.0879844233247115
"16","mTORC1 Signaling","8/200",0.0312997808466061,0.0781433546303169,0,0,2.26280260707635,7.83867448895734,"ACTR3;GSK3B;ACTR2;SERP1;SRD5A1;RPN1;IFI30;HSP90B1","de/mast_p60_de_up5_vs_middle5_downsample500_pct10_lfc0.1.csv",0.04,8,0.0879844233247115
"17","Myc Targets V1","8/200",0.0312997808466061,0.0781433546303169,0,0,2.26280260707635,7.83867448895734,"H2AZ1;XPO1;PSMB2;GLO1;UBA2;VDAC1;HDGF;NME1","de/mast_p60_de_up5_vs_middle5_downsample500_pct10_lfc0.1.csv",0.04,8,0.0879844233247115
"18","Epithelial Mesenchymal Transition","8/200",0.0312997808466061,0.0781433546303169,0,0,2.26280260707635,7.83867448895734,"GJA1;JUN;TNFRSF12A;IGFBP3;WNT5A;HTRA1;TIMP3;SAT1","de/mast_p60_de_up5_vs_middle5_downsample500_pct10_lfc0.1.csv",0.04,8,0.0879844233247115
"19","Protein Secretion","5/96",0.0315898667654472,0.0781433546303169,0,0,2.97449088307814,10.2766247156739,"ANP32E;TMED2;MAPK1;PAM;VAMP3","de/mast_p60_de_up5_vs_middle5_downsample500_pct10_lfc0.1.csv",0.0520833333333333,5,0.0881061127755052
"20","Wnt-beta Catenin Signaling","3/42",0.0412745651149517,0.0969952280201365,0,0,4.15236278872642,13.2356930358,"ADAM17;CCND2;GNAI1","de/mast_p60_de_up5_vs_middle5_downsample500_pct10_lfc0.1.csv",0.0714285714285714,3,0.0992507352107261
"21","UV Response Dn","6/144",0.0493705984790434,0.110496101357859,0,0,2.35458937198068,7.0835471480924,"GJA1;DUSP1;MRPS31;ATP2B4;AGGF1;TGFBR2","de/mast_p60_de_up5_vs_middle5_downsample500_pct10_lfc0.1.csv",0.0416666666666667,6,0.111906689885832
"22","DNA Repair","6/150",0.0579770183196993,0.123447092906651,0,0,2.25578703703704,6.42382410639607,"BCAP31;AGO4;TAF10;TMED2;EDF1;NME1","de/mast_p60_de_up5_vs_middle5_downsample500_pct10_lfc0.1.csv",0.04,6,0.128958227664378
"23","Reactive Oxygen Species Pathway","3/49",0.0604102795075101,0.123447092906651,0,0,3.51922385914481,9.87703959914349,"PDLIM1;PRNP;JUNB","de/mast_p60_de_up5_vs_middle5_downsample500_pct10_lfc0.1.csv",0.0612244897959184,3,0.133126356692476
"24","UV Response Up","6/158",0.0707659250459274,0.138583269881608,0,0,2.13618421052632,5.65742258096106,"NFKBIA;NR4A1;DNAJB1;GRPEL1;RPN1;JUNB","de/mast_p60_de_up5_vs_middle5_downsample500_pct10_lfc0.1.csv",0.0379746835443038,6,0.152189368924073
"25","E2F Targets","7/200",0.0754631309664473,0.141870686216921,0,0,1.96410582071673,5.07546760097756,"H2AZ1;XPO1;STMN1;ANP32E;HMGB2;CTCF;NME1","de/mast_p60_de_up5_vs_middle5_downsample500_pct10_lfc0.1.csv",0.035,7,0.160837837343413
"26","Coagulation","5/138",0.109685737130445,0.198278063274266,0,0,2.03080415720742,4.48835324925184,"ANXA1;SERPINB2;HTRA1;S100A13;TIMP3","de/mast_p60_de_up5_vs_middle5_downsample500_pct10_lfc0.1.csv",0.036231884057971,5,0.21395968599836
"27","Angiogenesis","2/36",0.140412311457476,0.220816770624438,0,0,3.16742081447964,6.21819218078683,"CCND2;SLCO2A1","de/mast_p60_de_up5_vs_middle5_downsample500_pct10_lfc0.1.csv",0.0555555555555556,2,0.259726399949839
"28","Unfolded Protein Response","4/113",0.15321071518858,0.220816770624438,0,0,1.97931978306047,3.71308729474057,"SERP1;EEF2;YWHAZ;HSP90B1","de/mast_p60_de_up5_vs_middle5_downsample500_pct10_lfc0.1.csv",0.0353982300884956,4,0.274855403629765
"29","Cholesterol Homeostasis","3/74",0.153825586385208,0.220816770624438,0,0,2.27715050634385,4.2626797240848,"TNFRSF12A;GNAI1;S100A11","de/mast_p60_de_up5_vs_middle5_downsample500_pct10_lfc0.1.csv",0.0405405405405405,3,0.275266838794583
"30","G2-M Checkpoint","6/200",0.161517948862552,0.220816770624438,0,0,1.67010309278351,3.04483008919979,"H2AZ1;SLC12A2;XPO1;CCND1;STMN1;CTCF","de/mast_p60_de_up5_vs_middle5_downsample500_pct10_lfc0.1.csv",0.03,6,0.282224970720292
"31","Myogenesis","6/200",0.161517948862552,0.220816770624438,0,0,1.67010309278351,3.04483008919979,"MEF2A;PRNP;SYNGR2;KLF5;IGFBP3;EPHB3","de/mast_p60_de_up5_vs_middle5_downsample500_pct10_lfc0.1.csv",0.03,6,0.282224970720292
"32","Apical Junction","6/200",0.161517948862552,0.220816770624438,0,0,1.67010309278351,3.04483008919979,"CNN2;ARPC2;PPP2R2C;CDH1;ACTN4;GNAI1","de/mast_p60_de_up5_vs_middle5_downsample500_pct10_lfc0.1.csv",0.03,6,0.282224970720292
"33","Complement","6/200",0.161517948862552,0.220816770624438,0,0,1.67010309278351,3.04483008919979,"SERPINB2;S100A13;GATA3;PSEN1;CD55;PSMB9","de/mast_p60_de_up5_vs_middle5_downsample500_pct10_lfc0.1.csv",0.03,6,0.282224970720292
"34","Oxidative Phosphorylation","6/200",0.161517948862552,0.220816770624438,0,0,1.67010309278351,3.04483008919979,"HADHA;ECHS1;GRPEL1;MGST3;VDAC1;ACADSB","de/mast_p60_de_up5_vs_middle5_downsample500_pct10_lfc0.1.csv",0.03,6,0.282224970720292
"35","Fatty Acid Metabolism","5/158",0.164438020677773,0.220816770624438,0,0,1.76352904966234,3.18356065114851,"H2AZ1;HSPH1;ECHS1;ACSL5;XIST","de/mast_p60_de_up5_vs_middle5_downsample500_pct10_lfc0.1.csv",0.0316455696202532,5,0.282224970720292
"36","TGF-beta Signaling","2/54",0.259833395776802,0.33922693337527,0,0,2.06910397295013,2.78856171360869,"CDH1;JUNB","de/mast_p60_de_up5_vs_middle5_downsample500_pct10_lfc0.1.csv",0.037037037037037,2,0.393887568120248
"37","Pperoxisome","3/104",0.296809765420688,0.357323861216814,0,0,1.59831437689223,1.94141471991052,"SLC25A17;SEMA3C;ACSL5","de/mast_p60_de_up5_vs_middle5_downsample500_pct10_lfc0.1.csv",0.0288461538461538,3,0.435158465113699
"38","Inflammatory Response","5/200",0.304105413801544,0.357323861216814,0,0,1.38070885716315,1.64356942683781,"NFKBIA;IL1R1;AHR;PSEN1;CD55","de/mast_p60_de_up5_vs_middle5_downsample500_pct10_lfc0.1.csv",0.025,5,0.43953697460385
"39","heme Metabolism","5/200",0.304105413801544,0.357323861216814,0,0,1.38070885716315,1.64356942683781,"SLC22A4;MGST3;GLRX5;UCP2;HDGF","de/mast_p60_de_up5_vs_middle5_downsample500_pct10_lfc0.1.csv",0.025,5,0.43953697460385
"40","Allograft Rejection","5/200",0.304105413801544,0.357323861216814,0,0,1.38070885716315,1.64356942683781,"CCND2;IFNGR1;TAP2;B2M;NME1","de/mast_p60_de_up5_vs_middle5_downsample500_pct10_lfc0.1.csv",0.025,5,0.43953697460385
"41","Mitotic Spindle","4/199",0.495525251212296,0.568041141633607,0,0,1.10151579543845,0.77341495798931,"NET1;CDC42EP1;ACTN4;ARF6","de/mast_p60_de_up5_vs_middle5_downsample500_pct10_lfc0.1.csv",0.0201005025125628,4,0.612109540646607
"42","Apical Surface","1/44",0.556713974400079,0.622989447542945,0,0,1.24823192099395,0.731094031988943,"GATA3","de/mast_p60_de_up5_vs_middle5_downsample500_pct10_lfc0.1.csv",0.0227272727272727,1,0.652699142400093
"43","Bile Acid Metabolism","2/112",0.610581411490697,0.667379682327041,0,0,0.975224775224775,0.481120942540759,"ACSL5;BBOX1","de/mast_p60_de_up5_vs_middle5_downsample500_pct10_lfc0.1.csv",0.0178571428571429,2,0.706572330315005
"44","Spermatogenesis","2/135",0.71046011637043,0.72727896072233,0,0,0.805626704122945,0.275397420514198,"SLC12A2;IL12RB2","de/mast_p60_de_up5_vs_middle5_downsample500_pct10_lfc0.1.csv",0.0148148148148148,2,0.779453141764715
"45","Glycolysis","3/200",0.711804940281429,0.72727896072233,0,0,0.815413013382557,0.277200767250488,"IGFBP3;STMN1;PAM","de/mast_p60_de_up5_vs_middle5_downsample500_pct10_lfc0.1.csv",0.015,3,0.779453141764715
"46","KRAS Signaling Dn","3/200",0.711804940281429,0.72727896072233,0,0,0.815413013382557,0.277200767250488,"SERPINB2;PKP1;FGFR3","de/mast_p60_de_up5_vs_middle5_downsample500_pct10_lfc0.1.csv",0.015,3,0.779453141764715
"47","Xenobiotic Metabolism","1/200",0.975583449981776,0.975583449981776,0,0,0.26757073036415,0.0066142351979533,"IL1R1","de/mast_p60_de_up5_vs_middle5_downsample500_pct10_lfc0.1.csv",0.005,1,0.976951729715271
"48","TNF-alpha Signaling via NF-kB","32/200",2.22736951601945e-13,5.56842379004862e-12,0,0,5.67488706213434,165.3252641637,"BTG2;CDKN1A;TNFAIP8;BTG1;CSF1;LITAF;SAT1;PANX1;ZFP36;CCND1;JUNB;IER2;MCL1;KLF10;EGR1;JUN;SERPINB2;TSC22D1;DUSP1;TAP1;FOS;RHOB;VEGFA;NFKBIA;NR4A1;BCL6;BHLHE40;F2RL1;FOSB;ACKR3;SIK1;ATF3","de/mast_p60_de_up5_vs_down5_downsample500_pct10_lfc0.1.csv",0.16,32,3.18068366887577e-11
"49","Myc Targets V1","32/200",2.22736951601945e-13,5.56842379004862e-12,0,0,5.67488706213434,165.3252641637,"YWHAE;SLC25A3;GLO1;PHB;PHB2;GSPT1;HSPD1;LDHA;XPO1;PSMB2;PCBP1;FAM120A;RACK1;PGK1;TXNL4A;EIF4E;H2AZ1;HNRNPA3;RPS5;GOT2;UBE2E1;NME1;PSMA4;CANX;TCP1;HNRNPA2B1;UBA2;VDAC1;ETF1;HNRNPC;EIF4G2;RAN","de/mast_p60_de_up5_vs_down5_downsample500_pct10_lfc0.1.csv",0.16,32,3.18068366887577e-11
"50","mTORC1 Signaling","31/200",1.26458586212378e-12,2.10764310353963e-11,0,0,5.45624609504208,149.480826284809,"RAB1A;CDKN1A;BTG2;FKBP2;TES;TFRC;RPN1;GMPS;SLC2A1;HSP90B1;HSPD1;STIP1;LDHA;SERP1;PGK1;HSPA9;ACTR3;ACTR2;EGLN3;HSPA5;GOT1;HMGCS1;HSPA4;TUBA4A;PSMA4;P4HA1;PSAT1;CANX;BHLHE40;ETF1;CALR","de/mast_p60_de_up5_vs_down5_downsample500_pct10_lfc0.1.csv",0.155,31,1.11798058742332e-10
"51","Oxidative Phosphorylation","25/200",1.81452267589047e-08,2.26815334486309e-07,0,0,4.20879120879121,75.0211069080984,"SLC25A3;ECHS1;OAT;MGST3;PHB2;MRPL35;UQCRH;LDHA;MFN2;ATP6V1H;UQCRFS1;ATP6V1E1;HSPA9;CPT1A;NDUFA4;ECH1;GOT2;ATP1B1;ACADSB;LRPPRC;CS;HADHB;UQCRQ;VDAC1;SLC25A5","de/mast_p60_de_up5_vs_down5_downsample500_pct10_lfc0.1.csv",0.125,25,6.47784595292897e-07
"52","PI3K/AKT/mTOR  Signaling","17/105",8.05115046168201e-08,7.19469591685817e-07,0,0,5.64777908261951,92.2557130902995,"ACTR3;ACTR2;CDKN1A;CAB39;CAB39L;CLTC;SLC2A1;ITPR2;HSP90B1;TIAM1;ARPC3;CFL1;MAPK1;SFN;CALR;MAP3K7;EIF4E","de/mast_p60_de_up5_vs_down5_downsample500_pct10_lfc0.1.csv",0.161904761904762,17,2.2015769505586e-06
"53","UV Response Up","21/158",8.63363510022981e-08,7.19469591685817e-07,0,0,4.49728788589031,73.1484554217644,"BTG2;BTG1;TFRC;RPN1;CEBPG;CLTB;TAP1;GGH;WIZ;FOS;TUBA4A;GLS;RHOB;NFKBIA;STIP1;NR4A1;DNAJB1;BSG;FOSB;JUNB;ATF3","de/mast_p60_de_up5_vs_down5_downsample500_pct10_lfc0.1.csv",0.132911392405063,21,2.2015769505586e-06
"54","Apoptosis","21/161",1.19771864165389e-07,8.55513315467061e-07,0,0,4.40022935779816,70.1294343869966,"IFITM3;BCAP31;JUN;CDKN1A;BTG2;ANXA1;IFNGR1;SATB1;HMGB2;TAP1;EMP1;CLU;SAT1;RHOB;TGFBR3;WEE1;CCND2;CCND1;ETF1;ATF3;MCL1","de/mast_p60_de_up5_vs_down5_downsample500_pct10_lfc0.1.csv",0.130434782608696,21,2.9488658970375e-06
"55","IL-2/STAT5 Signaling","23/199",2.83796664205666e-07,1.72603846758106e-06,0,0,3.83807689626325,57.8590392491931,"IFITM3;RNH1;CSF1;IFNGR1;IL1R2;ANXA4;TNFRSF18;HUWE1;EMP1;RORA;IKZF2;CKAP4;RHOB;TIAM1;ARL4A;SYNGR2;CCND2;P4HA1;BHLHE40;NFKBIZ;ITGA6;WLS;PLEC","de/mast_p60_de_up5_vs_down5_downsample500_pct10_lfc0.1.csv",0.115577889447236,23,5.62863384007904e-06
"56","Hypoxia","23/200",3.10686924164591e-07,1.72603846758106e-06,0,0,3.81619354615091,57.1836762749146,"JUN;CDKN1A;TES;WSB1;BTG1;HSPA5;DUSP1;IGFBP3;SLC2A1;RORA;FOS;VEGFA;LDHA;ZFP36;P4HA1;FAM162A;CCNG2;BHLHE40;PGK1;PKP1;ACKR3;ATF3;TMEM45A","de/mast_p60_de_up5_vs_down5_downsample500_pct10_lfc0.1.csv",0.115,23,5.99541794198697e-06
"57","Fatty Acid Metabolism","19/158",1.67120403036733e-06,8.35602015183665e-06,0,0,3.99778469907001,53.1783970020583,"H2AZ1;CPT1A;ECHS1;HMGCS1;ECI2;ECH1;RAP1GDS1;CPOX;ACSL5;HSD17B7;PRDX6;HADHB;LDHA;ERP29;XIST;GLUL;MGLL;METAP1;YWHAH","de/mast_p60_de_up5_vs_down5_downsample500_pct10_lfc0.1.csv",0.120253164556962,19,2.77497599460994e-05
"58","p53 Pathway","21/200",4.38467223678942e-06,1.99303283490428e-05,0,0,3.43452411460202,42.3730829791208,"CEBPA;JUN;CDKN1A;BTG2;BTG1;TSC22D1;FBXW7;ABCC5;VWA5A;TAP1;FOS;SAT1;CCND2;MAPKAPK3;FAM162A;RACK1;CLCA2;STOM;SFN;ANKRA2;ATF3","de/mast_p60_de_up5_vs_down5_downsample500_pct10_lfc0.1.csv",0.105,21,6.40979091041471e-05
"59","Unfolded Protein Response","15/113",6.07635173114109e-06,2.53181322130879e-05,0,0,4.45895176252319,53.5569426533827,"HSPA9;HSPA5;CEBPG;EEF2;YWHAZ;HSP90B1;VEGFA;CNOT6;SERP1;DKC1;PSAT1;CALR;EIF4E;ATF3;EIF4G1","de/mast_p60_de_up5_vs_down5_downsample500_pct10_lfc0.1.csv",0.132743362831858,15,8.18587761515988e-05
"60","Cholesterol Homeostasis","10/74",0.000183650972395314,0.000706349893828129,0,0,4.52561090225564,38.9314478167088,"HMGCS1;CBS;ETHE1;ECH1;ANXA5;HSD17B7;CLU;ATF3;GNAI1;S100A11","de/mast_p60_de_up5_vs_down5_downsample500_pct10_lfc0.1.csv",0.135135135135135,10,0.00176208639168712
"61","Adipogenesis","17/200",0.000462167520215746,0.00154055840071915,0,0,2.70245984686166,20.7537650622592,"RTN3;ECHS1;IFNGR1;SOWAHC;MGST3;ECH1;ATP1B3;CS;ARL4A;BCL6;UQCRQ;CCNG2;UCP2;UBC;STOM;TKT;MGLL","de/mast_p60_de_up5_vs_down5_downsample500_pct10_lfc0.1.csv",0.085,17,0.00370772594869711
"62","Interferon Gamma Response","17/200",0.000462167520215746,0.00154055840071915,0,0,2.70245984686166,20.7537650622592,"IFITM3;PTPN1;CDKN1A;BTG1;STAT1;STAT3;NLRC5;TAP1;SAMHD1;PSMB8;PSMB9;NFKBIA;ARL4A;PSMB2;PELI1;B2M;LY6E","de/mast_p60_de_up5_vs_down5_downsample500_pct10_lfc0.1.csv",0.085,17,0.00370772594869711
"63","Estrogen Response Early","15/200",0.00333564821196425,0.00981073003518896,0,0,2.35135135135135,13.40996426844,"KLF10;TFAP2C;MREG;SLC24A3;BCL11B;SLC2A1;FOS;NCOR2;TIAM1;CCND1;BHLHE40;SLC39A6;SFN;RETREG1;PTGES","de/mast_p60_de_up5_vs_down5_downsample500_pct10_lfc0.1.csv",0.075,15,0.0180473382576034
"64","Glycolysis","15/200",0.00333564821196425,0.00981073003518896,0,0,2.35135135135135,13.40996426844,"EGLN3;GOT1;HSPA5;PGAM1;IGFBP3;GOT2;VEGFA;LDHA;P4HA1;NASP;FAM162A;STMN1;PGK1;NDUFV3;IL13RA1","de/mast_p60_de_up5_vs_down5_downsample500_pct10_lfc0.1.csv",0.075,15,0.0180473382576034
"65","E2F Targets","14/200",0.00813308840932217,0.0214028642350583,0,0,2.17937956501228,10.4867702996183,"H2AZ1;JPT1;CDKN1A;DNMT1;TFRC;HMGB2;GSPT1;NME1;WEE1;XPO1;NASP;STMN1;RAN;TMPO","de/mast_p60_de_up5_vs_down5_downsample500_pct10_lfc0.1.csv",0.07,14,0.0369755400409072
"66","KRAS Signaling Up","14/200",0.00813308840932217,0.0214028642350583,0,0,2.17937956501228,10.4867702996183,"IL33;CAB39L;SATB1;IGFBP3;VWA5A;EMP1;PSMB8;IL1RL2;CCND2;MAFB;MALL;F2RL1;PLEK2;ADAM8","de/mast_p60_de_up5_vs_down5_downsample500_pct10_lfc0.1.csv",0.07,14,0.0369755400409072
"67","IL-6/JAK/STAT3 Signaling","8/87",0.00908956544003193,0.0227239136000798,0,0,2.92198204695121,13.7351511464225,"PTPN1;JUN;CSF1;IFNGR1;STAT1;IL1R2;STAT3;IL13RA1","de/mast_p60_de_up5_vs_down5_downsample500_pct10_lfc0.1.csv",0.0919540229885057,8,0.0377322658382721
"68","Protein Secretion","8/96",0.0158861324885654,0.0378241249727747,0,0,2.62191631456999,10.8607868151781,"TMED10;RER1;BNIP3;CLTC;ATP6V1H;MAPK1;AP3B1;VAMP3","de/mast_p60_de_up5_vs_down5_downsample500_pct10_lfc0.1.csv",0.0833333333333333,8,0.0534163154788088
"69","Estrogen Response Late","13/200",0.0185169486954352,0.0420839743078073,0,0,2.00974199072653,8.01699911266579,"TFAP2C;SLC24A3;ATP2B4;LSR;FOS;KLK11;NCOR2;TIAM1;ZFP36;CCND1;DLG5;SFN;PTGES","de/mast_p60_de_up5_vs_down5_downsample500_pct10_lfc0.1.csv",0.065,13,0.0600959153115488
"70","UV Response Dn","10/144",0.024316314546538,0.0528615533620392,0,0,2.15363034451801,8.00419927945444,"TGFBR3;EFEMP1;DUSP1;ANXA4;BHLHE40;MRPS31;ATP2B4;AGGF1;MGLL;TGFBR2","de/mast_p60_de_up5_vs_down5_downsample500_pct10_lfc0.1.csv",0.0694444444444444,10,0.072948943639614
"71","TGF-beta Signaling","5/54",0.0350811372582768,0.07308570262141,0,0,2.93572951568687,9.83496306342854,"KLF10;NCOR2;HDAC1;JUNB;MAP3K7","de/mast_p60_de_up5_vs_down5_downsample500_pct10_lfc0.1.csv",0.0925925925925926,5,0.0928165308014344
"72","G2-M Checkpoint","12/200",0.0392435727225539,0.0784871454451078,0,0,1.84239915278714,5.96562876382904,"H2AZ1;JPT1;H2AZ2;XPO1;CCND1;NASP;DKC1;STMN1;FOXN3;HMGN2;GSPT1;TMPO","de/mast_p60_de_up5_vs_down5_downsample500_pct10_lfc0.1.csv",0.06,12,0.0953058194690595
"73","Interferon Alpha Response","7/97",0.0458146608452953,0.0881051170101834,0,0,2.23960412508317,6.90503799637662,"IFITM3;CSF1;TAP1;B2M;PSMB8;LY6E;PSMB9","de/mast_p60_de_up5_vs_down5_downsample500_pct10_lfc0.1.csv",0.0721649484536082,7,0.104749312208044
"74","Androgen Response","7/100",0.0524719858254363,0.0971703441211783,0,0,2.16702079711545,6.38724147705476,"TNFAIP8;CCND1;HMGCS1;TSC22D1;VAPA;SAT1;B2M","de/mast_p60_de_up5_vs_down5_downsample500_pct10_lfc0.1.csv",0.07,7,0.118560119871397
"75","Pperoxisome","7/104",0.0622479018286531,0.111156967551166,0,0,2.07722698932033,5.76769170962917,"ABCD3;SEMA3C;ABCC5;ECI2;ECH1;ACSL5;YWHAH","de/mast_p60_de_up5_vs_down5_downsample500_pct10_lfc0.1.csv",0.0673076923076923,7,0.136601677461904
"76","DNA Repair","9/150",0.0680996455236437,0.117413181937317,0,0,1.83860456200882,4.93993197932389,"BCAP31;AGO4;DAD1;ALYREF;DCTN4;TAF10;POLR1C;EDF1;NME1","de/mast_p60_de_up5_vs_down5_downsample500_pct10_lfc0.1.csv",0.06,9,0.147790720072589
"77","heme Metabolism","11/200",0.0771711134590882,0.124469537837239,0,0,1.67731242430038,4.2968216740554,"SLC22A4;BTG2;TFRC;SMOX;MGST3;PIGQ;BSG;UCP2;GMPS;SLC2A1;CPOX","de/mast_p60_de_up5_vs_down5_downsample500_pct10_lfc0.1.csv",0.055,11,0.163018269259731
"78","Allograft Rejection","11/200",0.0771711134590882,0.124469537837239,0,0,1.67731242430038,4.2968216740554,"CCND2;CSF1;IFNGR1;STAT1;KRT1;TAP2;TAP1;RPL9;B2M;MAP3K7;NME1","de/mast_p60_de_up5_vs_down5_downsample500_pct10_lfc0.1.csv",0.055,11,0.163018269259731
"79","Notch Signaling","3/32",0.0922619416090468,0.144159283764136,0,0,2.97044334975369,7.07893351886653,"CCND1;WNT5A;DTX2","de/mast_p60_de_up5_vs_down5_downsample500_pct10_lfc0.1.csv",0.09375,3,0.19205547028822
"80","Angiogenesis","3/36",0.120615608398616,0.182750921816084,0,0,2.60984848484848,5.5202120975397,"CCND2;SLCO2A1;VEGFA","de/mast_p60_de_up5_vs_down5_downsample500_pct10_lfc0.1.csv",0.0833333333333333,3,0.229652118390964
"81","Complement","10/200",0.140357558560993,0.206408174354402,0,0,1.51444400474871,2.97370488443343,"SERPINB2;USP16;HSPA5;ANXA5;S100A13;CALM3;GATA3;CLU;CD55;PSMB9","de/mast_p60_de_up5_vs_down5_downsample500_pct10_lfc0.1.csv",0.05,10,0.259726399949839
"82","Wnt-beta Catenin Signaling","3/42",0.168100676781671,0.240143823973816,0,0,2.20764652014652,3.93665808269966,"NCOR2;CCND2;GNAI1","de/mast_p60_de_up5_vs_down5_downsample500_pct10_lfc0.1.csv",0.0714285714285714,3,0.282224970720292
"83","Epithelial Mesenchymal Transition","9/200",0.23540604928439,0.326952846228319,0,0,1.35375689825952,1.95813271254016,"TGFBR3;JUN;IGFBP3;COL7A1;WNT5A;HTRA1;SAT1;RHOB;VEGFA","de/mast_p60_de_up5_vs_down5_downsample500_pct10_lfc0.1.csv",0.045,9,0.366187187775717
"84","Coagulation","6/138",0.32290664907214,0.436360336583973,0,0,1.30404946324229,1.47408709349236,"ANXA1;SERPINB2;HTRA1;S100A13;GNG12;CLU","de/mast_p60_de_up5_vs_down5_downsample500_pct10_lfc0.1.csv",0.0434782608695652,6,0.452345109298116
"85","Mitotic Spindle","8/199",0.358104180622828,0.465662309904183,0,0,1.20153535797546,1.23389430031149,"YWHAE;TIAM1;CDC42EP1;EZR;LRPPRC;TUBA4A;CD2AP;ARF6","de/mast_p60_de_up5_vs_down5_downsample500_pct10_lfc0.1.csv",0.0402010050251256,8,0.491990006796871
"86","Myogenesis","8/200",0.363216601725263,0.465662309904183,0,0,1.19521489255372,1.21046096253262,"MEF2A;CDKN1A;SYNGR2;KLF5;IGFBP3;BHLHE40;CLU;EPHB3","de/mast_p60_de_up5_vs_down5_downsample500_pct10_lfc0.1.csv",0.04,8,0.495863582470053
"87","Reactive Oxygen Species Pathway","2/49",0.496050465474269,0.620063081842836,0,0,1.21893079573836,0.854565092109534,"JUNB;PRDX6","de/mast_p60_de_up5_vs_down5_downsample500_pct10_lfc0.1.csv",0.0408163265306122,2,0.612109540646607
"88","Myc Targets V2","2/58",0.587288693394435,0.71620572365175,0,0,1.02255359796222,0.544242667683046,"PHB;HSPD1","de/mast_p60_de_up5_vs_down5_downsample500_pct10_lfc0.1.csv",0.0344827586206897,2,0.680720985525368
"89","Inflammatory Response","6/200",0.671538877254382,0.78185405487679,0,0,0.884425130599602,0.352163377741412,"NFKBIA;CDKN1A;BTG2;CSF1;CD55;LY6E","de/mast_p60_de_up5_vs_down5_downsample500_pct10_lfc0.1.csv",0.03,6,0.760839403893097
"90","Spermatogenesis","4/135",0.672394487194039,0.78185405487679,0,0,0.87343716226209,0.346676010613117,"MLLT10;ARL4A;GMCL1;IL12RB2","de/mast_p60_de_up5_vs_down5_downsample500_pct10_lfc0.1.csv",0.0296296296296296,4,0.760839403893097
"91","Hedgehog Signaling","1/36",0.709768044822638,0.806554596389362,0,0,0.817719372615515,0.280328151026318,"VEGFA","de/mast_p60_de_up5_vs_down5_downsample500_pct10_lfc0.1.csv",0.0277777777777778,1,0.779453141764715
"92","Bile Acid Metabolism","3/112",0.733637715707693,0.812039420867392,0,0,0.787024901703801,0.243773051771241,"ABCD3;ACSL5;BBOX1","de/mast_p60_de_up5_vs_down5_downsample500_pct10_lfc0.1.csv",0.0267857142857143,3,0.786623014713479
"93","Pancreas Beta Cells","1/40",0.747076267198001,0.812039420867392,0,0,0.733698546754927,0.21393769263746,"MAFB","de/mast_p60_de_up5_vs_down5_downsample500_pct10_lfc0.1.csv",0.025,1,0.797328034049884
"94","Apical Surface","1/44",0.77959481026737,0.825618845451808,0,0,0.665309502449796,0.1656494041312,"GATA3","de/mast_p60_de_up5_vs_down5_downsample500_pct10_lfc0.1.csv",0.0227272727272727,1,0.816174038901617
"95","Apical Junction","5/200",0.809106468542772,0.825618845451808,0,0,0.732108687332568,0.155078750986903,"CNN2;ARPC2;PPP2R2C;GNAI1;YWHAH","de/mast_p60_de_up5_vs_down5_downsample500_pct10_lfc0.1.csv",0.025,5,0.842131222360844
"96","KRAS Signaling Dn","5/200",0.809106468542772,0.825618845451808,0,0,0.732108687332568,0.155078750986903,"BTG2;MFSD6;SERPINB2;KRT1;PKP1","de/mast_p60_de_up5_vs_down5_downsample500_pct10_lfc0.1.csv",0.025,5,0.842131222360844
"97","Xenobiotic Metabolism","4/200",0.909157652766802,0.909157652766802,0,0,0.581799933087989,0.0554087431879101,"SMOX;ECH1;SSR3;PTGES","de/mast_p60_de_up5_vs_down5_downsample500_pct10_lfc0.1.csv",0.02,4,0.924670316960711
"98","TNF-alpha Signaling via NF-kB","11/200",3.3816911479651e-05,0.000794697419771799,0,0,4.93046107331822,50.7568757790926,"NFKBIA;EGR1;BTG1;SERPINB2;CSF1;TIPARP;IL6ST;JUNB;SAT1;ICAM1;VEGFA","de/mast_p60_de_up5_vs_ctrl_downsample500_pct10_lfc0.1.csv",0.055,11,0.00038943991607211
"99","Interferon Gamma Response","11/200",3.3816911479651e-05,0.000794697419771799,0,0,4.93046107331822,50.7568757790926,"IFITM3;NFKBIA;BTG1;EIF4E3;STAT1;SAMHD1;B2M;PSMB8;IRF9;ICAM1;PSMB9","de/mast_p60_de_up5_vs_ctrl_downsample500_pct10_lfc0.1.csv",0.055,11,0.00038943991607211
"100","Interferon Alpha Response","7/97",0.000177404636647411,0.00277933930747611,0,0,6.50950354609929,56.2230856491389,"IFITM3;CSF1;TENT5A;B2M;IRF9;PSMB8;PSMB9","de/mast_p60_de_up5_vs_ctrl_downsample500_pct10_lfc0.1.csv",0.0721649484536082,7,0.0017592626467535
"101","PI3K/AKT/mTOR  Signaling","7/105",0.000289681093131106,0.0034037528442905,0,0,5.97568389057751,48.6822827374504,"TIAM1;GSK3B;ACTR2;CAB39L;ITPR2;MAPK1;SFN","de/mast_p60_de_up5_vs_ctrl_downsample500_pct10_lfc0.1.csv",0.0666666666666667,7,0.00255348519130383
"102","IL-6/JAK/STAT3 Signaling","6/87",0.000657760103445099,0.00511918520195028,0,0,6.17608286252354,45.2501227405122,"CSF1;IFNGR1;STAT1;IL1R2;IL6ST;IRF9","de/mast_p60_de_up5_vs_ctrl_downsample500_pct10_lfc0.1.csv",0.0689655172413793,6,0.00521823015399778
"103","Estrogen Response Early","9/200",0.000762431838588339,0.00511918520195028,0,0,3.95710401545963,28.4080396185376,"TIAM1;GJA1;TFAP2C;SLC24A3;TIPARP;SLC39A6;SFN;IL6ST;PTGES","de/mast_p60_de_up5_vs_ctrl_downsample500_pct10_lfc0.1.csv",0.045,9,0.00591713405165298
"104","p53 Pathway","9/200",0.000762431838588339,0.00511918520195028,0,0,3.95710401545963,28.4080396185376,"CEBPA;BTG1;MAPKAPK3;FBXW7;DGKA;CLCA2;SFN;ERCC5;SAT1","de/mast_p60_de_up5_vs_ctrl_downsample500_pct10_lfc0.1.csv",0.045,9,0.00591713405165298
"105","IL-2/STAT5 Signaling","8/199",0.00299614724634057,0.0124044636500705,0,0,3.50239405736788,20.3504087322431,"IFITM3;TIAM1;CSF1;IFNGR1;IL1R2;ITGA6;IKZF2;WLS","de/mast_p60_de_up5_vs_ctrl_downsample500_pct10_lfc0.1.csv",0.0402010050251256,8,0.0173922693811965
"106","Hypoxia","8/200",0.00308921896683448,0.0124044636500705,0,0,3.48397435897436,20.1368038428218,"PFKL;WSB1;BTG1;TIPARP;IGFBP3;PGK1;PKP1;VEGFA","de/mast_p60_de_up5_vs_ctrl_downsample500_pct10_lfc0.1.csv",0.04,8,0.0175055741453954
"107","Estrogen Response Late","8/200",0.00308921896683448,0.0124044636500705,0,0,3.48397435897436,20.1368038428218,"TIAM1;TFAP2C;SLC24A3;SFN;PLXNB1;IL6ST;KLK11;PTGES","de/mast_p60_de_up5_vs_ctrl_downsample500_pct10_lfc0.1.csv",0.04,8,0.0175055741453954
"108","mTORC1 Signaling","8/200",0.00308921896683448,0.0124044636500705,0,0,3.48397435897436,20.1368038428218,"GGA2;GSK3B;ACTR2;EGLN3;PFKL;SERP1;HMGCS1;PGK1","de/mast_p60_de_up5_vs_ctrl_downsample500_pct10_lfc0.1.csv",0.04,8,0.0175055741453954
"109","UV Response Up","7/158",0.00316709710214567,0.0124044636500705,0,0,3.86780329716782,22.2589753318127,"NFKBIA;BTG1;CLTB;GGH;IL6ST;JUNB;ICAM1","de/mast_p60_de_up5_vs_ctrl_downsample500_pct10_lfc0.1.csv",0.0443037974683544,7,0.0178055695348977
"110","Myc Targets V1","7/200",0.0111194180161235,0.0402009728275235,0,0,3.01962297431375,13.5854719691289,"H2AZ1;PGK1;SRSF3;VDAC1;PHB2;EIF4G2;GNL3","de/mast_p60_de_up5_vs_ctrl_downsample500_pct10_lfc0.1.csv",0.035,7,0.0451094571790466
"111","Cholesterol Homeostasis","4/74",0.0124266231459903,0.0417179491329675,0,0,4.72701080432173,20.7417172647814,"HMGCS1;ETHE1;GNAI1;S100A11","de/mast_p60_de_up5_vs_ctrl_downsample500_pct10_lfc0.1.csv",0.0540540540540541,4,0.0477021985281564
"112","Apoptosis","6/161",0.0137514530108864,0.0430878861007775,0,0,3.21536358665938,13.7830122344876,"IFITM3;ANXA1;ERBB3;IFNGR1;HMGB2;SAT1","de/mast_p60_de_up5_vs_ctrl_downsample500_pct10_lfc0.1.csv",0.0372670807453416,6,0.0493422211092065
"113","Reactive Oxygen Species Pathway","3/49",0.0214231905825295,0.0629306223361804,0,0,5.37893396398035,20.6727561650585,"PDLIM1;ABCC1;JUNB","de/mast_p60_de_up5_vs_ctrl_downsample500_pct10_lfc0.1.csv",0.0612244897959184,3,0.0673839562816126
"114","Protein Secretion","4/96",0.0292639675721762,0.0804051185958634,0,0,3.59261965655828,12.6869709313608,"COPB1;MAPK1;AP3B1;VAMP3","de/mast_p60_de_up5_vs_ctrl_downsample500_pct10_lfc0.1.csv",0.0416666666666667,4,0.0849368814899747
"115","Androgen Response","4/100",0.0332942111770215,0.0804051185958634,0,0,3.4422268907563,11.711735480753,"HMGCS1;VAPA;SAT1;B2M","de/mast_p60_de_up5_vs_ctrl_downsample500_pct10_lfc0.1.csv",0.04,4,0.0917840416231404
"116","Allograft Rejection","6/200",0.0351404914380501,0.0804051185958634,0,0,2.56386510571379,8.58484902525987,"CSF1;IFNGR1;STAT1;TAP2;B2M;ICAM1","de/mast_p60_de_up5_vs_ctrl_downsample500_pct10_lfc0.1.csv",0.03,6,0.0928165308014344
"117","KRAS Signaling Up","6/200",0.0351404914380501,0.0804051185958634,0,0,2.56386510571379,8.58484902525987,"IL33;ADAM17;CAB39L;IGFBP3;ADAM8;PSMB8","de/mast_p60_de_up5_vs_ctrl_downsample500_pct10_lfc0.1.csv",0.03,6,0.0928165308014344
"118","DNA Repair","5/150",0.0359256912875134,0.0804051185958634,0,0,2.85363014695184,9.4920373906069,"NUDT21;DCTN4;ELOA;ERCC5;VPS37B","de/mast_p60_de_up5_vs_ctrl_downsample500_pct10_lfc0.1.csv",0.0333333333333333,5,0.0931398050744651
"119","Unfolded Protein Response","4/113",0.0485269777500204,0.103671270647771,0,0,3.02968159740961,9.16671187190249,"ZBTB17;SERP1;YWHAZ;VEGFA","de/mast_p60_de_up5_vs_ctrl_downsample500_pct10_lfc0.1.csv",0.0353982300884956,4,0.110344783801002
"120","Angiogenesis","2/36",0.0702201399766893,0.143493329517582,0,0,4.8343137254902,12.8405179277304,"SLCO2A1;VEGFA","de/mast_p60_de_up5_vs_ctrl_downsample500_pct10_lfc0.1.csv",0.0555555555555556,2,0.151768801075261
"121","Wnt-beta Catenin Signaling","2/42",0.0916137526915522,0.155286255966653,0,0,4.10791666666667,9.81863511795586,"ADAM17;GNAI1","de/mast_p60_de_up5_vs_ctrl_downsample500_pct10_lfc0.1.csv",0.0476190476190476,2,0.191263799478854
"122","Adipogenesis","5/200",0.0961531033880282,0.155286255966653,0,0,2.1165206101915,4.95649660346337,"JAGN1;PFKL;IFNGR1;UBC;ATP1B3","de/mast_p60_de_up5_vs_ctrl_downsample500_pct10_lfc0.1.csv",0.025,5,0.195593492361972
"123","Myogenesis","5/200",0.0961531033880282,0.155286255966653,0,0,2.1165206101915,4.95649660346337,"MEF2A;KLF5;ERBB3;IGFBP3;EPHB3","de/mast_p60_de_up5_vs_ctrl_downsample500_pct10_lfc0.1.csv",0.025,5,0.195593492361972
"124","E2F Targets","5/200",0.0961531033880282,0.155286255966653,0,0,2.1165206101915,4.95649660346337,"H2AZ1;NUDT21;CSE1L;STMN1;HMGB2","de/mast_p60_de_up5_vs_ctrl_downsample500_pct10_lfc0.1.csv",0.025,5,0.195593492361972
"125","Epithelial Mesenchymal Transition","5/200",0.0961531033880282,0.155286255966653,0,0,2.1165206101915,4.95649660346337,"GJA1;IGFBP3;HTRA1;SAT1;VEGFA","de/mast_p60_de_up5_vs_ctrl_downsample500_pct10_lfc0.1.csv",0.025,5,0.195593492361972
"126","Glycolysis","5/200",0.0961531033880282,0.155286255966653,0,0,2.1165206101915,4.95649660346337,"EGLN3;IGFBP3;STMN1;PGK1;VEGFA","de/mast_p60_de_up5_vs_ctrl_downsample500_pct10_lfc0.1.csv",0.025,5,0.195593492361972
"127","Apical Surface","2/44",0.0991188867872251,0.155286255966653,0,0,3.91190476190476,9.04211465004919,"LYPD3;GATA3","de/mast_p60_de_up5_vs_ctrl_downsample500_pct10_lfc0.1.csv",0.0454545454545455,2,0.200484093954897
"128","Complement","4/200",0.224089110578418,0.319157218096535,0,0,1.67741382267193,2.50892712998813,"SERPINB2;GATA3;CD55;PSMB9","de/mast_p60_de_up5_vs_ctrl_downsample500_pct10_lfc0.1.csv",0.02,4,0.357142019984354
"129","Inflammatory Response","4/200",0.224089110578418,0.319157218096535,0,0,1.67741382267193,2.50892712998813,"NFKBIA;CSF1;CD55;ICAM1","de/mast_p60_de_up5_vs_ctrl_downsample500_pct10_lfc0.1.csv",0.02,4,0.357142019984354
"130","KRAS Signaling Dn","4/200",0.224089110578418,0.319157218096535,0,0,1.67741382267193,2.50892712998813,"MFSD6;SERPINB2;PKP1;LYPD3","de/mast_p60_de_up5_vs_ctrl_downsample500_pct10_lfc0.1.csv",0.02,4,0.357142019984354
"131","Coagulation","3/138",0.233978689541653,0.32344112966052,0,0,1.82454672245467,2.65020016246974,"ANXA1;SERPINB2;HTRA1","de/mast_p60_de_up5_vs_ctrl_downsample500_pct10_lfc0.1.csv",0.0217391304347826,3,0.364761537844411
"132","UV Response Dn","3/144",0.25332447579903,0.340178581787269,0,0,1.74637229591383,2.3979160303352,"GJA1;ABCC1;TGFBR2","de/mast_p60_de_up5_vs_ctrl_downsample500_pct10_lfc0.1.csv",0.0208333333333333,3,0.386169294431755
"133","Fatty Acid Metabolism","3/158",0.299206722105794,0.390630998304787,0,0,1.58750168713727,1.91551218458188,"H2AZ1;HMGCS1;XIST","de/mast_p60_de_up5_vs_ctrl_downsample500_pct10_lfc0.1.csv",0.0189873417721519,3,0.4368785267557
"134","Hedgehog Signaling","1/36",0.355088543984898,0.451058420737574,0,0,2.33823355068168,2.42097919557315,"VEGFA","de/mast_p60_de_up5_vs_ctrl_downsample500_pct10_lfc0.1.csv",0.0277777777777778,1,0.491990006796871
"135","Apical Junction","3/200",0.436708217911362,0.540139111627211,0,0,1.24637342565257,1.03260791999204,"PPP2R2C;GNAI1;ICAM1","de/mast_p60_de_up5_vs_ctrl_downsample500_pct10_lfc0.1.csv",0.015,3,0.561819220880563
"136","TGF-beta Signaling","1/54",0.482249540226115,0.5811725228366,0,0,1.54270727315431,1.12508651104091,"JUNB","de/mast_p60_de_up5_vs_ctrl_downsample500_pct10_lfc0.1.csv",0.0185185185185185,1,0.601378192846715
"137","Myc Targets V2","1/58",0.506924669559515,0.595636486732431,0,0,1.43415592924219,0.974355308751954,"GNL3","de/mast_p60_de_up5_vs_ctrl_downsample500_pct10_lfc0.1.csv",0.0172413793103448,1,0.620957786416627
"138","Mitotic Spindle","2/199",0.696648443512594,0.764322853070898,0,0,0.827453468697124,0.299103230131307,"NET1;TIAM1","de/mast_p60_de_up5_vs_ctrl_downsample500_pct10_lfc0.1.csv",0.0100502512562814,2,0.779453141764715
"139","G2-M Checkpoint","2/200",0.699274099618056,0.764322853070898,0,0,0.823232323232323,0.294480478051793,"H2AZ1;STMN1","de/mast_p60_de_up5_vs_ctrl_downsample500_pct10_lfc0.1.csv",0.01,2,0.779453141764715
"140","Oxidative Phosphorylation","2/200",0.699274099618056,0.764322853070898,0,0,0.823232323232323,0.294480478051793,"VDAC1;PHB2","de/mast_p60_de_up5_vs_ctrl_downsample500_pct10_lfc0.1.csv",0.01,2,0.779453141764715
"141","Pperoxisome","1/104",0.718989536164475,0.768011549993871,0,0,0.791805986383596,0.261223505214128,"SEMA3C","de/mast_p60_de_up5_vs_ctrl_downsample500_pct10_lfc0.1.csv",0.00961538461538462,1,0.779453141764715
"142","Bile Acid Metabolism","1/112",0.745201638290765,0.778321711103688,0,0,0.734439834024896,0.215999079661729,"BBOX1","de/mast_p60_de_up5_vs_ctrl_downsample500_pct10_lfc0.1.csv",0.00892857142857143,1,0.796517918771865
"143","Spermatogenesis","1/135",0.807762089753138,0.825322135182554,0,0,0.607667058896389,0.129729447140402,"IL12RB2","de/mast_p60_de_up5_vs_ctrl_downsample500_pct10_lfc0.1.csv",0.00740740740740741,1,0.842131222360844
"144","Xenobiotic Metabolism","1/200",0.913448173726656,0.913448173726656,0,0,0.407827519339436,0.036920070074963,"PTGES","de/mast_p60_de_up5_vs_ctrl_downsample500_pct10_lfc0.1.csv",0.005,1,0.924670316960711
"145","TNF-alpha Signaling via NF-kB","8/200",7.44619815805367e-07,2.45724539215771e-05,0,0,12.4583333333333,175.791967787077,"EGR1;ZFP36;JUN;SERPINB2;DUSP1;SAT1;JUNB;IER2","de/mast_p60_de_up20_vs_middle20_downsample500_pct10_lfc0.1.csv",0.04,8,1.36322704739752e-05
"146","p53 Pathway","5/200",0.000876063883094326,0.0144550540710564,0,0,7.33221850613155,51.6193428577944,"JUN;FBXW7;CLCA2;SFN;SAT1","de/mast_p60_de_up20_vs_middle20_downsample500_pct10_lfc0.1.csv",0.025,5,0.00631827891443787
"147","Hypoxia","4/200",0.00647334784039089,0.0712068262442998,0,0,5.75218658892128,28.9913762599418,"ZFP36;JUN;DUSP1;IGFBP3","de/mast_p60_de_up20_vs_middle20_downsample500_pct10_lfc0.1.csv",0.02,4,0.0308131357202606
"148","Reactive Oxygen Species Pathway","2/49",0.0141960608091488,0.117117501675477,0,0,11.7488179669031,49.988762134326,"PRNP;JUNB","de/mast_p60_de_up20_vs_middle20_downsample500_pct10_lfc0.1.csv",0.0408163265306122,2,0.0493422211092065
"149","IL-2/STAT5 Signaling","3/199",0.0375818541232752,0.151378222191149,0,0,4.25337740730095,13.9563263432621,"PRNP;IL1R2;IKZF2","de/mast_p60_de_up20_vs_middle20_downsample500_pct10_lfc0.1.csv",0.0150753768844221,3,0.0931398050744651
"150","Myogenesis","3/200",0.0380555884306285,0.151378222191149,0,0,4.23157217416172,13.8317710031892,"PRNP;KLF5;IGFBP3","de/mast_p60_de_up20_vs_middle20_downsample500_pct10_lfc0.1.csv",0.015,3,0.0931398050744651
"151","Complement","3/200",0.0380555884306285,0.151378222191149,0,0,4.23157217416172,13.8317710031892,"SERPINB2;GATA3;PSMB9","de/mast_p60_de_up20_vs_middle20_downsample500_pct10_lfc0.1.csv",0.015,3,0.0931398050744651
"152","Epithelial Mesenchymal Transition","3/200",0.0380555884306285,0.151378222191149,0,0,4.23157217416172,13.8317710031892,"JUN;IGFBP3;SAT1","de/mast_p60_de_up20_vs_middle20_downsample500_pct10_lfc0.1.csv",0.015,3,0.0931398050744651
"153","IL-6/JAK/STAT3 Signaling","2/87",0.0412849696884953,0.151378222191149,0,0,6.48398692810458,20.6661312676514,"JUN;IL1R2","de/mast_p60_de_up20_vs_middle20_downsample500_pct10_lfc0.1.csv",0.0229885057471264,2,0.0992507352107261
"154","UV Response Up","2/158",0.116059314940664,0.328402165633004,0,0,3.52029914529915,7.58150592313021,"DNAJB1;JUNB","de/mast_p60_de_up20_vs_middle20_downsample500_pct10_lfc0.1.csv",0.0126582278481013,2,0.223231194753497
"155","Apoptosis","2/161",0.119694725740404,0.328402165633004,0,0,3.45335429769392,7.33081755662816,"JUN;SAT1","de/mast_p60_de_up20_vs_middle20_downsample500_pct10_lfc0.1.csv",0.0124223602484472,2,0.228508112777135
"156","Angiogenesis","1/36",0.125028310443078,0.328402165633004,0,0,7.78512720156556,16.1869539066313,"SLCO2A1","de/mast_p60_de_up20_vs_middle20_downsample500_pct10_lfc0.1.csv",0.0277777777777778,1,0.235352971045542
"157","Wnt-beta Catenin Signaling","1/42",0.144310636967646,0.328402165633004,0,0,6.64383561643836,12.8610512918479,"GNAI1","de/mast_p60_de_up20_vs_middle20_downsample500_pct10_lfc0.1.csv",0.0238095238095238,1,0.265561326790977
"158","Apical Surface","1/44",0.150644448918388,0.328402165633004,0,0,6.33418286078369,11.9895494704193,"GATA3","de/mast_p60_de_up20_vs_middle20_downsample500_pct10_lfc0.1.csv",0.0227272727272727,1,0.270932333822995
"159","Adipogenesis","2/200",0.169176873204881,0.328402165633004,0,0,2.76767676767677,4.91763720877468,"UBC;ATP1B3","de/mast_p60_de_up20_vs_middle20_downsample500_pct10_lfc0.1.csv",0.01,2,0.282224970720292
"160","Estrogen Response Late","2/200",0.169176873204881,0.328402165633004,0,0,2.76767676767677,4.91763720877468,"ZFP36;SFN","de/mast_p60_de_up20_vs_middle20_downsample500_pct10_lfc0.1.csv",0.01,2,0.282224970720292
"161","KRAS Signaling Up","2/200",0.169176873204881,0.328402165633004,0,0,2.76767676767677,4.91763720877468,"IL33;IGFBP3","de/mast_p60_de_up20_vs_middle20_downsample500_pct10_lfc0.1.csv",0.01,2,0.282224970720292
"162","TGF-beta Signaling","1/54",0.181626328584117,0.332981602404214,0,0,5.13646937193073,8.76180918964115,"JUNB","de/mast_p60_de_up20_vs_middle20_downsample500_pct10_lfc0.1.csv",0.0185185185185185,1,0.298117697951861
"163","Cholesterol Homeostasis","1/74",0.240283504826704,0.417334508383223,0,0,3.72546443985738,5.31227305189252,"GNAI1","de/mast_p60_de_up20_vs_middle20_downsample500_pct10_lfc0.1.csv",0.0135135135135135,1,0.372152760187129
"164","Interferon Alpha Response","1/97",0.302625160449435,0.463583497106765,0,0,2.82962328767123,3.38213647459123,"PSMB9","de/mast_p60_de_up20_vs_middle20_downsample500_pct10_lfc0.1.csv",0.0103092783505155,1,0.43953697460385
"165","Androgen Response","1/100",0.310375237892897,0.463583497106765,0,0,2.74346201743462,3.20977722405069,"SAT1","de/mast_p60_de_up20_vs_middle20_downsample500_pct10_lfc0.1.csv",0.01,1,0.44410404780667
"166","Pperoxisome","1/104",0.320576646762167,0.463583497106765,0,0,2.63638781752893,2.99924411192333,"SEMA3C","de/mast_p60_de_up20_vs_middle20_downsample500_pct10_lfc0.1.csv",0.00961538461538462,1,0.452345109298116
"167","PI3K/AKT/mTOR  Signaling","1/105",0.323103649498654,0.463583497106765,0,0,2.6109062170706,2.9497551374276,"SFN","de/mast_p60_de_up20_vs_middle20_downsample500_pct10_lfc0.1.csv",0.00952380952380952,1,0.452345109298116
"168","Bile Acid Metabolism","1/112",0.340534917076636,0.468235510980375,0,0,2.44539059607553,2.63426672653821,"BBOX1","de/mast_p60_de_up20_vs_middle20_downsample500_pct10_lfc0.1.csv",0.00892857142857143,1,0.473038775861319
"169","Coagulation","1/138",0.401488385026779,0.525308831927865,0,0,1.97870212978702,1.80571741034377,"SERPINB2","de/mast_p60_de_up20_vs_middle20_downsample500_pct10_lfc0.1.csv",0.0072463768115942,1,0.537860998591338
"170","UV Response Dn","1/144",0.414745287395975,0.525308831927865,0,0,1.8951048951049,1.66786421738255,"DUSP1","de/mast_p60_de_up20_vs_middle20_downsample500_pct10_lfc0.1.csv",0.00694444444444444,1,0.538414791274048
"171","Fatty Acid Metabolism","1/158",0.444562007352181,0.525308831927865,0,0,1.72489311578396,1.39831174490362,"XIST","de/mast_p60_de_up20_vs_middle20_downsample500_pct10_lfc0.1.csv",0.00632911392405063,1,0.563147206673279
"172","Estrogen Response Early","1/200",0.525308831927865,0.525308831927865,0,0,1.35795415433331,0.87420870385752,"SFN","de/mast_p60_de_up20_vs_middle20_downsample500_pct10_lfc0.1.csv",0.005,1,0.620977658934595
"173","Interferon Gamma Response","1/200",0.525308831927865,0.525308831927865,0,0,1.35795415433331,0.87420870385752,"PSMB9","de/mast_p60_de_up20_vs_middle20_downsample500_pct10_lfc0.1.csv",0.005,1,0.620977658934595
"174","Apical Junction","1/200",0.525308831927865,0.525308831927865,0,0,1.35795415433331,0.87420870385752,"GNAI1","de/mast_p60_de_up20_vs_middle20_downsample500_pct10_lfc0.1.csv",0.005,1,0.620977658934595
"175","Oxidative Phosphorylation","1/200",0.525308831927865,0.525308831927865,0,0,1.35795415433331,0.87420870385752,"ATP1B1","de/mast_p60_de_up20_vs_middle20_downsample500_pct10_lfc0.1.csv",0.005,1,0.620977658934595
"176","Glycolysis","1/200",0.525308831927865,0.525308831927865,0,0,1.35795415433331,0.87420870385752,"IGFBP3","de/mast_p60_de_up20_vs_middle20_downsample500_pct10_lfc0.1.csv",0.005,1,0.620977658934595
"177","KRAS Signaling Dn","1/200",0.525308831927865,0.525308831927865,0,0,1.35795415433331,0.87420870385752,"SERPINB2","de/mast_p60_de_up20_vs_middle20_downsample500_pct10_lfc0.1.csv",0.005,1,0.620977658934595
"178","TNF-alpha Signaling via NF-kB","16/200",8.80745200364903e-13,3.78720436156908e-11,0,0,13.6869565217391,379.922648998243,"EGR1;JUN;BTG2;SERPINB2;TSC22D1;DUSP1;FOS;SAT1;RHOB;NR4A1;ZFP36;FOSB;SIK1;JUNB;IER2;ATF3","de/mast_p60_de_up20_vs_bottom20_downsample500_pct10_lfc0.1.csv",0.08,16,8.98360104372201e-11
"179","p53 Pathway","11/200",1.79955902239133e-07,3.86905189814136e-06,0,0,8.80626780626781,136.766217735679,"JUN;BTG2;CCND2;RAP2B;TSC22D1;ABCC5;CLCA2;SFN;FOS;SAT1;ATF3","de/mast_p60_de_up20_vs_bottom20_downsample500_pct10_lfc0.1.csv",0.055,11,4.14479078060455e-06
"180","UV Response Up","9/158",1.83427251475162e-06,2.62912393781065e-05,0,0,9.01921903599756,119.13362504901,"NR4A1;DNAJB1;BTG2;GGH;FOSB;FOS;JUNB;ATF3;RHOB","de/mast_p60_de_up20_vs_bottom20_downsample500_pct10_lfc0.1.csv",0.0569620253164557,9,2.91037905673923e-05
"181","Hypoxia","8/200",8.84170127199033e-05,0.00095048288673896,0,0,6.16134085213033,57.5065430875282,"ZFP36;JUN;DUSP1;IGFBP3;PKP1;RORA;FOS;ATF3","de/mast_p60_de_up20_vs_bottom20_downsample500_pct10_lfc0.1.csv",0.04,8,0.000928378633558984
"182","Apoptosis","7/161",0.000147323240701818,0.00126697987003564,0,0,6.68419267299864,58.9738396693234,"JUN;BTG2;CCND2;ANXA1;SAT1;ATF3;RHOB","de/mast_p60_de_up20_vs_bottom20_downsample500_pct10_lfc0.1.csv",0.0434782608695652,7,0.00148153230790279
"183","IL-2/STAT5 Signaling","6/199",0.00290401609932835,0.0182861681099657,0,0,4.52872769142199,26.4552902960569,"CCND2;IL1R2;NFKBIZ;RORA;ITGA6;RHOB","de/mast_p60_de_up20_vs_bottom20_downsample500_pct10_lfc0.1.csv",0.0301507537688442,6,0.0172788957910037
"184","Estrogen Response Early","6/200",0.00297681806441302,0.0182861681099657,0,0,4.50515463917526,26.206035428706,"GJA1;TFAP2C;SLC24A3;BCL11B;SFN;FOS","de/mast_p60_de_up20_vs_bottom20_downsample500_pct10_lfc0.1.csv",0.03,6,0.0173922693811965
"185","Estrogen Response Late","5/200",0.0137736295265525,0.0658073410713063,0,0,3.70739064856712,15.8861667743674,"ZFP36;TFAP2C;SLC24A3;SFN;FOS","de/mast_p60_de_up20_vs_bottom20_downsample500_pct10_lfc0.1.csv",0.025,5,0.0493422211092065
"186","Epithelial Mesenchymal Transition","5/200",0.0137736295265525,0.0658073410713063,0,0,3.70739064856712,15.8861667743674,"GJA1;JUN;IGFBP3;SAT1;RHOB","de/mast_p60_de_up20_vs_bottom20_downsample500_pct10_lfc0.1.csv",0.025,5,0.0493422211092065
"187","Angiogenesis","2/36",0.0265882436353675,0.11432944763208,0,0,8.38975878121033,30.4320556568226,"CCND2;SLCO2A1","de/mast_p60_de_up20_vs_bottom20_downsample500_pct10_lfc0.1.csv",0.0555555555555556,2,0.0784463056018695
"188","Androgen Response","3/100",0.0337928567698919,0.126701930935291,0,0,4.42895562528014,15.0031130324376,"TSC22D1;SAT1;B2M","de/mast_p60_de_up20_vs_bottom20_downsample500_pct10_lfc0.1.csv",0.03,3,0.092282989762092
"189","Wnt-beta Catenin Signaling","2/42",0.0353586784005464,0.126701930935291,0,0,7.12913669064748,23.8270820441245,"CCND2;GNAI1","de/mast_p60_de_up20_vs_bottom20_downsample500_pct10_lfc0.1.csv",0.0476190476190476,2,0.0928165308014344
"190","KRAS Signaling Up","4/200",0.0533069082548428,0.176322850381403,0,0,2.92909280500521,8.58719016819202,"IL33;IL1RL2;CCND2;IGFBP3","de/mast_p60_de_up20_vs_bottom20_downsample500_pct10_lfc0.1.csv",0.02,4,0.119313894965385
"191","Cholesterol Homeostasis","2/74",0.0960480951351002,0.295004863629236,0,0,3.95423661071143,9.26440555840806,"ATF3;GNAI1","de/mast_p60_de_up20_vs_bottom20_downsample500_pct10_lfc0.1.csv",0.027027027027027,2,0.195593492361972
"192","IL-6/JAK/STAT3 Signaling","2/87",0.125572521374024,0.327740559431261,0,0,3.34727041895895,6.94515709216845,"JUN;IL1R2","de/mast_p60_de_up20_vs_bottom20_downsample500_pct10_lfc0.1.csv",0.0229885057471264,2,0.235352971045542
"193","Protein Secretion","2/96",0.147110357223896,0.327740559431261,0,0,3.02540945966631,5.79841579847934,"BNIP3;VAMP3","de/mast_p60_de_up20_vs_bottom20_downsample500_pct10_lfc0.1.csv",0.0208333333333333,2,0.267269198620514
"194","Interferon Alpha Response","2/97",0.149548873463322,0.327740559431261,0,0,2.99341158652026,5.68787722487429,"B2M;PSMB9","de/mast_p60_de_up20_vs_bottom20_downsample500_pct10_lfc0.1.csv",0.0206185567010309,2,0.270323786462815
"195","Pperoxisome","2/104",0.166834986880132,0.327740559431261,0,0,2.78699393426435,4.99080954824414,"SEMA3C;ABCC5","de/mast_p60_de_up20_vs_bottom20_downsample500_pct10_lfc0.1.csv",0.0192307692307692,2,0.282224970720292
"196","Myogenesis","3/200",0.167681216453203,0.327740559431261,0,0,2.16971970867358,3.87444813889079,"MEF2A;KLF5;IGFBP3","de/mast_p60_de_up20_vs_bottom20_downsample500_pct10_lfc0.1.csv",0.015,3,0.282224970720292
"197","Apical Junction","3/200",0.167681216453203,0.327740559431261,0,0,2.16971970867358,3.87444813889079,"CNN2;PPP2R2C;GNAI1","de/mast_p60_de_up20_vs_bottom20_downsample500_pct10_lfc0.1.csv",0.015,3,0.282224970720292
"198","Complement","3/200",0.167681216453203,0.327740559431261,0,0,2.16971970867358,3.87444813889079,"SERPINB2;GATA3;PSMB9","de/mast_p60_de_up20_vs_bottom20_downsample500_pct10_lfc0.1.csv",0.015,3,0.282224970720292
"199","KRAS Signaling Dn","3/200",0.167681216453203,0.327740559431261,0,0,2.16971970867358,3.87444813889079,"BTG2;SERPINB2;PKP1","de/mast_p60_de_up20_vs_bottom20_downsample500_pct10_lfc0.1.csv",0.015,3,0.282224970720292
"200","Coagulation","2/138",0.254190079601664,0.464158563949117,0,0,2.08664832839611,2.85802576519336,"ANXA1;SERPINB2","de/mast_p60_de_up20_vs_bottom20_downsample500_pct10_lfc0.1.csv",0.0144927536231884,2,0.386169294431755
"201","Apical Surface","1/44",0.26775072268597,0.464158563949117,0,0,3.29169435215947,4.33746193003851,"GATA3","de/mast_p60_de_up20_vs_bottom20_downsample500_pct10_lfc0.1.csv",0.0227272727272727,1,0.401340608499252
"202","UV Response Dn","2/144",0.269859630202975,0.464158563949117,0,0,1.99787212483534,2.6169194822206,"GJA1;DUSP1","de/mast_p60_de_up20_vs_bottom20_downsample500_pct10_lfc0.1.csv",0.0138888888888889,2,0.401416199926925
"203","Reactive Oxygen Species Pathway","1/49",0.29325892381434,0.485005143231408,0,0,2.94806547619048,3.61639003633644,"JUNB","de/mast_p60_de_up20_vs_bottom20_downsample500_pct10_lfc0.1.csv",0.0204081632653061,1,0.431725508460698
"204","Fatty Acid Metabolism","2/158",0.306356603693818,0.487901257734599,0,0,1.8172846338314,2.14985768781085,"CPOX;XIST","de/mast_p60_de_up20_vs_bottom20_downsample500_pct10_lfc0.1.csv",0.0126582278481013,2,0.440696954635369
"205","TGF-beta Signaling","1/54",0.317884618587537,0.488179949973717,0,0,2.66927223719677,3.05916428233162,"JUNB","de/mast_p60_de_up20_vs_bottom20_downsample500_pct10_lfc0.1.csv",0.0185185185185185,1,0.450336542999011
"206","Mitotic Spindle","2/199",0.410360775013892,0.507169130484446,0,0,1.43607347624439,1.27913730907523,"NET1;CDC42EP1","de/mast_p60_de_up20_vs_bottom20_downsample500_pct10_lfc0.1.csv",0.0100502512562814,2,0.537860998591338
"207","Adipogenesis","2/200",0.412812082952456,0.507169130484446,0,0,1.4287479107623,1.26410299419781,"UBC;ATP1B3","de/mast_p60_de_up20_vs_bottom20_downsample500_pct10_lfc0.1.csv",0.01,2,0.537860998591338
"208","Interferon Gamma Response","2/200",0.412812082952456,0.507169130484446,0,0,1.4287479107623,1.26410299419781,"B2M;PSMB9","de/mast_p60_de_up20_vs_bottom20_downsample500_pct10_lfc0.1.csv",0.01,2,0.537860998591338
"209","mTORC1 Signaling","2/200",0.412812082952456,0.507169130484446,0,0,1.4287479107623,1.26410299419781,"GGA2;BTG2","de/mast_p60_de_up20_vs_bottom20_downsample500_pct10_lfc0.1.csv",0.01,2,0.537860998591338
"210","Glycolysis","2/200",0.412812082952456,0.507169130484446,0,0,1.4287479107623,1.26410299419781,"IGFBP3;STMN1","de/mast_p60_de_up20_vs_bottom20_downsample500_pct10_lfc0.1.csv",0.01,2,0.537860998591338
"211","heme Metabolism","2/200",0.412812082952456,0.507169130484446,0,0,1.4287479107623,1.26410299419781,"BTG2;CPOX","de/mast_p60_de_up20_vs_bottom20_downsample500_pct10_lfc0.1.csv",0.01,2,0.537860998591338
"212","Allograft Rejection","2/200",0.412812082952456,0.507169130484446,0,0,1.4287479107623,1.26410299419781,"CCND2;B2M","de/mast_p60_de_up20_vs_bottom20_downsample500_pct10_lfc0.1.csv",0.01,2,0.537860998591338
"213","PI3K/AKT/mTOR  Signaling","1/105",0.525178019212804,0.624003947740585,0,0,1.35679945054945,0.873803254503398,"SFN","de/mast_p60_de_up20_vs_bottom20_downsample500_pct10_lfc0.1.csv",0.00952380952380952,1,0.620977658934595
"214","Bile Acid Metabolism","1/112",0.548242531866743,0.624003947740585,0,0,1.27078507078507,0.763789499192229,"BBOX1","de/mast_p60_de_up20_vs_bottom20_downsample500_pct10_lfc0.1.csv",0.00892857142857143,1,0.64594912170438
"215","Unfolded Protein Response","1/113",0.551445349166098,0.624003947740585,0,0,1.259375,0.749595792679056,"ATF3","de/mast_p60_de_up20_vs_bottom20_downsample500_pct10_lfc0.1.csv",0.00884955752212389,1,0.647585492277293
"216","Spermatogenesis","1/135",0.616472579833193,0.679700536739161,0,0,1.05143923240938,0.508624722599573,"IL12RB2","de/mast_p60_de_up20_vs_bottom20_downsample500_pct10_lfc0.1.csv",0.00740740740740741,1,0.711084688208238
"217","G2-M Checkpoint","1/200",0.758793412472914,0.758793412472914,0,0,0.705671213208902,0.194783406449023,"STMN1","de/mast_p60_de_up20_vs_bottom20_downsample500_pct10_lfc0.1.csv",0.005,1,0.797906474971518
"218","E2F Targets","1/200",0.758793412472914,0.758793412472914,0,0,0.705671213208902,0.194783406449023,"STMN1","de/mast_p60_de_up20_vs_bottom20_downsample500_pct10_lfc0.1.csv",0.005,1,0.797906474971518
"219","Inflammatory Response","1/200",0.758793412472914,0.758793412472914,0,0,0.705671213208902,0.194783406449023,"BTG2","de/mast_p60_de_up20_vs_bottom20_downsample500_pct10_lfc0.1.csv",0.005,1,0.797906474971518
"220","Oxidative Phosphorylation","1/200",0.758793412472914,0.758793412472914,0,0,0.705671213208902,0.194783406449023,"ATP1B1","de/mast_p60_de_up20_vs_bottom20_downsample500_pct10_lfc0.1.csv",0.005,1,0.797906474971518
"221","TNF-alpha Signaling via NF-kB","12/200",5.16480326980197e-09,2.22086540601485e-07,0,0,11.0223964165733,210.322742023064,"NFKBIA;EGR1;ZFP36;JUN;SERPINB2;CCND1;DUSP1;F2RL1;SAT1;JUNB;IER2;ATF3","de/mast_p60_de_up10_vs_middle10_downsample500_pct10_lfc0.1.csv",0.06,12,1.94087870244137e-07
"222","Apoptosis","8/161",8.32323214472978e-06,0.00017894949111169,0,0,8.73867287027806,102.211536803242,"IFITM3;JUN;CCND1;TNFRSF12A;HMGB2;ETF1;SAT1;ATF3","de/mast_p60_de_up10_vs_middle10_downsample500_pct10_lfc0.1.csv",0.0496894409937888,8,0.000104259434233984
"223","IL-2/STAT5 Signaling","6/199",0.00164942707369822,0.0181870923393307,0,0,5.09870466321243,32.6690694783527,"IFITM3;PRNP;SYNGR2;IL1R2;AHR;IKZF2","de/mast_p60_de_up10_vs_middle10_downsample500_pct10_lfc0.1.csv",0.0301507537688442,6,0.0102407907010481
"224","p53 Pathway","6/200",0.00169182254319356,0.0181870923393307,0,0,5.07216494845361,32.3702975296717,"JUN;FBXW7;CLCA2;SFN;SAT1;ATF3","de/mast_p60_de_up10_vs_middle10_downsample500_pct10_lfc0.1.csv",0.03,6,0.0103244555200017
"225","Androgen Response","4/100",0.00369568123021547,0.0317828585798531,0,0,6.75478142076503,37.8307638181894,"CCND1;VAPA;SAT1;B2M","de/mast_p60_de_up10_vs_middle10_downsample500_pct10_lfc0.1.csv",0.04,4,0.0192607036377653
"226","Hypoxia","5/200",0.00876406130337689,0.034259512367746,0,0,4.17016317016317,19.7544626987669,"ZFP36;JUN;DUSP1;IGFBP3;ATF3","de/mast_p60_de_up10_vs_middle10_downsample500_pct10_lfc0.1.csv",0.025,5,0.0369755400409072
"227","Estrogen Response Early","5/200",0.00876406130337689,0.034259512367746,0,0,4.17016317016317,19.7544626987669,"GJA1;TFAP2C;SLC24A3;CCND1;SFN","de/mast_p60_de_up10_vs_middle10_downsample500_pct10_lfc0.1.csv",0.025,5,0.0369755400409072
"228","Estrogen Response Late","5/200",0.00876406130337689,0.034259512367746,0,0,4.17016317016317,19.7544626987669,"ZFP36;TFAP2C;SLC24A3;CCND1;SFN","de/mast_p60_de_up10_vs_middle10_downsample500_pct10_lfc0.1.csv",0.025,5,0.0369755400409072
"229","Myogenesis","5/200",0.00876406130337689,0.034259512367746,0,0,4.17016317016317,19.7544626987669,"PRNP;SYNGR2;KLF5;IGFBP3;EPHB3","de/mast_p60_de_up10_vs_middle10_downsample500_pct10_lfc0.1.csv",0.025,5,0.0369755400409072
"230","Epithelial Mesenchymal Transition","5/200",0.00876406130337689,0.034259512367746,0,0,4.17016317016317,19.7544626987669,"GJA1;JUN;TNFRSF12A;IGFBP3;SAT1","de/mast_p60_de_up10_vs_middle10_downsample500_pct10_lfc0.1.csv",0.025,5,0.0369755400409072
"231","KRAS Signaling Up","5/200",0.00876406130337689,0.034259512367746,0,0,4.17016317016317,19.7544626987669,"IL33;IL1RL2;IGFBP3;MALL;F2RL1","de/mast_p60_de_up10_vs_middle10_downsample500_pct10_lfc0.1.csv",0.025,5,0.0369755400409072
"232","Cholesterol Homeostasis","3/74",0.011434595765477,0.0409739681596259,0,0,6.80281690140845,30.4161549399588,"TNFRSF12A;ATF3;GNAI1","de/mast_p60_de_up10_vs_middle10_downsample500_pct10_lfc0.1.csv",0.0405405405405405,3,0.0458668616660145
"233","IL-6/JAK/STAT3 Signaling","3/87",0.0176293635945886,0.0548186168018061,0,0,5.74622531939605,23.2043460661461,"JUN;TNFRSF12A;IL1R2","de/mast_p60_de_up10_vs_middle10_downsample500_pct10_lfc0.1.csv",0.0344827586206897,3,0.0580062931176787
"234","UV Response Up","4/158",0.0178479217494252,0.0548186168018061,0,0,4.19842452629338,16.9023038162764,"NFKBIA;DNAJB1;JUNB;ATF3","de/mast_p60_de_up10_vs_middle10_downsample500_pct10_lfc0.1.csv",0.0253164556962025,4,0.0581891147447014
"235","Interferon Alpha Response","3/97",0.0234419969756993,0.0672003913303379,0,0,5.13233004670472,19.2627952015755,"IFITM3;B2M;PSMB9","de/mast_p60_de_up10_vs_middle10_downsample500_pct10_lfc0.1.csv",0.0309278350515464,3,0.0709219739010562
"236","PI3K/AKT/mTOR  Signaling","3/105",0.028752415614155,0.0772721169630415,0,0,4.72788139646102,16.7794094312574,"ACTR3;GSK3B;SFN","de/mast_p60_de_up10_vs_middle10_downsample500_pct10_lfc0.1.csv",0.0285714285714286,3,0.0841361670020765
"237","Adipogenesis","4/200",0.037865638640637,0.0782162208883834,0,0,3.29173636667782,10.7761942449666,"UBC;UCP2;ME1;ATP1B3","de/mast_p60_de_up10_vs_middle10_downsample500_pct10_lfc0.1.csv",0.02,4,0.0931398050744651
"238","Interferon Gamma Response","4/200",0.037865638640637,0.0782162208883834,0,0,3.29173636667782,10.7761942449666,"IFITM3;NFKBIA;B2M;PSMB9","de/mast_p60_de_up10_vs_middle10_downsample500_pct10_lfc0.1.csv",0.02,4,0.0931398050744651
"239","Complement","4/200",0.037865638640637,0.0782162208883834,0,0,3.29173636667782,10.7761942449666,"SERPINB2;ME1;GATA3;PSMB9","de/mast_p60_de_up10_vs_middle10_downsample500_pct10_lfc0.1.csv",0.02,4,0.0931398050744651
"240","mTORC1 Signaling","4/200",0.037865638640637,0.0782162208883834,0,0,3.29173636667782,10.7761942449666,"ACTR3;GSK3B;ME1;ETF1","de/mast_p60_de_up10_vs_middle10_downsample500_pct10_lfc0.1.csv",0.02,4,0.0931398050744651
"241","Reactive Oxygen Species Pathway","2/49",0.0381986195036291,0.0782162208883834,0,0,6.80404941660947,22.2149213048248,"PRNP;JUNB","de/mast_p60_de_up10_vs_middle10_downsample500_pct10_lfc0.1.csv",0.0408163265306122,2,0.0931398050744651
"242","Notch Signaling","1/32",0.183227443886934,0.35812636759719,0,0,5.12077419354839,8.69009224701801,"CCND1","de/mast_p60_de_up10_vs_middle10_downsample500_pct10_lfc0.1.csv",0.03125,1,0.299369324794671
"243","Angiogenesis","1/36",0.203650277380425,0.380737475102533,0,0,4.53462857142857,7.21618608743746,"SLCO2A1","de/mast_p60_de_up10_vs_middle10_downsample500_pct10_lfc0.1.csv",0.0277777777777778,1,0.329719496711164
"244","UV Response Dn","2/144",0.22991025617976,0.401341983139595,0,0,2.2412539754657,3.29479179725972,"GJA1;DUSP1","de/mast_p60_de_up10_vs_middle10_downsample500_pct10_lfc0.1.csv",0.0138888888888889,2,0.364559279377221
"245","Wnt-beta Catenin Signaling","1/42",0.233338362290462,0.401341983139595,0,0,3.86985365853659,5.63166521653192,"GNAI1","de/mast_p60_de_up10_vs_middle10_downsample500_pct10_lfc0.1.csv",0.0238095238095238,1,0.364559279377221
"246","Apical Surface","1/44",0.242988297398472,0.401865261082088,0,0,3.68948837209302,5.21967414248187,"GATA3","de/mast_p60_de_up10_vs_middle10_downsample500_pct10_lfc0.1.csv",0.0227272727272727,1,0.374716294476261
"247","Fatty Acid Metabolism","2/158",0.262523726241224,0.418093341791579,0,0,2.03866832092639,2.72654317733178,"ME1;XIST","de/mast_p60_de_up10_vs_middle10_downsample500_pct10_lfc0.1.csv",0.0126582278481013,2,0.395447131932983
"248","TGF-beta Signaling","1/54",0.28945988896988,0.444527686632316,0,0,2.99184905660377,3.70911059434733,"JUNB","de/mast_p60_de_up10_vs_middle10_downsample500_pct10_lfc0.1.csv",0.0185185185185185,1,0.427897227172866
"249","E2F Targets","2/200",0.359690173036368,0.498925078727865,0,0,1.60280221570544,1.63888489754831,"ANP32E;HMGB2","de/mast_p60_de_up10_vs_middle10_downsample500_pct10_lfc0.1.csv",0.01,2,0.491990006796871
"250","Inflammatory Response","2/200",0.359690173036368,0.498925078727865,0,0,1.60280221570544,1.63888489754831,"NFKBIA;AHR","de/mast_p60_de_up10_vs_middle10_downsample500_pct10_lfc0.1.csv",0.01,2,0.491990006796871
"251","Glycolysis","2/200",0.359690173036368,0.498925078727865,0,0,1.60280221570544,1.63888489754831,"IGFBP3;ME1","de/mast_p60_de_up10_vs_middle10_downsample500_pct10_lfc0.1.csv",0.01,2,0.491990006796871
"252","Protein Secretion","1/96",0.455649593125126,0.612279140761888,0,0,1.6656,1.30921356837768,"ANP32E","de/mast_p60_de_up10_vs_middle10_downsample500_pct10_lfc0.1.csv",0.0104166666666667,1,0.571764164308155
"253","Pperoxisome","1/104",0.482618633755137,0.628263172139175,0,0,1.53561165048544,1.1187368758935,"SEMA3C","de/mast_p60_de_up10_vs_middle10_downsample500_pct10_lfc0.1.csv",0.00961538461538462,1,0.601378192846715
"254","Bile Acid Metabolism","1/112",0.508261610040014,0.628263172139175,0,0,1.42436036036036,0.96394866971035,"BBOX1","de/mast_p60_de_up10_vs_middle10_downsample500_pct10_lfc0.1.csv",0.00892857142857143,1,0.620957786416627
"255","Unfolded Protein Response","1/113",0.511377000578398,0.628263172139175,0,0,1.41157142857143,0.946667824452859,"ATF3","de/mast_p60_de_up10_vs_middle10_downsample500_pct10_lfc0.1.csv",0.00884955752212389,1,0.620957786416627
"256","Coagulation","1/138",0.583204141098024,0.696604946311528,0,0,1.15252554744526,0.621462517950854,"SERPINB2","de/mast_p60_de_up10_vs_middle10_downsample500_pct10_lfc0.1.csv",0.0072463768115942,1,0.678188528899005
"257","Mitotic Spindle","1/199",0.717464012106629,0.719261868530988,0,0,0.794989898989899,0.263962475645888,"ARF6","de/mast_p60_de_up10_vs_middle10_downsample500_pct10_lfc0.1.csv",0.0050251256281407,1,0.779453141764715
"258","G2-M Checkpoint","1/200",0.719261868530988,0.719261868530988,0,0,0.790954773869347,0.260643149006076,"CCND1","de/mast_p60_de_up10_vs_middle10_downsample500_pct10_lfc0.1.csv",0.005,1,0.779453141764715
"259","Apical Junction","1/200",0.719261868530988,0.719261868530988,0,0,0.790954773869347,0.260643149006076,"GNAI1","de/mast_p60_de_up10_vs_middle10_downsample500_pct10_lfc0.1.csv",0.005,1,0.779453141764715
"260","Myc Targets V1","1/200",0.719261868530988,0.719261868530988,0,0,0.790954773869347,0.260643149006076,"ETF1","de/mast_p60_de_up10_vs_middle10_downsample500_pct10_lfc0.1.csv",0.005,1,0.779453141764715
"261","heme Metabolism","1/200",0.719261868530988,0.719261868530988,0,0,0.790954773869347,0.260643149006076,"UCP2","de/mast_p60_de_up10_vs_middle10_downsample500_pct10_lfc0.1.csv",0.005,1,0.779453141764715
"262","Allograft Rejection","1/200",0.719261868530988,0.719261868530988,0,0,0.790954773869347,0.260643149006076,"B2M","de/mast_p60_de_up10_vs_middle10_downsample500_pct10_lfc0.1.csv",0.005,1,0.779453141764715
"263","KRAS Signaling Dn","1/200",0.719261868530988,0.719261868530988,0,0,0.790954773869347,0.260643149006076,"SERPINB2","de/mast_p60_de_up10_vs_middle10_downsample500_pct10_lfc0.1.csv",0.005,1,0.779453141764715
"264","TNF-alpha Signaling via NF-kB","18/200",4.34424462889244e-09,2.04179497557945e-07,0,0,6.34268363215732,122.124656154793,"CDKN1A;TNFAIP8;BTG1;SERPINB2;TSC22D1;DUSP1;LITAF;SAT1;ETS2;RHOB;PANX1;ZFP36;CCND1;F2RL1;SIK1;JUNB;IER2;MCL1","de/mast_p60_de_up10_vs_bottom10_downsample500_pct10_lfc0.1.csv",0.09,18,1.82458274413482e-07
"265","IL-2/STAT5 Signaling","14/199",4.48864909692907e-06,7.45338645266409e-05,0,0,4.78943488943489,58.9769037637464,"IFNGR1;IL1R2;TNFRSF18;RORA;AHR;IKZF2;CKAP4;RHOB;TIAM1;ARL4A;CCND2;NFKBIZ;ITGA6;WLS","de/mast_p60_de_up10_vs_bottom10_downsample500_pct10_lfc0.1.csv",0.0703517587939698,14,6.40979091041471e-05
"266","Hypoxia","14/200",4.75748071446644e-06,7.45338645266409e-05,0,0,4.76344086021505,58.379741775621,"CDKN1A;TES;BTG1;HSPA5;DUSP1;IGFBP3;RORA;ZFP36;FAM162A;GPC1;CCNG2;PGK1;PKP1;TMEM45A","de/mast_p60_de_up10_vs_bottom10_downsample500_pct10_lfc0.1.csv",0.07,14,6.53238698101738e-05
"267","Apoptosis","11/161",6.199929820178e-05,0.000728491753870915,0,0,4.60467309753483,44.61185724433,"TGFBR3;CDKN1A;CCND2;ANXA1;CCND1;IFNGR1;SATB1;ETF1;SAT1;MCL1;RHOB","de/mast_p60_de_up10_vs_bottom10_downsample500_pct10_lfc0.1.csv",0.0683229813664596,11,0.000670719680546529
"268","Estrogen Response Late","11/200",0.000415520882785277,0.00390589629818161,0,0,3.64720393337757,28.3970484398211,"TIAM1;ZFP36;TFAP2C;SLC24A3;CCND1;DYNLT3;ATP2B4;SFN;LSR;KLK11;PTGES","de/mast_p60_de_up10_vs_bottom10_downsample500_pct10_lfc0.1.csv",0.055,11,0.00341013690009986
"269","Estrogen Response Early","10/200",0.00155024276725518,0.00910767625762417,0,0,3.28744939271255,21.2676401370813,"TIAM1;GJA1;TFAP2C;SLC24A3;BCL11B;CCND1;DYNLT3;SLC39A6;SFN;PTGES","de/mast_p60_de_up10_vs_bottom10_downsample500_pct10_lfc0.1.csv",0.05,10,0.00979533925504599
"270","mTORC1 Signaling","10/200",0.00155024276725518,0.00910767625762417,0,0,3.28744939271255,21.2676401370813,"GGA2;ACTR3;ACTR2;RAB1A;CDKN1A;TES;HSPA5;HMGCS1;PGK1;ETF1","de/mast_p60_de_up10_vs_bottom10_downsample500_pct10_lfc0.1.csv",0.05,10,0.00979533925504599
"271","p53 Pathway","10/200",0.00155024276725518,0.00910767625762417,0,0,3.28744939271255,21.2676401370813,"CDKN1A;BTG1;CCND2;TSC22D1;FAM162A;FBXW7;ABCC5;CLCA2;SFN;SAT1","de/mast_p60_de_up10_vs_bottom10_downsample500_pct10_lfc0.1.csv",0.05,10,0.00979533925504599
"272","Androgen Response","6/100",0.00558978993056262,0.0291911251929381,0,0,3.95583086453003,20.5181572167879,"TNFAIP8;CCND1;HMGCS1;TSC22D1;SAT1;B2M","de/mast_p60_de_up10_vs_bottom10_downsample500_pct10_lfc0.1.csv",0.06,6,0.0271504082341613
"273","PI3K/AKT/mTOR  Signaling","6/105",0.00706223294945769,0.0331924948624511,0,0,3.75508247027234,18.5989009285821,"ACTR3;TIAM1;ACTR2;CDKN1A;MAPK1;SFN","de/mast_p60_de_up10_vs_bottom10_downsample500_pct10_lfc0.1.csv",0.0571428571428571,6,0.0331739100388999
"274","UV Response Dn","7/144",0.00885548648038534,0.0378370785980101,0,0,3.16966747769667,14.9821245451293,"TGFBR3;GJA1;DUSP1;ATP2B4;AGGF1;MGLL;TGFBR2","de/mast_p60_de_up10_vs_bottom10_downsample500_pct10_lfc0.1.csv",0.0486111111111111,7,0.0369755400409072
"275","UV Response Up","7/158",0.0142359909642809,0.05374762916025,0,0,2.87373068432671,12.2190509875485,"DNAJB1;BTG1;GGH;WIZ;JUNB;GLS;RHOB","de/mast_p60_de_up10_vs_bottom10_downsample500_pct10_lfc0.1.csv",0.0443037974683544,7,0.0493422211092065
"276","Interferon Gamma Response","8/200",0.0160099320902872,0.05374762916025,0,0,2.58572186836518,10.690785991642,"CDKN1A;ARL4A;BTG1;NLRC5;B2M;PSMB8;IRF9;PSMB9","de/mast_p60_de_up10_vs_bottom10_downsample500_pct10_lfc0.1.csv",0.04,8,0.0534163154788088
"277","KRAS Signaling Up","8/200",0.0160099320902872,0.05374762916025,0,0,2.58572186836518,10.690785991642,"IL33;IL1RL2;CCND2;SATB1;IGFBP3;F2RL1;PLEK2;PSMB8","de/mast_p60_de_up10_vs_bottom10_downsample500_pct10_lfc0.1.csv",0.04,8,0.0534163154788088
"278","Protein Secretion","5/96",0.019511870505232,0.0596612901504943,0,0,3.39498041390786,13.3651288997223,"VPS4B;BNIP3;MAPK1;AP3B1;VAMP3","de/mast_p60_de_up10_vs_bottom10_downsample500_pct10_lfc0.1.csv",0.0520833333333333,5,0.062754394327638
"279","Interferon Alpha Response","5/97",0.0203102264342108,0.0596612901504943,0,0,3.35790700864079,13.0845237207868,"TENT5A;B2M;IRF9;PSMB8;PSMB9","de/mast_p60_de_up10_vs_bottom10_downsample500_pct10_lfc0.1.csv",0.0515463917525773,5,0.0646256145309126
"280","Pperoxisome","5/104",0.0264988436672957,0.0732615089625233,0,0,3.11936398687187,11.3253319045483,"ABCD3;SEMA3C;ACSL1;ABCC5;VPS4B","de/mast_p60_de_up10_vs_bottom10_downsample500_pct10_lfc0.1.csv",0.0480769230769231,5,0.0784463056018695
"281","Cholesterol Homeostasis","4/74",0.031490743782368,0.0822258309872942,0,0,3.52345013477089,12.18430769693,"HMGCS1;CBS;GNAI1;S100A11","de/mast_p60_de_up10_vs_bottom10_downsample500_pct10_lfc0.1.csv",0.0540540540540541,4,0.0881061127755052
"282","Mitotic Spindle","7/199",0.0426364632062262,0.0931501400303996,0,0,2.25532407407407,7.11564995369407,"NET1;CDC42;TIAM1;CLIP1;CDC42EP1;EZR;ARF6","de/mast_p60_de_up10_vs_bottom10_downsample500_pct10_lfc0.1.csv",0.0351758793969849,7,0.100338842094538
"283","Fatty Acid Metabolism","6/158",0.0429539221411954,0.0931501400303996,0,0,2.43912391738841,7.67745306936024,"HMGCS1;ACSL1;CPOX;XIST;PRDX6;MGLL","de/mast_p60_de_up10_vs_bottom10_downsample500_pct10_lfc0.1.csv",0.0379746835443038,6,0.100338842094538
"284","Adipogenesis","7/200",0.043602193205719,0.0931501400303996,0,0,2.24352331606218,7.02816844090583,"ARL4A;IFNGR1;CCNG2;UCP2;UBC;ATP1B3;MGLL","de/mast_p60_de_up10_vs_bottom10_downsample500_pct10_lfc0.1.csv",0.035,7,0.1007506988637
"285","Epithelial Mesenchymal Transition","7/200",0.043602193205719,0.0931501400303996,0,0,2.24352331606218,7.02816844090583,"TGFBR3;GJA1;COL16A1;GPC1;IGFBP3;SAT1;RHOB","de/mast_p60_de_up10_vs_bottom10_downsample500_pct10_lfc0.1.csv",0.035,7,0.1007506988637
"286","Myogenesis","6/200",0.104992242991833,0.205609809192339,0,0,1.90695550045674,4.29802752038377,"MEF2A;CDKN1A;KLF5;ACSL1;IGFBP3;EPHB3","de/mast_p60_de_up10_vs_bottom10_downsample500_pct10_lfc0.1.csv",0.03,6,0.208814655978185
"287","Glycolysis","6/200",0.104992242991833,0.205609809192339,0,0,1.90695550045674,4.29802752038377,"HSPA5;FAM162A;PGAM1;GPC1;IGFBP3;PGK1","de/mast_p60_de_up10_vs_bottom10_downsample500_pct10_lfc0.1.csv",0.03,6,0.208814655978185
"288","Unfolded Protein Response","4/113",0.109709941214932,0.206254689484073,0,0,2.2582655357452,4.99057554530043,"HSPA5;FUS;SDAD1;YWHAZ","de/mast_p60_de_up10_vs_bottom10_downsample500_pct10_lfc0.1.csv",0.0353982300884956,4,0.21395968599836
"289","Wnt-beta Catenin Signaling","2/42",0.146533046998664,0.2648866618822,0,0,3.0684375,5.89294741051803,"CCND2;GNAI1","de/mast_p60_de_up10_vs_bottom10_downsample500_pct10_lfc0.1.csv",0.0476190476190476,2,0.267269198620514
"290","IL-6/JAK/STAT3 Signaling","3/87",0.165157387468069,0.287496192999972,0,0,2.19368562472011,3.95051278869891,"IFNGR1;IL1R2;IRF9","de/mast_p60_de_up10_vs_bottom10_downsample500_pct10_lfc0.1.csv",0.0344827586206897,3,0.282224970720292
"291","Reactive Oxygen Species Pathway","2/49",0.186495584650287,0.313046159948696,0,0,2.61050531914894,4.38394614264522,"JUNB;PRDX6","de/mast_p60_de_up10_vs_bottom10_downsample500_pct10_lfc0.1.csv",0.0408163265306122,2,0.303320836993861
"292","Apical Junction","5/200",0.221092755168261,0.346378649763609,0,0,1.57591199547036,2.37832376912724,"VASP;CNN2;COL16A1;PPP2R2C;GNAI1","de/mast_p60_de_up10_vs_bottom10_downsample500_pct10_lfc0.1.csv",0.025,5,0.354742083573344
"293","Allograft Rejection","5/200",0.221092755168261,0.346378649763609,0,0,1.57591199547036,2.37832376912724,"IKBKB;CCND2;IFNGR1;RPL9;B2M","de/mast_p60_de_up10_vs_bottom10_downsample500_pct10_lfc0.1.csv",0.025,5,0.354742083573344
"294","Bile Acid Metabolism","3/112",0.269636798071395,0.408804177721147,0,0,1.68838975007909,2.21293769481412,"ABCD3;ACSL1;BBOX1","de/mast_p60_de_up10_vs_bottom10_downsample500_pct10_lfc0.1.csv",0.0267857142857143,3,0.401416199926925
"295","Complement","4/200",0.402551179785214,0.560349404902148,0,0,1.25028879476319,1.1376790782219,"SERPINB2;HSPA5;GATA3;PSMB9","de/mast_p60_de_up10_vs_bottom10_downsample500_pct10_lfc0.1.csv",0.02,4,0.537860998591338
"296","Myc Targets V1","4/200",0.402551179785214,0.560349404902148,0,0,1.25028879476319,1.1376790782219,"PGK1;SRSF3;ETF1;GSPT1","de/mast_p60_de_up10_vs_bottom10_downsample500_pct10_lfc0.1.csv",0.02,4,0.537860998591338
"297","Notch Signaling","1/32",0.405359143971767,0.560349404902148,0,0,1.97437443473018,1.78282423936747,"CCND1","de/mast_p60_de_up10_vs_bottom10_downsample500_pct10_lfc0.1.csv",0.03125,1,0.537860998591338
"298","Hedgehog Signaling","1/36",0.442800204854361,0.578100267448749,0,0,1.74837561192701,1.42429079114692,"ETS2","de/mast_p60_de_up10_vs_bottom10_downsample500_pct10_lfc0.1.csv",0.0277777777777778,1,0.563147206673279
"299","Angiogenesis","1/36",0.442800204854361,0.578100267448749,0,0,1.74837561192701,1.42429079114692,"CCND2","de/mast_p60_de_up10_vs_bottom10_downsample500_pct10_lfc0.1.csv",0.0277777777777778,1,0.563147206673279
"300","Apical Surface","1/44",0.510777694280475,0.648825719761684,0,0,1.42251684416431,0.955676438376224,"GATA3","de/mast_p60_de_up10_vs_bottom10_downsample500_pct10_lfc0.1.csv",0.0227272727272727,1,0.620957786416627
"301","TGF-beta Signaling","1/54",0.584239439494033,0.722611938321567,0,0,1.15352965379416,0.619958030802727,"JUNB","de/mast_p60_de_up10_vs_bottom10_downsample500_pct10_lfc0.1.csv",0.0185185185185185,1,0.678287739510145
"302","G2-M Checkpoint","3/200",0.62756743861252,0.731981479423204,0,0,0.929984246455453,0.433283512286683,"CCND1;FOXN3;GSPT1","de/mast_p60_de_up10_vs_bottom10_downsample500_pct10_lfc0.1.csv",0.015,3,0.716933041870943
"303","heme Metabolism","3/200",0.62756743861252,0.731981479423204,0,0,0.929984246455453,0.433283512286683,"SLC22A4;UCP2;CPOX","de/mast_p60_de_up10_vs_bottom10_downsample500_pct10_lfc0.1.csv",0.015,3,0.716933041870943
"304","Spermatogenesis","2/135",0.642252884092376,0.731981479423204,0,0,0.918468045112782,0.406672991708824,"ARL4A;IL12RB2","de/mast_p60_de_up10_vs_bottom10_downsample500_pct10_lfc0.1.csv",0.0148148148148148,2,0.731369312985577
"305","Coagulation","2/138",0.6541111092718,0.731981479423204,0,0,0.898069852941176,0.381210940031879,"ANXA1;SERPINB2","de/mast_p60_de_up10_vs_bottom10_downsample500_pct10_lfc0.1.csv",0.0144927536231884,2,0.742504502416637
"306","E2F Targets","2/200",0.835121473688721,0.853276288334128,0,0,0.61489898989899,0.110791323846165,"CDKN1A;GSPT1","de/mast_p60_de_up10_vs_bottom10_downsample500_pct10_lfc0.1.csv",0.01,2,0.855490290120153
"307","Inflammatory Response","2/200",0.835121473688721,0.853276288334128,0,0,0.61489898989899,0.110791323846165,"CDKN1A;AHR","de/mast_p60_de_up10_vs_bottom10_downsample500_pct10_lfc0.1.csv",0.01,2,0.855490290120153
"308","Xenobiotic Metabolism","2/200",0.835121473688721,0.853276288334128,0,0,0.61489898989899,0.110791323846165,"ETS2;PTGES","de/mast_p60_de_up10_vs_bottom10_downsample500_pct10_lfc0.1.csv",0.01,2,0.855490290120153
"309","KRAS Signaling Dn","2/200",0.835121473688721,0.853276288334128,0,0,0.61489898989899,0.110791323846165,"SERPINB2;PKP1","de/mast_p60_de_up10_vs_bottom10_downsample500_pct10_lfc0.1.csv",0.01,2,0.855490290120153
"310","Oxidative Phosphorylation","1/200",0.961709214088804,0.961709214088804,0,0,0.304935894425398,0.0119056567280659,"ATP1B1","de/mast_p60_de_up10_vs_bottom10_downsample500_pct10_lfc0.1.csv",0.005,1,0.964410644465458
"311","TNF-alpha Signaling via NF-kB","26/200",2.65956400196073e-19,1.24999508092154e-17,0,0,13.2988505747126,568.804533718573,"BTG2;BTG1;TNFAIP3;SAT1;ETS2;ICAM1;PANX1;ZFP36;JUNB;EGR1;SERPINB2;TSC22D1;DUSP1;TAP1;FOS;ATP2B1;VEGFA;NFKBIA;NR4A1;KLF6;IRF1;BHLHE40;KLF9;SIK1;IL6ST;ATF3","de/mast_p60_de_Notch1_vs_ctrl_downsample500_pct10_lfc0.1.csv",0.13,26,9.4946434869998e-17
"312","Hypoxia","18/200",5.67973916092555e-11,1.3347387028175e-09,0,0,8.48987854251012,200.2892303906,"BTG1;DUSP1;IGFBP3;SLC2A1;TNFAIP3;RORA;FOS;VEGFA;LDHA;ZFP36;KLF6;FAM162A;GPC1;BHLHE40;PGK1;ALDOA;ATF3;PFKP","de/mast_p60_de_Notch1_vs_ctrl_downsample500_pct10_lfc0.1.csv",0.09,18,3.3794448007507e-09
"313","p53 Pathway","17/200",4.81402745712302e-10,7.54197634949274e-09,0,0,7.93917483952562,170.329572828459,"JAG2;BTG2;BTG1;TSC22D1;DGKA;ABCC5;TAP1;FOS;SAT1;TOB1;RAP2B;CCND2;MAPKAPK3;FAM162A;CLCA2;SFN;ATF3","de/mast_p60_de_Notch1_vs_ctrl_downsample500_pct10_lfc0.1.csv",0.085,17,2.45515400313274e-08
"314","Interferon Gamma Response","15/200",2.82799501328121e-08,3.32289414060542e-07,0,0,6.86872586872587,119.386098836751,"IFITM3;BTG1;EIF4E3;TAP1;TNFAIP3;PSMB8;ICAM1;PSMB9;TAPBP;NFKBIA;ARL4A;IRF1;PSME1;B2M;PFKP","de/mast_p60_de_Notch1_vs_ctrl_downsample500_pct10_lfc0.1.csv",0.075,15,9.17812927037629e-07
"315","UV Response Up","13/158",8.19533453825998e-08,7.70361446596438e-07,0,0,7.54527157022347,123.117069277346,"BTG2;BTG1;TAP1;FOS;ICAM1;NFKBIA;NR4A1;DNAJB1;IRF1;IL6ST;ALDOA;JUNB;ATF3","de/mast_p60_de_Notch1_vs_ctrl_downsample500_pct10_lfc0.1.csv",0.0822784810126582,13,2.2015769505586e-06
"316","Estrogen Response Early","12/200",7.29046932635946e-06,5.71086763898158e-05,0,0,5.33715220949264,63.1328673179117,"GJA1;TFAP2C;SLC24A3;BCL11B;BHLHE40;SLC39A6;SLC2A1;SFN;FOS;IL6ST;RETREG1;TOB1","de/mast_p60_de_Notch1_vs_ctrl_downsample500_pct10_lfc0.1.csv",0.06,12,9.4643547254921e-05
"317","Apoptosis","10/161",3.15757200452223e-05,0.000212008406017921,0,0,5.50089796834662,57.0064772269834,"IFITM3;BTG2;WEE1;CCND2;IFNGR1;SATB1;IRF1;TAP1;SAT1;ATF3","de/mast_p60_de_Notch1_vs_ctrl_downsample500_pct10_lfc0.1.csv",0.062111801242236,10,0.000375751068538145
"318","IL-2/STAT5 Signaling","10/199",0.000185093108370496,0.000921955744290305,0,0,4.38637790332706,37.6993897378469,"IFITM3;ARL4A;KLF6;CCND2;IFNGR1;IL1R2;BHLHE40;RORA;IKZF2;WLS","de/mast_p60_de_Notch1_vs_ctrl_downsample500_pct10_lfc0.1.csv",0.050251256281407,10,0.00176208639168712
"319","Glycolysis","10/200",0.000192767987503426,0.000921955744290305,0,0,4.36306868867083,37.3217909147681,"LDHA;EGLN3;FAM162A;PGAM1;GPC1;IGFBP3;PGK1;ALDOA;PFKP;VEGFA","de/mast_p60_de_Notch1_vs_ctrl_downsample500_pct10_lfc0.1.csv",0.05,10,0.00177289631409447
"320","Interferon Alpha Response","7/97",0.000196160796657512,0.000921955744290305,0,0,6.39925615992562,54.6277355541387,"IFITM3;IRF1;PSME1;TAP1;B2M;PSMB8;PSMB9","de/mast_p60_de_Notch1_vs_ctrl_downsample500_pct10_lfc0.1.csv",0.0721649484536082,7,0.00177289631409447
"321","Estrogen Response Late","9/200",0.000856175672047226,0.0033533547155183,0,0,3.8895221684671,27.4718311256274,"ZFP36;TFAP2C;SLC24A3;SFN;FOS;IL6ST;FGFR3;TOB1;KLK11","de/mast_p60_de_Notch1_vs_ctrl_downsample500_pct10_lfc0.1.csv",0.045,9,0.00630215907053319
"322","KRAS Signaling Up","9/200",0.000856175672047226,0.0033533547155183,0,0,3.8895221684671,27.4718311256274,"IL33;IL1RL2;CCND2;SATB1;IGFBP3;BTBD3;TNFAIP3;ADAM8;PSMB8","de/mast_p60_de_Notch1_vs_ctrl_downsample500_pct10_lfc0.1.csv",0.045,9,0.00630215907053319
"323","Angiogenesis","4/36",0.000965671520149326,0.00349127395746295,0,0,10.1869834710744,70.7250359090373,"JAG2;CCND2;SLCO2A1;VEGFA","de/mast_p60_de_Notch1_vs_ctrl_downsample500_pct10_lfc0.1.csv",0.111111111111111,4,0.00682662837016454
"324","mTORC1 Signaling","8/200",0.00341231185542921,0.0100236660753233,0,0,3.42471988795518,19.4536598559876,"GGA2;LDHA;BTG2;EGLN3;BHLHE40;PGK1;SLC2A1;ALDOA","de/mast_p60_de_Notch1_vs_ctrl_downsample500_pct10_lfc0.1.csv",0.04,8,0.0180473382576034
"325","Epithelial Mesenchymal Transition","8/200",0.00341231185542921,0.0100236660753233,0,0,3.42471988795518,19.4536598559876,"GJA1;COL16A1;GPC1;IGFBP3;WNT5A;TNFAIP3;SAT1;VEGFA","de/mast_p60_de_Notch1_vs_ctrl_downsample500_pct10_lfc0.1.csv",0.04,8,0.0180473382576034
"326","Inflammatory Response","8/200",0.00341231185542921,0.0100236660753233,0,0,3.42471988795518,19.4536598559876,"NFKBIA;BTG2;KLF6;IRF1;ATP2B1;CD55;ICAM1;TAPBP","de/mast_p60_de_Notch1_vs_ctrl_downsample500_pct10_lfc0.1.csv",0.04,8,0.0180473382576034
"327","Adipogenesis","7/200",0.0120846205992336,0.0298935351665253,0,0,2.96847833156286,13.1082709127863,"ARL4A;IFNGR1;UCP2;ATP1B3;ALDOA;TOB1;MGLL","de/mast_p60_de_Notch1_vs_ctrl_downsample500_pct10_lfc0.1.csv",0.035,7,0.0466401032856909
"328","Complement","7/200",0.0120846205992336,0.0298935351665253,0,0,2.96847833156286,13.1082709127863,"SERPINB2;IRF1;TNFAIP3;GATA3;CD55;PSMB9;HSPA1A","de/mast_p60_de_Notch1_vs_ctrl_downsample500_pct10_lfc0.1.csv",0.035,7,0.0466401032856909
"329","Allograft Rejection","7/200",0.0120846205992336,0.0298935351665253,0,0,2.96847833156286,13.1082709127863,"CCND2;IFNGR1;TAP1;B2M;EIF3A;ICAM1;TAPBP","de/mast_p60_de_Notch1_vs_ctrl_downsample500_pct10_lfc0.1.csv",0.035,7,0.0466401032856909
"330","Wnt-beta Catenin Signaling","3/42",0.0148277973694113,0.0348453238181165,0,0,6.2408990186768,26.2819963472371,"JAG2;CCND2;GNAI1","de/mast_p60_de_Notch1_vs_ctrl_downsample500_pct10_lfc0.1.csv",0.0714285714285714,3,0.0506557288122472
"331","Reactive Oxygen Species Pathway","3/49",0.0223558861567438,0.0480001793155667,0,0,5.28931830381106,20.1029302827824,"PDLIM1;JUNB;PFKP","de/mast_p60_de_Notch1_vs_ctrl_downsample500_pct10_lfc0.1.csv",0.0612244897959184,3,0.0691477271358146
"332","IL-6/JAK/STAT3 Signaling","4/87",0.0224681690413291,0.0480001793155667,0,0,3.91735537190083,14.8689321706447,"IFNGR1;IL1R2;IRF1;IL6ST","de/mast_p60_de_Notch1_vs_ctrl_downsample500_pct10_lfc0.1.csv",0.0459770114942529,4,0.0691477271358146
"333","UV Response Dn","5/144",0.0328473281249279,0.0671228009509396,0,0,2.92769933430849,10.0006838686923,"GJA1;DUSP1;BHLHE40;ATP2B1;MGLL","de/mast_p60_de_Notch1_vs_ctrl_downsample500_pct10_lfc0.1.csv",0.0347222222222222,5,0.0909030708573586
"334","Fatty Acid Metabolism","5/158",0.0459195164161312,0.0899257196482569,0,0,2.65790686952513,8.18865240182816,"LDHA;PSME1;ALDOA;GLUL;MGLL","de/mast_p60_de_Notch1_vs_ctrl_downsample500_pct10_lfc0.1.csv",0.0316455696202532,5,0.104749312208044
"335","Hedgehog Signaling","2/36",0.0722458956849941,0.135822283887789,0,0,4.75409836065574,12.4922480428209,"ETS2;VEGFA","de/mast_p60_de_Notch1_vs_ctrl_downsample500_pct10_lfc0.1.csv",0.0555555555555556,2,0.154441824907443
"336","Apical Junction","5/200",0.1012805157724,0.183084009280877,0,0,2.08096606021917,4.76512349820412,"COL16A1;ARPC2;PPP2R2C;GNAI1;ICAM1","de/mast_p60_de_Notch1_vs_ctrl_downsample500_pct10_lfc0.1.csv",0.025,5,0.203702220454912
"337","Androgen Response","3/100",0.125587509759596,0.218615294766704,0,0,2.50184548809978,5.19071011720712,"TSC22D1;SAT1;B2M","de/mast_p60_de_Notch1_vs_ctrl_downsample500_pct10_lfc0.1.csv",0.03,3,0.235352971045542
"338","Pperoxisome","3/104",0.136665243175796,0.229402372473658,0,0,2.4022735606894,4.7810548649314,"SEMA3C;ABCC5;PABPC1","de/mast_p60_de_Notch1_vs_ctrl_downsample500_pct10_lfc0.1.csv",0.0288461538461538,3,0.254775414171066
"339","Unfolded Protein Response","3/113",0.162724443419733,0.26372582209405,0,0,2.2047138047138,4.00309232905207,"EEF2;ATF3;VEGFA","de/mast_p60_de_Notch1_vs_ctrl_downsample500_pct10_lfc0.1.csv",0.0265486725663717,3,0.282224970720292
"340","Cholesterol Homeostasis","2/74",0.230971814638027,0.352651227272975,0,0,2.24066484517304,3.28360378636254,"ATF3;GNAI1","de/mast_p60_de_Notch1_vs_ctrl_downsample500_pct10_lfc0.1.csv",0.027027027027027,2,0.364559279377221
"341","Myogenesis","4/200",0.232599745648132,0.352651227272975,0,0,1.64935064935065,2.40547258203409,"MEF2A;KLF5;IGFBP3;BHLHE40","de/mast_p60_de_Notch1_vs_ctrl_downsample500_pct10_lfc0.1.csv",0.02,4,0.364559279377221
"342","Notch Signaling","1/32",0.327228174405331,0.480616381157829,0,0,2.59684002633311,2.90092368404288,"WNT5A","de/mast_p60_de_Notch1_vs_ctrl_downsample500_pct10_lfc0.1.csv",0.03125,1,0.456329915088684
"343","PI3K/AKT/mTOR  Signaling","2/105",0.371062595964006,0.528483091221463,0,0,1.56382301448353,1.55034991033164,"SLC2A1;SFN","de/mast_p60_de_Notch1_vs_ctrl_downsample500_pct10_lfc0.1.csv",0.019047619047619,2,0.503685729122244
"344","Apical Surface","1/44",0.420242152000325,0.568071387335764,0,0,1.87100142382534,1.6220163778705,"GATA3","de/mast_p60_de_Notch1_vs_ctrl_downsample500_pct10_lfc0.1.csv",0.0227272727272727,1,0.543574087913464
"345","Myc Targets V1","3/200",0.447205134711133,0.568071387335764,0,0,1.22560631697688,0.986291823472064,"LDHA;PGK1;PABPC1","de/mast_p60_de_Notch1_vs_ctrl_downsample500_pct10_lfc0.1.csv",0.015,3,0.563147206673279
"346","heme Metabolism","3/200",0.447205134711133,0.568071387335764,0,0,1.22560631697688,0.986291823472064,"BTG2;UCP2;SLC2A1","de/mast_p60_de_Notch1_vs_ctrl_downsample500_pct10_lfc0.1.csv",0.015,3,0.563147206673279
"347","KRAS Signaling Dn","3/200",0.447205134711133,0.568071387335764,0,0,1.22560631697688,0.986291823472064,"BTG2;SERPINB2;FGFR3","de/mast_p60_de_Notch1_vs_ctrl_downsample500_pct10_lfc0.1.csv",0.015,3,0.563147206673279
"348","TGF-beta Signaling","1/54",0.487886984791965,0.598194962637942,0,0,1.51721216788602,1.08885991488313,"JUNB","de/mast_p60_de_Notch1_vs_ctrl_downsample500_pct10_lfc0.1.csv",0.0185185185185185,1,0.605828360246022
"349","Spermatogenesis","2/135",0.496374543465526,0.598194962637942,0,0,1.20923209663503,0.84697579787693,"ARL4A;IL12RB2","de/mast_p60_de_Notch1_vs_ctrl_downsample500_pct10_lfc0.1.csv",0.0148148148148148,2,0.612109540646607
"350","Protein Secretion","1/96",0.69607290647552,0.808422711961391,0,0,0.844640171858217,0.306013872015586,"BNIP3","de/mast_p60_de_Notch1_vs_ctrl_downsample500_pct10_lfc0.1.csv",0.0104166666666667,1,0.779453141764715
"351","Mitotic Spindle","2/199",0.705219812562064,0.808422711961391,0,0,0.813722226845302,0.284189016303998,"NET1;CDC42EP1","de/mast_p60_de_Notch1_vs_ctrl_downsample500_pct10_lfc0.1.csv",0.0100502512562814,2,0.779453141764715
"352","Bile Acid Metabolism","1/112",0.750930486819332,0.840326973345442,0,0,0.722301893730465,0.206897737963164,"BBOX1","de/mast_p60_de_Notch1_vs_ctrl_downsample500_pct10_lfc0.1.csv",0.00892857142857143,1,0.797906474971518
"353","Coagulation","1/138",0.819825993177918,0.896088876264236,0,0,0.584448085803665,0.116108306319109,"SERPINB2","de/mast_p60_de_Notch1_vs_ctrl_downsample500_pct10_lfc0.1.csv",0.0072463768115942,1,0.850807789431735
"354","G2-M Checkpoint","1/200",0.916899978162721,0.916899978162721,0,0,0.401087067993026,0.0347970657329219,"FOXN3","de/mast_p60_de_Notch1_vs_ctrl_downsample500_pct10_lfc0.1.csv",0.005,1,0.924670316960711
"355","E2F Targets","1/200",0.916899978162721,0.916899978162721,0,0,0.401087067993026,0.0347970657329219,"WEE1","de/mast_p60_de_Notch1_vs_ctrl_downsample500_pct10_lfc0.1.csv",0.005,1,0.924670316960711
"356","Xenobiotic Metabolism","1/200",0.916899978162721,0.916899978162721,0,0,0.401087067993026,0.0347970657329219,"ETS2","de/mast_p60_de_Notch1_vs_ctrl_downsample500_pct10_lfc0.1.csv",0.005,1,0.924670316960711
"357","Oxidative Phosphorylation","1/200",0.916899978162721,0.916899978162721,0,0,0.401087067993026,0.0347970657329219,"LDHA","de/mast_p60_de_Notch1_vs_ctrl_downsample500_pct10_lfc0.1.csv",0.005,1,0.924670316960711
