"","Atf3","Nr4a1","Ccn1","Hspa1a","Fos","Egr1","Fosb","Zfp36","Btg2","Jun","Dnajb1","Rhob","Hspa1b","Klf6","Socs3","Jund","Dusp1","Junb","Sfn","Ier2","Klf4","Gm26532","Ubc","Nfkbiz","Ppp1r15a","clones"
"Abca13",4.98617575618696,3.02053040722619,4.26246941395911,1.74281410501969,27.8848688519182,15.1796705591965,8.64735404940326,13.3988386286715,2.19287148436903,17.2719200012908,3.88762591222063,2.38750365793331,4.4061614636336,3.59887979096135,1.41661548832412,26.1957125144533,12.2294960259516,8.1243617340429,18.45483868253,4.01785689556645,8.64717082911928,1.7062059658925,10.3123661781164,1.46505438519289,0.895557813297884,7.91886323727459
"Adgrb3",3.67454830237323,2.10737245070161,3.07691212415865,3.2943555788154,25.6777751879305,18.3040566249388,6.99068711051738,14.6538315282562,2.43100840414756,17.4878576388303,3.57093020234591,2.73725416703542,5.91011001353936,2.78381179772733,1.02339022054819,30.2059986391769,12.8086192117569,10.043469923964,18.472102955089,4.74100122381963,7.80940227511804,1.57620477059065,12.5140329190866,1.40373119153824,0.821304473286457,7.90689059560852
"Adgrl2",6.05216221081648,3.28898565611837,3.75824243690659,2.61350060794273,28.2083561258218,19.5554645778816,9.41838355566271,18.3611089541885,2.97969167259251,20.6236850423446,4.43423347858381,3.16435288031585,4.37986075956169,3.3738532907392,1.60513925066894,34.4036684066182,12.4531964208105,13.5688502679071,20.2192852097123,6.10173101333571,6.26959454984415,2.14171119449496,13.2710660865084,1.38137276931231,1.06475433563381,7.07681559705083
"Adgrl3",4.19539241490789,2.85330524258225,4.27251052554253,1.70324668960521,27.3087331075994,19.1267009342739,8.10994991689125,15.4400907043412,2.46024809215217,18.3117165609979,3.19000667146173,1.96005351269396,4.1093664673956,3.27243506984667,0.810755482118309,28.4121849751951,12.0793132121439,10.9383267268105,16.7273046468096,4.28312089440412,10.4267385789062,2.08026643414949,9.95216204334752,1.43135560552753,0.692157382412047,7.33091687811462
"Adgrv1",4.8089772209004,3.11570179562293,3.76076510260606,2.56326056965023,29.4729306560192,21.9528015039873,9.04972493104311,18.7730649622944,3.20172860760807,20.9006590239804,5.39625576818757,3.28408027488763,5.30573360204754,3.21326545325186,1.36692953719459,36.4304066660014,15.5659202315011,11.5895784658973,20.9321260053591,6.31440312178376,7.72604552590535,1.7511288879707,11.0708646834311,1.7661626613238,0.602720856959355,7.98868468677217
"Aff3",1.93966366040068,1.66951915918276,3.44151538390853,2.59187794403951,21.5354453072339,13.2381432813194,4.80197484046981,10.0653215675078,1.82449751727492,13.857960450423,2.69227946306175,1.39814318884288,3.32302712420124,2.54080167581656,0.720338099614247,28.0603828153043,9.35342681318418,9.5791110051485,15.6692588332391,4.37324422021078,6.62391947592029,1.33860520986072,9.26837052789324,1.43127030611563,0.521826109267808,7.467605550083
"Ahnak",3.80974784888817,2.23933510325877,4.51002947502402,3.31019828944849,24.60389978755,16.046604423701,7.67263033418457,13.283159232669,2.00403957326251,16.4984736853497,3.57736829244159,1.67576935793786,5.21068181120531,3.00688716509109,1.01796802815799,25.3242691745092,11.3426246533441,8.41076532560931,17.0254561595505,4.06564216543048,7.6042814817288,1.36476138732222,9.53458618705553,1.02738435442693,0.785638592894357,8.31741261376487
"Ahnak2",2.79060436070857,2.10485899404609,3.25626283693655,2.30360312537093,25.1219714423843,19.9938869638055,6.11382127647291,14.0195893403561,2.27046295192553,19.0219187622993,3.38904284862491,2.62355214925421,3.95346771714527,2.72178030272493,0.834455636270203,34.6574415213769,12.6244274360881,11.5027728754884,16.1929991339847,4.22268610069086,6.95859519512169,1.8955121650907,9.60808938742987,1.1111663705302,1.0831860940473,8.44294349584873
"Akap9",3.62764968455558,1.61053245725526,3.28042502474999,1.16706743011704,21.5099537439894,12.6713574244956,5.81582072739248,11.098855108574,1.66250708440207,13.7516661468224,2.57185160518653,2.01605515901869,3.12156136937132,2.31743548091385,0.964588650796872,25.2882731346987,9.74424464819734,7.87796400777836,15.060681675909,4.4662808891864,7.13387142920861,1.76874724159423,8.47519268544903,1.21221618106224,0.513144715066407,7.33985000288462
"Ank2",2.33698224250549,1.2465931482018,2.51925131235624,1.52705853881339,20.9846361197425,14.5152341814884,6.52753063936778,12.705445568859,2.08051343386179,15.2500643450585,2.89104578694215,2.05164176478417,3.5295245789551,3.19186329707407,1.0045934111434,26.9795207768598,11.1883226138275,8.81619632108147,13.9510532729667,4.05626002777344,6.97027913136542,1.63850528479655,8.83336696135208,1.22076119893672,0.559812497823952,7.54689445988764
"Ano1",5.81355109583645,3.28631159539288,4.76541885735312,3.53643890949331,31.1899006436296,20.3803167091401,8.1752976429304,18.9416454936344,3.34932401649802,17.8560442057647,4.85741963234807,2.20470971505752,5.318690164404,3.19424219227105,1.90146137652588,34.0210707078398,13.2473790838554,11.8858746325333,18.2464350052415,4.99243352883626,8.4607721841532,2.5195265828293,12.2135899691417,1.01045861337892,0.887324233158626,7.14974711950468
"Apob",3.51531938054827,1.0715386957492,3.13887062350303,1.82516464379501,21.0819297466571,13.7701280725993,6.63541056876587,12.1080916441613,2.54038609590049,12.8998891457864,3.92903183589715,1.66487781966669,3.85685977078301,2.50836703643489,1.19638982315978,24.8960343222308,9.88433815989839,7.36790194018906,14.3778106856006,3.07235604850105,7.64979602952357,1.79119150557232,9.72840251669376,1.3804599373418,0.699157661112954,6.79441586635011
"Aspm",7.47448829631078,5.00450880465315,4.11097583805439,2.81876561711406,33.4328631421121,21.6120808375221,12.3440919174612,18.6622827884647,4.0200337468035,22.9741025478944,4.80101623329085,2.59080728968812,5.03874009182228,4.48805692467052,1.26956732092994,30.255731908457,10.6791661711548,8.98546104113801,15.6075383903033,4.47070526928626,9.82003116438157,1.82240378684639,10.9838643914668,1.9519203755953,1.30277889067588,7.39231742277876
"Cacna1e",4.27905326994686,2.92277568059962,3.34560669081554,1.93722865106962,24.579317858177,16.9699244964409,8.2568694189976,14.5059216908075,2.46295856673157,17.1285908404244,3.59634906199679,2.14379653711685,3.75232651381997,3.82325266614805,1.0061966280243,29.673803685001,11.9396966073923,9.97566485828704,13.3850992467783,5.02771152395813,7.72724656275021,1.7775220824672,9.56854882405138,1.27762194017448,0.932411377430452,7.98299357469431
"Casp8",4.07074201939522,2.49285602494964,3.86618083896924,2.48976932531612,26.7285801019632,17.8333728979084,7.89808566620736,14.5428457561922,2.42624760504892,18.2063968577468,3.31223110743231,2.19761485361369,5.20765632559356,3.20877743679956,0.907523628476324,27.5743272883357,10.4041785584973,8.05647510735171,16.4172305768968,4.34333049624258,8.541575157233,1.80560666357353,9.39229871065757,1.30860199922637,1.03330607457722,6.61470984411521
"Ccnd1",2.32495542455836,1.88214052002878,1.87066850585993,3.37419617877411,17.7851284529874,11.8871401491174,6.58085782607866,9.27389219601912,1.29060227459665,10.0041691873626,3.37143645692397,1.66121590903257,6.53809135898029,3.05812177424699,0.616723605764072,23.409408030086,9.36818425976596,7.09835881902687,13.676894016584,2.31934655431488,6.6637350379811,1.42715465249929,9.40230569182267,1.31795775777052,0.684748814103394,7.63662462054365
"Cdh10",3.14660127244945,2.54284172074194,3.76084029462442,2.64660300813208,26.817558392446,20.0899107477369,9.79706753491526,16.5261476097978,1.80200384560252,20.5039007889835,3.81104938152853,2.41241277048718,4.07951098891413,3.63657246316051,1.12875893860805,30.467610608561,11.5489693750532,10.3124728064041,16.1518409466056,4.93509228786498,8.07413813414889,1.87482085079751,11.3081054412243,1.24352133661591,0.858618288155401,7.58496250072116
"Cdh2",3.85471635159626,2.86673428065141,3.0177103506218,2.57096786787857,28.8216749394683,23.5340105158736,8.38584493989068,19.8015348089972,3.68366030112334,24.5304862711535,4.50991748112755,4.4667702817888,4.83727759146701,3.36940249079,1.31764119084198,38.0725407554541,16.4899771855522,13.6091680156323,21.6429496306333,6.4891662309917,7.38204323141172,1.64228089720219,14.6397143743327,1.49307392042965,0.829438317190066,8.78463484555752
"Cdkn2a",1.99596748167245,1.26331534455825,3.79112716998904,1.48339092243435,21.3570309254018,10.8051546296278,5.7368537269,12.5167391457155,1.14901074844043,12.414788180136,2.85112155867313,1.51212867572158,3.45026266861282,3.16916272963826,1.0218648159376,24.5816085325977,9.56328357122915,7.63577286680443,13.0261237044817,3.83171076055409,7.5459824610438,1.92525019712433,9.75507145237321,1.4424112819906,1.0326521362967,6.33985000288462
"Cdkn2b",2.50919591703259,1.2893648421566,2.08470878350642,1.36558902530173,23.1656595386403,13.8864857031007,5.83566881015841,13.2105045363462,1.84322640562576,18.9160441223574,2.66519867933557,3.35528847744922,3.89881878516891,3.19774072780122,0.472745293924841,26.9562786474983,11.9172089133146,8.57944303799332,16.8390025777644,4.53548313549269,6.93193473966464,1.41017966360504,11.2311822555605,1.86054310585815,0.50742565584655,6.56985560833095
"Cfh",4.74355085439045,2.98903974747883,3.84650474507297,3.73874101454022,26.819875851197,19.1840703987065,8.71409858178736,16.787693325916,3.12887133355578,18.6248063514067,5.20879508665629,2.40062579271147,5.4477498551696,2.84198264173549,1.53028680878427,30.3361140527109,11.8540979386922,10.9345493948403,17.9851636552749,4.58995091327619,8.0996174405579,1.80017329944427,10.8788355039621,1.55118244476009,0.951790523012029,8.21431912080077
"Col11a1",2.82012818868598,1.3735574475423,2.72431591514722,1.62795163605684,23.5954201168627,16.4639464234643,7.45937913155417,14.9419640418147,2.51269650262437,15.9448275776216,3.29052205623799,2.32464462316172,3.49190732965804,2.13467182990484,1.23454471462093,27.7617805195376,11.869803495729,8.60196638682185,15.7761015268242,4.55503749104307,7.65176734153614,1.50783300690007,11.8901652370912,1.21461581624095,0.869541744301323,7.4093909361377
"Col1a2",1.8513150276548,1.38720209496589,3.55615899078385,1.43501502140075,17.8455530605428,13.3095985251748,5.70000848598211,11.4056348616691,1.52697761558806,10.6395509158544,2.60217367472856,1.85677580607885,3.15133132726667,2.43929699643949,0.541859406409906,24.2327690450802,7.80964126769763,7.39485055233087,16.0937179243178,3.59077384157667,7.1843861880344,1.2859059238168,10.3734090329784,1.09385294587258,0.762783720250849,7.6724253419715
"Col22a1",2.30798180789064,1.31147068843956,2.31438569772642,1.55681459145164,23.5481025487487,16.7764999307421,6.30704926557469,14.0414067869957,1.5817401607197,15.2275935267892,2.97060675480333,2.23237496538524,2.94269365989268,2.89223763481323,0.663427697881933,30.4733223507948,10.1752842496242,9.34116453422702,16.2808618486077,4.04782738422496,6.49852031867042,1.38534591869203,9.0404762790687,1.16979645447996,0.959996627215736,8.39660478118186
"Col4a4",3.85228127311919,1.82029681323739,2.15296624260819,3.0204068937049,17.8136195688494,11.3870529475258,6.23924410693903,11.8952342651832,1.88424718911275,12.0783530684019,3.16674419672103,1.00015994339811,5.0643933815521,3.08450032354305,0.925573535842489,24.0957969508614,8.91403331123862,7.80790937909275,14.5351149515339,3.33388245671117,6.94647260337949,1.22676302978392,8.3846261838616,1.04683978994651,0.62334028305148,7.19967234483636
"Col6a3",6.48382192520575,4.26967504206725,4.6387235862352,2.10460353219623,34.2626253404608,21.5061081483503,10.3893289496065,19.1739512340922,3.68295889878028,22.9796299305231,5.01455608064873,3.88317225721137,4.96708673305923,4.17041301149952,1.51728383017102,36.5696703646979,14.4366458678132,12.4179186822123,17.9997159032969,6.26615841128486,8.87470322915477,2.33393007110094,12.6003659090882,1.97089434391666,0.98183143420029,8.60362634498619
"Col6a5",3.5333092056558,1.80906637495986,2.65212180761843,1.79171759774856,24.8012979590946,13.004566935206,7.38806990734319,14.0993300451081,1.86922541999333,17.4795712987512,3.18434414670773,2.16603301248968,3.73727046853956,2.86379839731409,0.999626661802278,24.1329579843892,10.711231212279,8.99096295380521,15.5238477588807,3.64650134311746,8.86173699561014,2.13998990951032,9.9790512343548,1.74758903499896,0.640326444965898,6.93073733756289
"Col6a6",3.00453789440068,2.08861450906068,2.76157940051781,2.34170658480668,22.7137386822702,15.8779189695286,7.13098513316084,17.3349069302361,1.83427936353913,15.201384210101,3.72980289355772,2.54527961090418,3.6362719238238,2.70651744495621,1.26332888790559,28.473569171776,10.0334850773184,8.99071131650562,16.1195345028435,4.09438027542436,6.61827260023363,1.55299521999585,11.3883132678084,1.60053639161303,0.897333528017777,8.19967234483636
"Crebbp",4.09528345083364,2.45147542708874,3.03444385762101,1.44609997848276,20.5492064164046,16.3804885706094,6.3592926882511,11.4397244248737,1.8877129477785,14.4051813406796,2.98312184080595,2.3248985286882,3.50308738140431,3.05230595825336,0.76385838831545,29.5394278196169,8.71119267906149,7.48676581405033,13.2795319814675,3.41859780222118,8.02584533433305,1.91263741089604,9.29608267068523,1.10882495713999,0.918086074103703,6.79441586635011
"Csmd1",3.21387951617168,2.52833879097,3.10057538416594,1.65869503214548,19.5937438094712,12.9641533954873,5.29977707505165,11.3761356848265,2.05611489324574,14.6792627668332,2.74932240465462,1.97872975484073,3.12894316261172,2.81011313727069,0.736881834910887,28.5852646771383,9.97822948565945,8.11558396364947,15.2560958384892,3.89804848300417,8.1790606451259,1.80134155544194,8.10608772469937,1.0391319278498,0.564486494946372,7.8703647195834
"Csmd2",5.3109899721671,2.96587165043392,3.13730380446033,2.68498907947781,26.3442145761339,18.7157454746768,7.83534125243123,14.1304956123041,2.4844499261759,19.1814414041094,4.38571689279435,2.56897448117053,4.52365352530186,3.50836383447223,1.18700757963908,32.3630406666314,11.3387751621296,10.8621323143402,16.113044817009,4.73278956911913,7.24539217974761,1.67815472919893,10.713760290315,1.24534771813926,0.819562347056426,8.25266543245025
"Csmd3",4.60518246397121,3.36783713378298,4.64575925365575,2.24800897687652,29.1332477454934,20.4650457731471,10.850516917925,20.0327962763472,3.19129717595331,18.1933693227329,5.40434240713141,1.78667109019221,4.46374879460754,3.43140750221239,1.71018507310605,33.3637273847527,11.1751765009141,10.8382963564209,17.2381524292241,4.12045825555654,9.06752095794441,2.12716031764101,10.2693420381435,2.29778380211598,1.21743150767682,7.52356195605701
"Cttn",2.51496556712789,2.29505439667294,2.7286933024194,3.50792524629672,24.7260321324539,18.2708547209026,5.87240899148702,14.4783513507617,1.90077563285239,16.531626665118,3.12046294383623,2.63197839882511,5.72769314206007,2.67231702391064,0.901589715083295,30.2260575839929,12.1850359555739,9.25059807634377,16.791644152436,5.35887120831494,6.26577093340913,1.20031795707044,12.6610900191824,1.24123290262494,0.643704942633243,7.67948009950545
"Cubn",3.9391491246723,2.14681837757635,3.10741229596734,2.10313209859692,22.7434928740738,16.9419329958168,6.80057366171845,15.6083413157212,2.84208576911401,14.7296253811915,3.91685291829657,2.59302307214613,3.76053242447385,3.14754633601437,0.80110675013041,27.9516784024842,11.3271283202768,9.04297633494834,18.2473854582752,4.54265399629057,7.22081304394339,1.35891778970652,11.962179555591,1.69533118599446,0.913206280681178,6.89481776330794
"D630045J12Rik",2.62057041432351,1.82613713976083,2.62741021361043,2.15753744082722,24.4628891447061,16.495012707315,7.70705590757253,16.1874959551952,1.93217651641818,16.9287343469616,3.23037725888373,2.13282674097465,4.20007478740131,2.5076189156477,0.718956265755948,29.7277829295279,11.5757211845413,9.65149930974085,16.7165955295574,5.11071645964749,7.07025194226495,1.92164066365731,10.5520418814593,1.17758239746175,0.724822390437848,8.1548181090521
"Dgkb",2.83333963400492,2.32717149393814,2.50979760967538,1.35540909677561,17.6644298178871,10.7299810307874,4.85922912631303,11.9560966375613,1.03303499312166,12.320633564922,2.63428861924647,1.6019999046264,3.0639679541881,2.19464874066963,0.910876571545797,21.9952889924957,9.03795234172348,6.96374283172864,14.7743748092982,3.23203832097008,7.01021647006433,1.345951344427,9.20851668832119,0.909853796527021,0.513132680562019,7.08746284125034
"Dmd",4.1869730593274,3.20549997826789,3.45274080019051,1.74015083288159,23.7520469646687,14.5878594123731,6.89435280793194,14.2647588481818,1.78532908708893,16.7899226355449,3.85628887284679,2.44416354284355,3.90910056442519,3.5779532327168,0.975984139436769,28.9514056887921,10.0079386320971,8.78775366273915,14.3787521489173,3.81344987892061,8.2146667333563,1.78838226250959,8.91924072522442,1.11054479089138,0.595727659285956,7.95419631038687
"Dnah10",4.2568952479103,2.90306916882605,3.60056307306702,2.92747226296001,25.8803327073226,16.7039749924648,7.57018028455897,16.3479418555254,2.80650593627816,17.5167843962626,4.4686902651302,2.62556444039802,5.89229816307465,3.66326331133125,1.28086679855751,30.5806410406615,11.2373941352311,10.4513956293295,17.1831353290953,4.99807049956938,7.88755483583805,1.89355142098485,11.427398274802,1.61082203227005,0.815797559049153,7.99435343685886
"Dnah11",6.14358033975648,3.07944924233256,5.07164944622343,2.72245432746427,30.7708615959257,19.2752510024086,11.1204191321723,16.1205660508238,2.51082470207495,19.2577821092188,3.12194225615668,1.74331019408089,4.73900206667338,3.83766914685981,1.40130244071402,29.4068390055271,12.9127292671343,9.19017125741358,15.5348837144159,4.26440761282425,7.45868150178096,2.06507119697362,9.44501477521352,1.67087143808274,0.779008265740307,7.72109918870718
"Dnah17",3.08485338847575,1.8176968884395,3.02803922793022,2.1017574468033,25.7195003923633,18.4747314801683,6.74649066375746,15.3347768777468,1.7161159043772,19.5132532020799,3.58779268006203,2.61241258238009,4.37821617524431,2.81151754547889,0.888756028065838,33.6186014101671,11.9491971317388,10.6446425162017,16.6379588634487,4.27133702001286,7.54438277304685,1.64317472520758,10.0766038818611,1.0722409253949,0.839430994895783,8.44708322620965
"Dnah3",3.61367451848789,2.17193368966485,4.35117143004763,2.66158376482451,20.9158847858976,12.9734396098008,7.05342603011672,12.4783271317386,1.82016762112769,13.6732065101269,2.54801787721516,1.88455442526403,3.97255804013805,3.01207799578975,1.40912891381793,23.6113054948965,10.1031470618443,8.43521476195798,13.6843282524053,3.0879796802139,7.24628377152399,1.63423919557816,8.86140347007452,1.37533675531375,0.733620242597083,7.29462074889163
"Dnah5",12.2207053652384,7.09483430525628,6.41959201646005,3.80614518917057,40.1703071152673,24.7884384326594,14.3487932968857,19.4266545813981,3.86201461379749,21.2445931475802,5.75090005078996,2.90723446676896,6.59710894118691,4.93969735472593,1.76163301251729,31.1545379734056,13.7208393626605,10.6505049716055,19.4770474251241,5.11483800047917,11.4794518642609,2.63688812570123,14.5997668326302,1.68976591477866,1.30173089950111,7.91886323727459
"Dnah6",3.80566053249903,1.8596485456094,2.74509890274222,1.86117549567922,25.311719985542,17.1509761501361,6.77590151295202,14.9720148604513,2.1656088891415,16.3172788067078,3.04130235362481,2.6045300549617,3.0961476428406,2.27013584619506,0.881279200160639,29.1139623113432,12.214063834392,11.4566921552044,16.3637234967704,5.29562925893232,7.63537881845146,1.62499118842418,11.1201721334241,1.4333629528976,0.749872015222549,7.4178525148859
"Dnah7a",2.89923190168136,1.73006590389987,2.91407886268088,2.06540519309632,22.6669009382913,18.2944432465853,6.01764569987207,12.1638947541912,1.80079363906234,17.1951548416138,2.62737058459295,2.18348750629102,3.80111058865472,2.86346282596972,1.22598476454841,31.626111138039,10.934085188566,9.40296945025791,15.5175924891677,3.8950053909398,7.36231201534969,1.33006116903174,10.2308434077441,1.18646919607054,0.696322217087834,7.17990909001493
"Dnah8",4.03839814594588,2.33368688360029,2.62910635370053,1.71455394492747,26.3577608018683,17.8966086366206,7.85149856346022,15.6900642048405,1.93765958580483,16.0915725554607,4.55665118812605,2.34016833905605,3.26584426041669,3.60114640715042,0.826304719610335,28.688777589674,10.2708410932456,11.1774419543104,16.8703697746321,4.78845765633588,8.88517537603376,1.80500356893661,10.0649144266826,1.58444831387506,0.654740489689827,6.7279204545632
"Dnah9",3.11317705866782,1.90803781040317,2.62920018651902,2.66307039516328,23.0935884471524,16.6885554168588,6.7247702776081,15.1118273170285,2.76976468632795,16.1172884133216,3.41881332528218,2.48793246591081,4.29736522229298,3.1650837914197,1.28745019928315,28.9798332936242,11.2168315781001,10.0761598425264,16.2836175089417,5.00507810796905,6.93017173541471,1.5550027149841,10.9897026235097,1.13184161743673,0.722984105332118,7.85798099512757
"Dscam",2.91333057427138,2.4581337198446,2.23223708415758,2.27082189485,22.4345184365379,18.4907620730233,6.79684841674406,13.8475323580244,2.10158570312927,16.5688225114048,3.91387715874304,2.3166863374484,4.48068509514689,2.63778038368431,0.949812094378688,29.3586572890803,12.319462611255,10.2188350022984,18.2871508726584,4.68082626990328,6.83681438346374,1.38155460179899,12.9390727047159,1.48600081527263,0.957994841798948,8.71080643369935
"Dst",2.92631423545424,1.72211672631924,3.64935596354798,5.27284439388922,23.2442068066104,17.9018677851105,6.36654054097682,16.5039018607938,1.57544689511695,16.5723024173063,4.33897786455545,1.56314597064512,6.96921662476147,3.19205782142555,0.718042859713539,27.4819951144964,9.33818564242867,8.40428105268388,14.1659697668506,3.82172527343799,7.51693424120413,1.52655463733804,10.3967055460817,1.22517495450949,1.20801972692809,6.4757334309664
"Ep300",2.86048303945873,1.99811719448088,3.16794327139796,1.76527123236504,20.7503774901179,15.2946199118779,9.27016495722002,13.034521024101,2.26008450775829,13.9269862932207,4.24687807367737,1.3105253421811,4.01171262806819,2.7711722331472,1.29083198755376,24.9219842372525,8.83790426429857,8.20888214139024,14.746841953322,3.41723207123174,7.01191225905204,2.56413745804725,12.2297227976293,1.5809502221837,0.723299224350569,7.18982455888002
"Epha5",4.10272331244281,2.68875045727099,3.76025574681175,2.52419016241625,27.7831446293525,19.416592603349,8.53738008744262,16.1591589581315,2.41270360105429,17.6237529310286,4.01995870592541,2.17994084099312,4.32450782920491,2.77336375898821,1.42135877732385,30.5852135472581,12.5161937990524,10.0501798720094,19.0405224284315,4.52305294269957,7.54953555908167,2.00112478583841,12.0800099865048,1.42958576243937,0.924277041655104,8.38801728534514
"Epha7",5.09960237407146,3.68619455787889,2.91761345798745,3.54033541476267,29.0466251535804,17.335500841663,9.1196571356615,18.6107785069475,2.48427054701286,18.328096092572,3.97503241351168,2.49665315630435,4.25673845430031,3.21107034157973,1.51537876054692,32.67014035734,11.6386792210277,10.2933226498439,18.8383122736444,4.55733616078986,7.667243086934,1.64833885539368,11.298686783903,1.51111651282359,0.828566290884099,7.70043971814109
"Erbb4",2.41613775379102,1.55364751909384,2.51489034745206,1.61770667160222,22.0625745868601,16.2755325886241,6.40067481513104,13.5104984886198,2.08069208005123,17.8088803920198,2.81523809205917,2.52819199923855,3.44075893923319,2.69864144856063,1.07000840159993,32.048385343312,11.1454407937309,10.5255309225309,14.5107232601086,4.35975967939225,5.96360067372587,1.63537180309645,9.49076858480146,1.21200036756945,0.768391527900176,8.94251450533924
"Erich3",1.64593864782651,1.09364491379928,2.89229351416966,1.33562189758846,16.2374946847134,9.76732016858201,4.69403004401028,8.86293483253514,1.26778204172598,11.6376545708702,2.29291807922775,1.61642732995456,3.00040227448173,2.57932724902535,0.520858598871774,21.5755250584192,7.57417155150966,6.40861698598485,13.2302568536909,2.66931806086974,6.51702841145847,1.33666064339063,9.02733354486688,0.939248451538302,0.45591971177906,7.83920378809694
"Fadd",3.90064873774009,1.68471800167116,2.45588433859809,4.30889272754188,27.2039536993285,13.9611530783327,5.87988836510286,13.8173859533052,1.98081846365492,12.7374099725886,3.07224500851336,1.974526818705,5.14464861668875,2.64552222709525,0.770761286005729,25.9392811465925,10.3622146523724,9.07961516488338,12.5468185324403,3.80637923157653,9.25588412267619,1.47199958729318,12.1157823689636,1.3164382478828,0.730771391045569,5.58496250072116
"Fam135b",5.8434453075546,3.06848775713235,3.66917810678655,2.41474652114115,26.6062210189261,19.6648747963963,8.05577539279597,15.2738901159686,3.18896082994639,19.8150606827544,4.49339997438114,2.82104352543223,4.4068550441766,3.17070213626427,1.26481481906966,32.6369935307806,11.9485300644964,10.1510978499995,17.3412865773403,4.47130440179105,8.0796146580895,2.02869416777735,9.16138247993208,1.47602007006481,0.666101144904746,8.5077946401987
"Fat1",3.17744843566352,2.63804363389053,2.90700784081877,2.19243006725253,24.5551684746515,19.8837683665846,7.2668390461171,17.5163782188272,2.77000055873625,19.0339861117303,4.17881918141622,3.2317460218444,4.53154214952447,3.05180249964251,1.11826170694533,33.1600839663605,14.4977642916762,12.1716843798511,21.2255998025933,5.89768587448658,6.97622312871181,1.55457864730023,14.3321929187623,1.3978227091136,0.796312276980647,13.1513337192917
"Fat2",3.57013059484497,2.13074612105713,4.91202809634683,1.58611196953054,22.9822668469046,14.3107122476333,6.58349900381085,14.112270034201,2.16587655258087,16.2409907372294,3.47676093817218,2.91947914695866,3.35500759797875,3.34537911463199,1.17731905398835,27.124785869816,11.6367191684596,7.77451927517682,15.2425696332608,3.96446835053758,8.27496278131084,1.80400199379384,7.46218884870686,1.16299280674289,0.633646611750355,7.98299357469431
"Fat3",2.91818859901207,1.75642059253465,2.3397607106778,1.94047960395404,25.7598615915695,14.5113932598748,5.99130167682343,16.3254403650985,1.92812979149609,13.7747691210817,3.01623204306755,1.94201397593699,3.66044559077395,2.77572388729111,1.2118233036844,25.673304974254,9.61305469783414,9.41850015919195,15.3511678317039,3.6724671126164,7.01687349746622,1.56077217903892,10.208694185998,1.27707587284515,1.19363401827441,6.8703647195834
"Fat4",2.84815816003826,1.93915925142365,3.88587134540999,1.90981306420872,23.2485460145333,13.4855563158094,7.13678798455986,13.5969238148617,1.87653260656303,15.1896527474925,2.82072791188051,1.92613273881663,3.73165542848908,2.43271545157893,0.885141371721482,26.0934989489627,10.5478899507796,7.87811024043827,14.1292034463683,4.05611633997715,8.01233951191181,1.61245820089192,9.26268951740694,1.41549203574641,0.78077904365758,7.83289001416474
"Fbxw7",2.33265856618405,1.17913279649623,3.31062741041806,2.10432987724243,20.2099018014142,11.9356165862187,6.41128537099667,11.6833011203426,1.22396118174805,14.0145843682435,2.8652189676272,1.02204673010395,3.56959771244771,2.05999951648536,1.17458597953247,22.1117296773761,7.94444941474511,5.60229878524309,13.087450442555,2.33126649590694,6.34961337236639,1.67203034485405,8.74061028460725,1.49620886517977,0.686947557197705,6.39231742277876
"Fgf15",2.1527532499345,1.4000928978533,2.9439004776029,1.32103531650177,19.3535101296609,14.1155041685462,5.56606058730718,12.5316963607067,1.12538621909934,15.8951973079137,2.87967608921941,2.20048963776477,3.02119327568522,2.86587764583063,0.904345936489859,31.0336968288392,11.2608796907142,8.55287880455015,14.0002115624273,3.83553904439094,7.43368259776512,1.351585683849,9.13739507506329,1.01040427193332,0.766874031188811,7.36632221424582
"Fgf3",3.63886512579759,2.4643035507944,2.83523093100334,2.35462831433406,31.4208287805092,23.9594673105517,8.49778172043496,18.9440136644132,3.51795558513553,23.1174347630831,4.55084747982129,3.67631860089891,3.90366352717492,2.85636614787892,1.0057993613269,38.2099077230844,14.8339046058153,13.3569789976116,20.0446006734819,6.26906034699163,7.70552434272315,1.68900830323604,14.2590439899806,1.47912440308719,0.924365725109428,9.55458885167764
"Fgf4",3.97875057239721,3.38227932232527,3.58424619058862,2.72018588010136,31.9199080131509,21.7229304506744,8.78317540680619,18.376085021453,3.36684127382178,19.6340175128895,4.20225690912611,2.38432426481937,4.4805429417835,3.34581795886216,1.26724546850087,34.9227936876854,12.4821743461745,11.3836851293051,18.3024084451068,6.03019109810094,7.98610395189099,2.11445103603541,12.2323302384039,1.82836093644243,0.852094357798789,7.24792751344359
"Flg",3.70295138659458,2.54282162831765,3.82275840455304,2.6096854933344,25.458410591045,15.8541648113621,7.3006530364349,15.1617322474245,2.06869919685408,17.2386722733267,3.04015477714141,1.98952241213479,5.02922550561415,3.34962602624792,1.23704891197993,30.3426225201937,11.8131783599185,8.21727783364917,14.6684713821792,4.13485300037768,8.35482155145615,1.50688852998011,9.64031453495265,1.42924430496598,0.827901750676764,7.75488750216347
"Fmn2",4.16816006492476,1.84537197602015,3.14141129041281,1.92412215282151,23.1285137243645,16.1618579917527,7.30844394912372,14.7571482170962,2.65707519918462,15.8656842393638,3.0169126807835,1.81203123750552,4.23998811898584,2.91432983302477,1.16915392892437,27.5404496484146,11.1086135383251,9.12723271277524,15.030512288277,3.8063677518551,7.60361170584995,1.63851065143945,9.81221569003438,1.52747764127926,0.72677990688928,7.68650052718322
"Herc2",3.01430099856505,2.26138663879278,2.78834937088952,2.17942412427645,23.8094592007781,16.7242116338145,6.21867990151763,13.3910897074927,2.00894594577576,17.2571030074852,3.26709754510114,2.18526119554584,4.15701525832721,2.83764842092908,0.615691399525928,31.1939924924509,11.1626901612944,9.98858094326669,14.7107643723626,4.03576662335189,7.49616610482545,1.37269764807757,10.3294203088258,1.06456790653667,0.545589936981493,8.04439411935845
"Hmcn1",11.5007508961347,8.40841755162062,5.04763278656067,1.89624469573865,35.3365771972262,23.0101108534769,12.8018498560009,20.7850115174402,5.23154344259861,22.5151634243388,6.18820652184806,2.7981841436265,4.70770178756741,4.54961201208926,1.43043703581589,33.7383271723997,12.4866812154554,12.9169489660233,19.9593249015472,5.42521459992685,9.42124161819906,3.26575705272911,11.4077474423253,1.95857467784952,0.817488288111033,7.8073549220576
"Hras",3.14678821644773,2.07945582076078,2.51178379768465,2.40404800972267,18.5117175086904,12.1567544759831,5.92010114269787,9.53814035714061,1.563405092624,11.9461038986471,2.86461135393085,2.23972829282662,4.34798495726557,2.90203470076408,1.11760117374451,22.8953286061493,8.24314390993286,7.37523537901172,14.2122406564378,2.91897613553753,6.73944117658823,1.49979185992263,8.12811565406905,1.28810186972382,0.554912750730155,7.3037807481771
"Huwe1",1.12029299167946,0.856321586379889,3.10944281293051,1.31216317599265,15.234919282541,6.61690778015285,2.17658624729154,7.45856158119685,0.494151132732041,10.9512948483706,2.15914441113109,1.22690837348315,1.94257031648996,2.3470191554833,0.662959179747882,18.1896802861749,8.10786942889775,4.15761892785619,12.0146532451301,2.74591765322223,5.86940769219931,1.18015417773885,8.61529005810173,0.798554500654459,0.633243611148809,5.24792751344359
"Kdr",1.75301498517223,1.9190501326738,3.1366380655976,1.59001284510866,20.948366154429,15.2415269561937,5.80947811008585,12.5922369123835,1.62693029183111,13.2925784314317,2.65453528796442,1.28987876287699,3.42566058621347,1.9271536519108,0.819462002418231,25.1486994577721,10.5149650129499,8.28512720881469,11.4725664837719,3.75631839414035,6.93745566245276,1.71430293512759,7.62567383966891,1.52214334277915,0.57234506875904,6.82017896241519
"Kmt2c",1.56123475983062,0.887817817229992,2.5413211060677,1.26436985175688,17.7208802828314,10.7651903422037,3.4084861526083,9.03913043119749,1.13128562974579,12.6720261252752,2.24587986772186,1.40724354245332,2.82140118814371,2.74911838075623,0.505551694268114,27.0359188912297,9.34269731423834,6.85819542790904,14.4421239907823,3.14440852725993,6.99589708683521,1.30428529148559,8.29172264994663,1.21752245720634,0.546612794067591,7.24792751344359
"Kmt2d",3.55904167289223,3.01430790673019,3.33711224738694,2.14422161874452,25.7551661625608,17.2901859807961,8.83302099748914,13.7607154299684,2.68526075757773,15.5102880529296,3.11807135855871,1.81277574009685,2.98661450855549,2.71439708426458,0.85990718619253,23.9442506374356,9.09147438335144,8.87680946241837,16.8400893901555,3.99975960614219,7.11417480136163,1.78682033878954,11.934384392868,1.42339072486325,1.07533842725292,7.05528243550119
"Lama2",3.65429962087022,2.22213873496168,3.54947014571216,2.18615956066159,28.6475976800866,21.3487654094485,8.27422958138284,15.5204332806239,1.97373708581905,16.7018709480129,3.23194880549184,2.3771592489073,3.76446171248312,2.94559834035598,1.05826390113552,30.5793675856616,10.3660713599362,9.63794266467149,15.3276407531187,4.35035285580061,7.54890180627645,1.37497584322488,11.6544557617716,1.26750381690205,0.945214906177434,7.467605550083
"Lama5",8.74809376856981,5.53720628237512,6.08217316237109,2.36234272444,31.6995732670955,19.3279317826555,12.5140786413236,18.3114234130455,2.98136908461068,22.3886961031781,4.40156689965371,2.67792431455228,4.30032534502261,4.09272716501005,1.44595830078706,33.6840556182496,14.5449496135217,10.6663411732309,16.4688634394096,5.49824011717459,10.4215316457378,2.299747476908,9.31481521686531,1.59996336375958,0.534423191911404,7.876516946565
"Lrp1",2.66725099811416,1.3161829798904,2.33307146749254,2.18165851726913,24.3893878072811,14.0584055972952,5.72428090268699,13.0692612876314,1.31409535775668,15.9245413059135,2.96921036524543,2.34395676674175,3.62470536654142,2.08819700842555,0.884981249259347,25.0949136212517,9.64612862473551,8.15579465171308,16.0514766324595,3.73765828787019,7.28139917606906,1.57353983784348,9.62339834164903,0.836471465624535,0.525765366609047,7.22881869049588
"Lrp1b",4.51743534756577,2.10993508800688,4.85053139314356,1.93658212415498,29.6034575442875,16.7051800139582,7.74014200612117,15.2912501895988,1.91125575006067,18.9336503524647,3.38239046692362,2.07645596270108,4.12047308383897,3.1685506960576,0.938743705853588,30.9472199093241,13.1630859880542,9.98205045010199,16.0468009177766,4.65264987634189,8.83254165380681,2.01354001249537,8.4260134743116,1.39127677797945,0.985713217911757,7.38370429247405
"Lrp2",2.75898613429101,1.55896450951983,3.48304176676164,1.57128805840713,21.2006928755168,13.81741084354,5.89241476180298,12.718201755543,1.61530792181249,14.7513963006146,2.95672758115273,2.1090415445576,3.54391427286108,2.84010826451476,1.02377709079489,26.4422423361295,9.5425611358909,8.18474828758164,15.9774514228743,4.16169094479622,7.29094411170745,1.2195274962899,9.57518297472249,1.15574672322145,0.685947434039148,7.68650052718322
"Macf1",3.13129066015569,2.38078870713459,3.09314328536523,2.04835212885964,24.4759461716624,17.9777679098715,5.98085481897046,16.9247183209266,2.95569484726004,17.1087788912558,3.52669329782422,2.39403084126424,4.18599068830852,2.47044816647503,0.842771427325042,32.861275654804,12.1217301547829,12.0577001438886,15.8403207629099,5.48438948240902,6.24700706712302,1.93778408235984,11.263942414187,1.17126772255885,0.855090474277178,6.8073549220576
"Magi2",4.78069873289573,3.60377710539802,3.22681199150591,3.01029639304796,27.438449095356,21.354119685443,7.81070898812485,18.1594998449795,3.32888502784062,20.3877365052872,4.76320683392387,3.18104699619553,4.97650816441786,3.10993528797139,1.45067427127343,33.1441075289279,13.8918574235484,11.5853848502595,19.480269113763,5.36567365634948,6.98783881867092,1.73616395394871,11.6656208437425,1.5047919124323,0.820981947160907,8.28540221886225
"Mdn1",4.86918169227683,2.96840518872793,2.31613869195672,2.09759779347766,27.3045015989599,16.4542221921538,9.33635193121043,11.9456389970537,2.42515818812712,17.7950356713149,4.78011687412164,2.27245614822953,5.29858314286826,3.83739044641271,1.49931866456787,36.2727926043395,16.240038120113,11.7846050940305,15.8043739557807,5.33329007486224,8.19598361960435,1.30210143160315,9.76508775064393,0.682450198205866,0.994715056020001,4.52356195605701
"Mgam",3.78563446504584,1.89941432990883,4.09391766464788,1.30768076395056,25.8919634967469,15.9369346644809,7.38341170893684,14.6512935129779,2.4864632694986,14.1100229687089,3.22809080438157,1.66058904701232,3.15925670854534,3.15108307981613,1.45117284142119,26.7719478876929,11.1810279544506,8.60738236189113,16.4766383912234,3.72408832430469,7.8540452707305,2.17718137291448,9.00545053812425,0.839641451590951,0.921065379052611,6.95419631038687
"Mroh2b",5.35098889901407,3.09166557638475,4.90894164826985,3.57514831142041,26.8880410008862,15.8473276261985,8.37615730947247,14.5976070006714,2.43813940097359,18.7678465271399,4.18089475319772,2.09585000004953,5.37161423888582,3.77851036743028,1.40043174993051,29.1560034463068,10.7318955286172,9.04063866647187,16.0959532520854,4.24308634588026,8.13092953514365,1.64273572451274,8.97488867505925,1.52778049999698,0.861641733465716,7.34872815423108
"Muc16",3.47121190325771,2.55131310802276,3.47232089396328,2.29539689945143,21.5360145870216,16.9704767664292,6.04331615039313,14.291411255225,2.32395643175219,14.9443827026873,4.12930891398448,1.99108235516817,4.82030436874944,3.11779677234485,0.868996130233736,28.3162405477253,10.8091705775313,9.17552322800034,17.0143839713725,4.29864455777651,7.32535972544013,1.79259594396555,10.1456806570676,1.42192090242105,0.774617646535462,7.56224242422107
"Muc2",5.5779822467877,4.2836887194787,3.71255767361353,2.94640636385596,29.4467075371337,19.7573008378977,9.00835556056412,18.5389940687729,2.36402008741475,21.7338106548919,4.25944479577402,2.50416024446042,4.98459850909549,3.92708540688361,1.25398742231786,34.0897129801862,12.7756928215772,10.3069392574076,17.0632854009803,4.96361864092258,8.49873300991555,2.32050724035203,10.9882424369053,1.58241818177354,0.982911556219491,8.64024493622235
"Muc3",3.99481907043733,2.52685595826855,2.49766645813198,1.59172394579464,25.4338746379854,17.2336681661793,7.14196798005993,14.6914689321092,2.6650821946416,18.5001478257101,4.08772247060266,2.9831677980844,4.23013059944496,3.15525083517709,1.12035271134451,32.4318361966667,11.8420907430667,9.79385235747047,18.3417200215197,5.5226173766972,7.17518941332826,1.60594585851581,11.7559016314349,1.45969615447102,0.840388721225454,7.76818432477693
"Muc4",2.86266039778597,1.07450088664958,3.5293282630423,1.63181566047715,22.1642968522462,12.6143460548357,7.12661366309539,11.5177825386711,1.41007938739045,12.3331384921204,1.69497722598137,2.08152353713408,2.91278710733999,2.32116137662704,0.499274248517379,23.7396409909471,10.9568605390394,8.14994175182286,14.1814351542433,3.42546017580838,7.91383451940813,1.47187382796995,10.6104710662648,0.875330775879881,0.513807024992671,6.78135971352466
"Muc5b",2.93372508105396,2.12052792504717,4.29410217083094,2.98333046851604,30.1315573692607,15.7880181439618,8.12991753493723,13.9609128816492,1.78532814202702,20.1167654969304,2.95739521697543,2.39576721684589,4.7272226918328,3.40654244247904,1.4596819967279,30.8742900281647,13.3650341673538,9.91472074938719,15.2425964347776,4.30872909806309,9.44784928272497,2.27867307690018,9.60779760518727,1.10680527636715,0.468926014585403,6.83289001416474
"Myh1",4.8308498195899,3.04925117604809,2.95159781440892,2.790394037213,30.8666318643249,22.5348983892874,8.85190101804387,20.8964386575701,3.75487555344227,22.6595823763812,4.89512046771801,3.46480843943382,4.79186096457052,3.2468740981606,1.42681683208424,37.073147689353,15.8730324853565,13.9600726696774,21.0905345846189,6.82580553078407,7.71389911197461,1.87057349437284,14.8617148683217,1.738901557066,1.03815950616498,9.90538700501813
"Myh2",6.18048030626158,4.33749879253982,4.26567520413325,1.79015189635187,29.1236579664699,18.2787917209546,9.56662790812395,16.8738045058517,2.98197518702532,20.398918208139,4.55482041931588,2.22057304918419,4.56844698967622,4.38709011198699,1.24963001989109,33.2905753104671,13.3125896156407,11.3755940972894,16.397085932904,4.99900075120869,8.74915990759698,1.87700384937167,9.70135742631308,1.409621495012,0.652262004805672,8.7279204545632
"Myh8",4.25872984466134,1.99340603100409,3.02459587315606,1.29551943361129,28.0780056292211,17.9801359537931,7.49664473931931,13.4725893904857,2.09447244040705,15.1977747036548,3.15030971614999,1.90409943219036,3.17830524012991,3.14899614140173,1.17132177184391,23.2742664131991,11.128348049303,7.62385395923108,12.8950559587224,3.14405363164456,8.10819388684569,1.96780487423206,8.2104825734625,1.51006843066587,0.931182659889622,6.8073549220576
"Nav3",6.57997286989292,3.91240068822808,4.22099896273446,2.7725857496967,32.2743523222945,21.7431850638567,10.9242700125737,18.016874168783,3.46106609427266,18.7651107443005,4.51323894509349,2.74994199605738,4.3133887352538,3.73218426152339,1.39523057875266,30.982315163468,12.0483420601659,9.91744835271897,17.0592681782759,5.00362589813024,9.38975447624917,2.47466029295061,11.2286853695436,1.61161970084487,0.740392221511368,8.3037807481771
"Neb",3.74735527545656,3.22616796955136,2.78992507218926,2.29728301961543,25.6973056652768,19.4577314218922,7.43706222461971,17.8981767089486,3.1220938972489,19.8309878207707,3.59304906348983,2.03516971826564,4.45252168688278,3.01123909491013,1.0417676064888,32.7091969010218,12.9760498043544,9.81325233238967,17.9986551200616,5.21783701321485,7.54838329995233,1.97147737961177,13.8773131505739,1.33877065948119,0.992702241144143,7.35755200461808
"Notch1",4.39877103248737,2.87188111306997,2.68301865579214,2.79655170493607,25.5094286005893,19.3540911665672,7.58983022983141,15.6571453689698,2.49133148315043,18.2512373368743,4.04478324866127,2.52858724218097,5.01158865130123,3.2701114042584,1.01690051099636,31.5853866649704,11.8080148753899,10.7325721006973,17.1202270124824,4.82971551655357,7.57967884926343,1.62689015716529,11.0020091343095,1.39337512532205,0.892723685518038,12.7045521214623
"Notch2",3.901609470183,3.56602032921213,2.89615616683313,2.74689416989552,25.9347830165595,21.7387999003979,8.09778703853497,17.2810403817074,3.43955691425945,18.9546399779719,4.52847761306548,3.03818298927635,4.81045158654775,2.66646827509608,1.18305079836011,32.696618599751,12.7390283561183,11.9339529077532,21.493102853751,5.73324854727383,6.8435234513265,1.52164696002652,14.2489140433229,1.80948575440726,0.822961598792927,9.74483383749955
"Nsd1",4.08573111536472,0.981841133538677,2.57239118318585,3.38630792496582,24.6750900388176,14.8603834843815,6.05803767904383,15.0561538680649,1.20668877413493,21.8989299626255,3.70644798539816,2.12178691456853,6.49186346595525,2.23273545584053,1.30539481634601,31.6883679200611,10.9706942152924,11.3603976371647,17.5855512360694,5.98061503111165,8.89899365816939,2.4400727096237,9.63350519472719,1.02131076939452,1.31449921520967,5.12928301694497
"Obscn",3.08649822459648,2.09783983814358,2.33146964515031,1.3134787291256,22.9260869739515,15.3434121171317,6.55375720885613,14.8412730766366,2.29660095025742,16.2218614888104,3.61807531089315,2.12268829613459,3.39250637237311,2.70926860699632,1.28888313786205,28.2668520238063,11.2917468592746,8.76514438193204,15.1239219377211,5.04155135839014,7.07420907616388,1.47882072963879,9.04637924837846,1.21508026215463,0.527539122705182,8.24792751344359
"Oraov1",6.74019948525883,3.51451612884625,4.02593217874584,3.61554900557763,26.9153138711237,16.0146101661648,8.00200547030079,15.3340652003937,2.97197271495727,16.9303113380714,3.68498554781162,1.76931453461616,5.61002783969932,3.423311437375,1.43812526627255,28.3267598388656,12.990362727966,12.2698047621051,20.0895951922496,4.09583063402146,7.20157521448486,2.13915107286024,12.3344801623623,1.07666321859739,1.71074670449724,5.75488750216347
"P3h2",4.61901127473469,1.91135849219968,3.15636474336809,2.45035852591483,25.4904469429961,18.2592084931422,8.10941997613963,17.7378801373163,3.12580777038871,15.3938546921612,3.92654757764565,2.27630196068341,4.34598318224142,3.14809182668503,0.746609167963,28.4860585190044,9.84946694072822,10.4144911513873,16.4817313915386,4.40055000316689,8.3020346020759,2.1867023338923,12.3358360247583,1.62084423739651,0.976858919733257,7.4093909361377
"Pak7",2.15362849428171,1.35991146145726,2.40622487114973,2.05249844714356,24.9693490079667,21.220710905072,5.46724227425769,13.5332367856575,2.13061866612913,23.6503036716113,2.48660964690688,3.3049209958747,3.25547171003886,2.32497202319244,0.716923870886445,40.7236572455554,12.2726824888376,12.0388964264834,15.3099624583039,4.75090308513453,5.9299024650833,1.74168897526511,10.0258565865075,1.02698464562439,0.675068495563698,7.96000193206808
"Pappa2",4.741806117644,1.79962092173038,3.52653153644455,2.21895180341858,29.2725373454758,17.4385197488105,8.91657702209293,15.7156914161509,1.88576676244042,15.9687299965295,3.58270345533234,1.85671938855519,4.24860204522741,3.29120533950472,1.16220195663985,26.0283031117784,12.2622768605524,8.51692581711112,15.2471631849101,3.6646344158832,8.33561325571115,2.08726635965276,10.2039866817561,1.17228523792203,0.74405883204735,7.57742882803575
"Pcdh11x",2.16760243454458,1.14390255099578,2.44681335881455,1.72043039149179,19.1672156870658,11.5931718125672,6.51829966507661,10.526703785436,1.91880401705794,12.3289431487956,2.80670971619261,1.48807933841841,3.53305532235115,2.66278481494149,0.917791696609146,23.9196981983077,8.44155700060458,6.23162983087401,13.3379856669682,2.48364974175214,6.76566363330876,1.50909950209679,8.78738898113014,1.06963873455329,0.636514959566478,7.65821148275179
"Pcdh15",5.93361657844219,4.37146760233488,4.33330114447139,2.43327173667227,30.4331186150143,21.5779512895114,10.4046072959157,16.6253442560293,3.67596656112366,20.3096342702777,5.48981563964366,2.91182696758203,4.70597602559709,3.53731811349004,1.64963580051635,32.3881246823762,13.7267798773046,11.123039179897,18.8378409467603,5.35130751978115,8.41975228165153,2.49618685486114,11.088196383066,1.48111238631711,0.882123454567535,8.25738784269265
"Pclo",4.88487321733979,1.8745298979755,5.31807914487302,1.3343472677933,26.9864113557877,19.8913199397309,6.49819583748947,13.4162730772009,2.17868673034006,17.6856409786371,3.17113953366232,2.18806673926713,4.60267802086263,3.6588602319302,1.11317669531193,31.8066959553322,12.6192470548288,11.1304499813373,16.4376843369829,3.59755348091947,9.2937196103203,1.68011863876279,9.48702539123831,1.09503978332825,0.830779811593063,6.4262647547021
"Peg3",1.6207517957634,1.55355410753408,1.97538044567605,1.52809344904548,20.9463332497194,16.6231162947164,4.59379293474748,13.9465849285148,1.94951503816666,15.8035258512007,2.95612956593665,2.9005431087023,3.72224119232701,2.28592934888691,0.947357218221456,32.3426457491789,11.5225521968494,10.6786732241988,17.8905664020953,4.9878439058566,6.25593976598735,1.54428561619254,11.9071459222633,1.24172845231087,0.771503354898778,8.88569637333939
"Pik3ca",3.26303291949455,2.64786965174698,1.03294801562905,2.68592323117457,28.2371233379139,19.3054263043242,7.10430509624244,17.543768028234,2.84477039505665,20.5741562379295,3.57172359308394,2.98716516704433,4.88105412256246,2.57713654129719,1.17251076744033,29.8596780935785,13.07155310382,12.041576874705,18.1458603269345,6.41055077261497,7.2533494288549,1.61359853367211,11.9232947501859,1.48622744710069,0.992054462912604,6.10852445677817
"Pik3cg",2.96874450222296,1.49012425647537,3.16737343881413,1.92731847687041,23.7599136764469,14.5540933317381,5.79488084482968,13.465794484621,1.41043612206912,15.0706228358444,2.26517381571207,1.72371008242605,4.01934129117054,2.81884633577668,0.86775198859174,28.8881243204,11.6467951467716,7.70902439435559,14.8258898245858,3.8777945993803,7.63295321563044,1.58567879314971,8.86677595618924,1.2079292369447,0.747776194101225,7.95419631038687
"Pkhd1",2.91729897516204,1.23601882378543,3.27610287862691,1.79780955426769,22.1544374793982,12.1094085150223,6.44352831926345,14.3667551515738,1.6608342048445,14.2659120122996,2.4902148078175,1.97971331287158,4.38433818431252,3.0294260387243,0.807480900732634,26.4274555259889,9.86113818178739,8.07445046721239,14.7412403980929,3.79560889462306,7.04004492627027,1.84312950617137,9.43008870117356,1.28709845360542,0.502863225621315,7.64385618977472
"Pkhd1l1",3.27248560456175,2.2804994448239,2.90279373598277,2.42610767433992,23.6465297482728,14.8274969836864,6.17595780181021,13.2270468779274,1.71205665570658,15.8497049054685,3.48951474232694,2.00366651946156,4.12821539014887,2.93205150565965,1.22896060249274,26.1859948351292,9.88092446630791,8.39892713083411,15.7870111071176,3.9319920115308,7.43172851689479,1.2146506761933,9.31222326703439,1.33644887165539,0.708626245064189,8.04984854945056
"Plec",1.35481549069482,0.375843107831268,3.50382661804823,1.54696497867876,18.0069440100218,11.8466117538563,6.30784517056432,12.564195411835,1.52167959362434,8.14093158003099,1.42613024540033,0.800626353868452,3.86351641402038,2.62277811607291,0.772071832895877,22.48418726915,8.83342568335379,7.67684998193762,12.9023384318884,2.90987985831206,9.42178268121915,1.35985510620608,10.1495113323573,1.9259355229019,0.696380210955314,5.61470984411521
"Ppfia1",5.12220474278421,2.61488549800181,5.26609763522891,3.89968158077202,29.6076448164202,21.9651447611944,9.2351398139371,21.2703304965703,3.99000817611882,24.4507059321805,4.83547550955304,2.97553682833535,4.34988617397969,3.92061367717168,1.343291803857,39.9094621682375,12.6974364015272,12.3706825660242,15.9735164569531,6.26179558152788,7.16372092964015,2.88673523353881,13.5532481778543,1.79672406938839,1.17891613967298,6.18982455888002
"Prex2",4.20229913401606,2.71162867422794,3.78730260024365,2.02320128546797,25.740043239605,16.8720262760317,8.29005354922542,15.6458633781123,2.07690431638471,17.2458370323761,3.30765746935251,2.22303562596285,4.38973297413221,3.32163514127625,1.18849135640376,29.4411385327102,11.8605747847054,8.69578238240801,17.0828817094594,4.3824861071903,8.47843113625074,2.02461824845698,9.21214480897018,1.24463243584774,0.69081438290899,8.58496250072116
"Prkdc",3.00830391965448,1.82550978769503,2.20619710036371,2.05918583379058,25.2767564929248,17.4845049832176,7.17848161322887,13.1618283702795,2.69939882201704,16.122279963788,3.03001965356161,2.4334638686481,4.05429120353876,2.45894667890599,1.11455359330151,28.1973261290422,9.43585539394945,9.21004152339296,16.8074254119751,5.03023962310386,6.46594090975871,0.978158858456021,11.3965980318134,1.26647915233775,0.447150023996375,7.32192809488736
"Ptprd",2.52438121849495,2.55333084558952,2.80772070015988,1.85747829776779,22.9046533237337,17.9769670714327,6.6904599154691,13.8706533494867,2.06382664653684,15.7858689969725,3.95501920207026,3.20520892857578,4.52731193334128,2.87768641808297,0.779399433416707,29.1778511351735,11.4698886295164,10.059441104471,17.5693308449783,5.65877664206419,7.69255266902372,1.361702399826,10.1121482216553,1.06040003596726,0.583280654049135,7.96000193206808
"Reln",2.37410787380587,1.57084506018721,3.41211243263416,1.67840641364014,23.2139239747849,17.032231523545,7.22328166935201,15.1326080304861,1.71409031556087,16.1360689372387,2.79193003198429,2.14283337918337,3.94282625031509,2.46619059112663,0.518532629345135,27.9014555645003,11.4973718132004,8.49903887681721,16.8494479645933,3.78437253528791,6.20174817715132,1.83460654054249,9.30671684346656,1.04506350014967,0.565898436093864,6.94251450533924
"Ros1",4.92519489330551,3.54342295029208,2.99733722872321,2.17742026768101,30.7086460486531,23.0045580874775,8.89987058521437,19.060594637178,3.06088010484606,21.1071322711934,4.56307981286027,4.27145364920959,4.61908318484375,3.17144926165916,0.890777141282959,33.3111019261691,15.0089859971371,12.2867439083372,19.5942541593791,5.57721373809189,9.01169403197851,1.66342626314117,13.290341127603,1.86850450883005,0.82009900911942,8.35755200461808
"Rp1",13.5307665936344,6.30505975229979,4.3559232989564,5.36076260340826,38.3183996978727,27.7867057896828,15.6861870950107,28.1342423859466,7.01160670431575,26.3789178018388,8.69747126005276,3.26674820211727,7.09409837038309,4.37112438645615,2.20251774527634,39.1168842540702,13.78864312989,14.1219287663602,23.3962503740446,5.60768410570499,7.84977799805731,2.80314717213635,16.698868539649,2.23967179467065,1.33302150665861,8.31288295528435
"Runx1t1",3.22225336958087,2.14129408862418,3.37457419501863,1.38963190870915,22.7736476359981,15.7904870415611,6.43232614978015,13.5896686545265,2.05015648932511,16.0245863031218,3.10955408306016,1.96732484923784,3.32355151675287,2.6188840498744,1.14731351698827,27.9661034435267,9.71333343060569,9.53355256608187,15.1416333881079,5.15294366208928,7.63972914782226,1.36619457285933,9.39320033875952,1.45076091170285,0.824092475481006,8.2667865406949
"Ryr1",2.23066029233884,1.70253537571231,3.80075966538825,2.01877567807259,19.8115780814887,15.8299130389426,5.75870550647634,11.9247648968339,1.45572393484038,14.522786272648,2.99096335437276,2.15376488453539,3.62920595122819,2.88296646508441,0.687162071193451,25.510835158863,10.1587679366413,8.75512483846865,14.5519460670676,3.67920250240243,7.53971730293836,1.60281016526644,10.0447418853021,1.5959845261558,0.782714774453172,7.08746284125034
"Ryr2",4.43872169137197,3.3912177897627,2.80124275417963,2.29098395803803,26.4060115378802,17.7406373924849,7.83847286608649,15.3757730611977,2.5892032460237,20.4874295892345,4.58957523940989,2.82664877630652,4.0513846923602,3.64903765766476,1.38478121998136,34.4152695200818,15.2974087378058,10.1443964466865,18.2989327602947,5.11303148240579,7.90553410860072,1.61609723713659,11.0258101442271,1.40864084172421,0.859814525978395,7.56224242422107
"Ryr3",3.90774993399629,2.31206823551271,3.27136376948522,1.85999378520366,24.4669746131274,17.6868770695357,6.5514306219202,14.0353015255231,2.29164784837762,16.9267496320261,3.51354789819137,2.67608236450218,4.0108608941983,3.54995361071309,0.933605112437348,29.3499174106082,11.105367233344,9.41780550504687,16.2396552086461,4.47908376058032,7.9393807872328,1.60406020335702,9.46730033190229,1.05363710389418,0.863545621284307,8.66888498426625
"Scn9a",2.45575192061331,1.77565239656813,2.54244036941299,1.77920403450896,21.4773715774027,15.4890842869813,6.16872695955427,12.7754492179402,1.86643823685876,15.1904693145838,2.80541495782382,1.8020864561729,3.18204503434461,2.65970517269377,0.788963083436196,26.2581928975931,10.1737810420909,8.59103664912088,13.8430524418823,4.61962768561923,7.00657795036877,1.31138934427595,8.41382071948729,1.14973656627093,0.494897906905605,7.79441586635011
"Shank2",5.30225525371934,3.12250889463875,4.26673737683328,3.22135342491845,32.1052575879754,23.7650390939886,9.78992059419934,19.6389626380067,3.30918561757536,23.6595519414162,4.46288841039485,3.50335569625128,5.34435996757682,3.35479882128035,1.53910479257981,39.0343116397586,16.4682839637599,13.0465762130441,18.2161849525789,5.96639112381792,8.78444796072545,1.67904272972139,14.0232987370438,1.2793793940496,1.0259113063921,8.38370429247405
"Sis",2.35238892846865,1.33114649322084,3.96977427347196,2.06425595339992,22.2899568955819,16.41350585148,6.62871739063013,11.8850392950691,1.45602579075429,15.3110198685137,2.56058502059129,2.44013826138125,3.62062196498378,2.6409559165422,0.830861236929256,27.5584162461761,10.6359328047366,9.19950961492018,14.1180401503444,2.72568279775997,8.18154196089873,1.54571720677302,9.70456390796804,1.14708711489605,0.665202004342038,6.90689059560852
"Slit2",3.50605743113767,2.30264376863068,2.41243232614375,1.53020734024691,24.334533101271,14.3146145131582,7.85076005308521,13.4911892215227,1.9639726676307,16.12555969593,4.01322853797139,2.1695560341418,3.45006547733531,3.49365321966155,0.890968454794261,26.0462227368371,10.070951395971,7.99278817040428,13.8754223026006,3.88370963904786,6.84243446009819,1.77496287124185,8.78684871232343,1.1262997682721,0.810356642980566,7.20945336562895
"Sox2",3.78849553377791,3.07399043180981,3.82905811231172,2.80795761549317,26.7468857606115,20.7606873651846,8.01538095307664,16.3373167520214,3.15474249040682,19.0268930955087,4.88840856307297,3.61407780003749,4.95648311133423,3.15722662532581,1.18154352854449,32.8836440403602,13.2563641016978,9.55331347066074,16.5823769147912,5.46692094556748,6.78488238783764,1.6773417410605,11.6282182732824,1.57749430688084,0.87500510818875,8.29462074889163
"Spag17",4.75062305120756,2.75493475814589,4.0946240332561,2.90035327168753,27.8124336698633,18.217845872709,10.4266064721401,17.7875840368152,2.82394667591112,18.9910466709707,3.80036509834329,2.45054715977777,4.24959759226527,2.85849197703619,1.31894975933472,32.3029390255072,12.0655730311927,9.54937427330702,17.5003192261539,4.44853455334166,7.84161483257868,2.32654090901256,11.4548024614236,1.85498799297931,1.19907785118652,8.25738784269265
"Sphkap",8.41931826754926,5.55052190729781,3.66899195106696,1.82154226790422,32.231583902238,20.3181480005927,10.0741810549407,18.4250230674272,3.93894730076831,22.1527169550928,4.86057788523386,2.59172418222469,4.02739017957884,4.2866374927195,1.39691995311902,35.7113288434908,14.2980013961401,11.8382031430266,17.9974744455632,5.12185142511192,8.72419481058231,2.49736424500717,9.50238369609655,1.49081585004081,0.6002494596886,9.33985000288462
"Spta1",1.99124355250334,1.56172821701582,2.65410203038929,2.96749045618332,18.4745618058781,13.3487576765021,5.694500852758,9.84601439942094,1.51876718747355,10.7946924145383,2.47868442869875,1.6382377154191,4.63563939884201,2.87529443891456,0.641618545687322,23.4285143007606,8.45438202683948,7.67451945176142,12.9852027104352,3.1644727711894,6.66748979002714,1.50989648517733,9.4003652330654,1.09511671508363,0.694317010813104,8.03342300153745
"Syne1",3.73577353528273,1.84801641064154,2.99067377768661,2.79151697081603,25.3595336576376,15.022656961796,8.16381049234622,14.4939182831317,2.48798078913323,15.5954900320852,3.50805011147876,2.20050570857582,4.64385467780271,3.47123018052647,1.03425614403577,28.6293449038615,10.383561982091,9.18902535794995,16.4859084416127,4.00201357384516,9.16986675466233,1.81230391352327,11.3017828332639,1.3741126363481,0.928869858140579,7.01122725542325
"Syne2",5.57499768099308,2.77397910356303,3.71127016969692,1.73131236513138,29.9405208158849,18.6352356078856,8.99699247496095,17.8625677357349,2.60795232189005,21.2825197148448,4.50409833933807,2.98838314432758,3.76236891162928,3.11831096313621,1.50339283972276,34.3642262802216,15.0979909514377,10.293817767641,17.5295788913124,4.75074895416145,8.49161824321469,1.89062284547045,9.62050406223566,1.56732821682711,0.744360179775612,6.68650052718322
"Tenm1",3.13988429240126,1.46942723065418,3.73212171242367,2.02553545277638,25.1049050326925,15.3135446780338,6.75330240723285,14.0621742458411,1.8741293369551,16.7411028355687,2.31264388067471,2.02207376340904,3.75183559802526,3.38482967530119,1.14774212403653,30.0635473088597,10.8576680514095,9.24972503710403,16.7566453255406,4.45515067263214,7.25523521819136,1.32752991436609,12.3754973050035,1.22503736412009,1.01402017984309,7.49984588708321
"Tet1",2.64607031101007,1.82703602018466,3.99087278147078,2.73319498265292,22.3871976514895,13.9008551647853,6.29693075427621,13.7780604024209,1.58648561965805,14.202603687986,2.7507560191273,1.95148800719297,5.05481341943176,2.76000793871875,1.20126624246835,27.9239439534809,9.78502186645243,8.38431364921622,15.2444212617415,2.97568210209811,7.22372331298513,1.41271867050001,9.68217577136635,1.30008799037711,0.639393260671826,7.11894107272351
"Thsd7a",5.19417094308662,2.74059777563627,3.46909456583719,1.21944285685925,27.8835798470508,20.6203000653844,7.4608330327384,15.0543516466185,3.8553274372903,21.8611236052523,4.31432261858604,3.06637889012406,3.4601131254381,3.59400219935645,1.63602850071285,35.7722834287577,12.3983246154441,11.4064514456662,14.331847118816,4.48261128098508,7.75146649438911,2.08846370594793,8.83406089285448,1.45257363276144,0.976588867359333,7.14974711950468
"Tnni3k",2.32628203526211,1.46305952747457,2.93918502906498,1.66066263430927,20.011125731768,13.5690599834725,5.53739223965623,11.8604889395092,0.996165966799445,14.8189996490188,2.29507193291734,1.92887259917355,3.73204995113913,3.21712712698418,0.952242789446274,26.7559309716561,8.58448749941333,8.34293710628414,13.9508168483465,3.48095928192866,7.19713976761102,1.44382642880346,9.07893385883347,0.939918322876927,0.750899473295866,7.44294349584873
"Tnxb",1.8044709728866,1.64765507888955,2.50621948154773,1.67554310714014,21.4281134360838,17.388555756014,5.45689722911516,15.8895988375705,2.19662587370464,15.4432179776474,3.40507240804786,2.41474849875947,4.11429403178435,2.50943980348801,0.725225528067745,29.1243799021572,11.6951816439755,10.3509807967048,19.3963997847843,6.17828150186545,5.92270927406959,1.15438844374765,13.7837779259842,1.09911441717294,0.724433749907845,8.45121111183233
"Tpcn2",1.55687332780639,1.05571330254195,2.80241727593141,1.36249246257652,20.4967503251184,15.5631413721287,4.55390733895623,11.7420576019011,1.50189307744131,16.6365382211496,2.55836268036512,1.94370975597786,3.57041700550826,2.57699115089049,0.86241660872968,31.3116470018318,10.5667772016572,10.7188273269244,15.5922603199097,4.4294388465218,6.7495337033971,1.87687705652245,9.01449068056424,1.05715719562639,0.689112744453062,8.00562454919388
"Trp53",2.56133036804471,1.90277186551712,3.31032622424012,1.97747344271945,23.8675770805475,16.5301016657732,6.16209821938511,14.2274940978581,1.70793421386911,17.049977438971,3.20766386397041,2.41340444930653,3.88938481729676,2.58360869911439,0.942217385444663,29.7914492783419,10.8079817441405,9.60283259787449,16.8778064250262,4.18994361282185,7.3735158435336,1.58068025710043,10.0823188544215,1.18745407087722,0.760563048255446,10.0042204663182
"Trp63",0,0,11.2104254261217,0,23.2450020947799,3.03859009419629,1.51929504709815,0.996512207274539,0,7.17532312465089,0.996512207274539,0,0,0,0,17.4382898158707,3.66300366300366,4.50883166892176,24.090830100698,2.51580725437268,0,0,0.996512207274539,0.996512207274539,0,1.58496250072116
"Ttn",4.26857781375265,2.3928423333405,3.02370063180089,2.28368357308705,29.1914104801626,23.2287907988763,8.71693465850875,18.3492676933665,2.85841224872625,20.3810565807688,5.1652341301545,3.75932844992321,4.28294058485043,3.51401147321522,1.17102946753182,35.9752027657071,15.6015240411585,12.5744334822405,20.0220734376607,6.40114064339014,7.30424429464676,1.73736441947719,13.9271248519543,1.78455732610281,0.95257768237547,8.71424551766612
"Unc13c",3.79219412401819,2.50444013516732,3.6952459132807,2.06125576502168,26.7974680197309,15.4287164271142,7.80731981929917,14.0736303904271,1.89444842771428,15.8886304957344,3.2940050052459,2.82108661205305,3.97235028826223,3.19329411795117,1.03647344076249,27.2461790973402,11.7235153315676,8.92296672296585,15.1854829082304,4.40406664829045,8.40589285379262,1.93033888463071,10.2720774348671,1.38148608239872,0.808531658138362,7.29462074889163
"Ush2a",6.05713922854958,3.83469824339858,4.39537692824152,1.96800448603996,29.2120695336623,20.6961508474121,10.5517841603067,16.2031020916829,3.0638140301106,17.8459279518756,3.56448436676272,2.56947728266533,4.02492173651777,3.46534283468079,1.163930841704,31.325933821144,12.303348674018,9.76141626642853,17.4813896292806,4.64765377792659,9.30855860481525,2.0573017830304,11.4568867304247,1.74484630774544,0.973192360733775,7.49185309632967
"Vcan",4.15634526666795,2.75784673906387,3.76546778460827,2.67913350608011,26.1151833696903,18.7033097899193,8.00826717376308,15.7105696622359,2.74312834736218,17.1687549363779,4.02224783620944,2.47199783147102,5.0117728638853,2.94835483583969,1.52399351262316,29.6109600629012,12.3881724354987,10.4158042389466,17.0734997947331,4.66220204450104,6.90557199099968,1.49081775818079,11.6717516852444,1.48304657599394,0.887270267366277,8.5274770060604
"Vps13b",1.40728599879346,0.968033453232649,2.01442318548764,1.17825719353507,15.4391960785912,8.81481684553964,3.56547135392336,11.1727379983737,1.0289809304686,9.89004904964947,1.90425102717662,2.04969018171511,3.63394621600297,2.39731414853157,0.647085144102876,24.4025977245137,8.40346515260402,7.06751221310791,15.7921026130068,3.56228671649131,7.11233832343087,1.00060221784471,8.72701253002828,1.02759343409409,0.570338834386569,8.88569637333939
"Xirp2",2.57088977841892,1.67726480584771,2.44192507394782,1.36233998022917,18.1436143174864,12.7471016666141,4.94926925778369,9.73656463760097,1.76447378390948,14.1980096989889,3.02296165414799,1.95876941904957,3.12904449730537,2.53563838104957,0.880221994278388,30.1463761437652,9.27791161239711,8.04145963182929,13.0739645660574,3.05212480642889,6.93642110815476,1.65949065314144,7.47708469089918,1.17484035211366,0.608896016523009,8.76155123244448
"Zfhx4",2.71917444840796,1.80005317875204,2.58882297995284,2.16665897158918,25.7202745163241,21.9947583454508,6.53727223024902,15.4927674542313,3.35478159518675,20.1914402126341,3.80467863014458,3.46434308527308,4.29481965854393,2.61919979525772,0.930633787387793,35.1782787350795,14.2560730960492,12.5492922084321,17.2647657804262,5.60788305551756,6.64217062295499,1.70300870695663,12.0029974578709,1.3629893211667,0.696391531126582,8.75822321472672
"Zfp469",3.11235071821417,2.0755309627326,2.38605676633805,2.00577664427578,19.1268653424967,15.2869920293708,6.04372040221457,13.3950217925957,2.28511608371608,14.5033599058106,3.4639002364725,2.3918442526106,3.7219879300608,2.90988871052927,0.976029805868722,28.7685232661244,10.2280163994967,8.61154862913394,16.8203307123691,3.77577896486484,6.55458484956548,1.52746701134979,9.9804560118224,1.09023656878952,0.553669214314253,7.35755200461808
"Zfp78",4.00381833315317,3.16059016456241,3.27480185605625,2.3846881827156,32.2258545022192,20.0097940962238,9.0784809339258,19.819363536712,2.90550639459723,20.7158811666575,4.64092374272836,3.17933436371307,3.87403802031941,3.07605543192533,1.19874425921311,32.9355047392948,14.8966015841272,11.9962641942691,18.1776434684414,5.8678387960637,9.40077789554359,1.78153940107312,12.1246285221123,1.72758056322983,0.80862118486922,8.02790599656988
"Zfp804b",3.19757357049891,2.97926033829227,3.96127827907953,2.49550199485337,24.5587214684649,14.3567654496412,6.56275837983192,13.7106225372873,2.01279493368304,16.1954676447256,3.26157778422439,1.93734032001693,5.05250753820706,3.41672370321079,1.1478181298733,27.7450476318429,11.2787983307358,7.92859286918265,16.9773438403252,3.46965469784742,7.39641217964258,1.71264414268384,9.01905551616279,1.48828357245315,0.69742405191496,7.65105169117893
"Zfp831",2.65883292916824,1.03140182823474,4.08766117978501,1.59592944169699,19.2045544510345,14.0247195719811,5.81015861042616,11.3625257290203,1.36627665969171,14.3928092101143,2.79680775410507,2.01221181976672,3.47605098543302,2.23209504936993,0.694257728213852,25.404362195937,10.3567260727323,8.77241080549022,14.2438291628603,3.40476115257951,6.1168192006622,1.39626824890609,8.92796973307787,1.38924090030008,0.734148982765473,7.90689059560852
"Zmat3",2.43105029950233,1.73774771018558,2.79617311792481,2.00866150843697,19.3471162350141,12.5982393248644,5.63017344667705,11.8237183860572,2.06536653808963,13.6999097657869,2.53209990739906,2.33672304689561,3.9703618113694,2.5938132807415,0.661922134227853,25.0793733414759,9.79898317937392,7.96174044108827,13.9970404963035,4.36182506716392,7.71478590019029,1.18613514067723,8.61379017997353,1.06861346534466,0.577463046864328,7.61470984411521
