sgrna	Gene	control_count	treatment_count	control_mean	treat_mean	LFC	control_var	adj_var	score	p.low	p.high	p.twosided	FDR	high_in_treatment
ctrl_sgRNA.48	ctrl	2550.2/32.676/16.552/20.464	5380.4/3694.3/63122/2615.3/3857/5220/699.89/26540	26.57	4538.5	7.3633	2.1229e+06	41980	22.021	1	1.6373e-107	3.2746e-107	6.5493e-105	True
Notch1	Notch1	3.7813e+05/7.2524e+05/8.2638e+05/1.2775e+06	5.3328e+06/5.1507e+07/5.3597e+06/3.3615e+06/1.0197e+06/6.6857e+05/6.5292e+05/7.9127e+05	7.7581e+05	2.1906e+06	1.4975	1.3833e+11	1.8229e+10	10.479	1	5.4111e-26	1.0822e-25	1.0822e-23	True
Fat1	Fat1	4.6123e+05/1.2607e+06/7.9027e+05/8.2503e+05	3.3863e+06/1.5414e+07/1.3839e+07/4.7592e+06/6.9539e+05/3.6525e+05/3.2238e+05/8.4652e+05	8.0765e+05	2.1164e+06	1.3898	1.0862e+11	1.9178e+10	9.4504	1	1.6884e-21	3.3769e-21	2.2512e-19	True
Trp53	Trp53	1.7008e+05/1.8653e+05/2.7489e+05/2.1715e+05	9.5401e+05/8.936e+06/1.7985e+06/9.6177e+05/1.5682e+05/2.2437e+05/2.5411e+05/1.4893e+05	2.0184e+05	6.0406e+05	1.5815	2.2711e+09	3.33e+09	6.9702	1	1.5832e-12	3.1665e-12	1.5832e-10	True
Prex2	Prex2	13451/49497/46951/57413	3.7108e+05/1.3537e+06/4.8838e+05/2.5728e+05/38954/58546/78913/1.5639e+05	48224	2.0684e+05	2.1006	4.3229e+08	5.4633e+08	6.7859	1	5.8836e-12	1.1767e-11	4.7069e-10	True
Mdn1	Mdn1	850.14/39063/792.53/520.64	6033.2/4.0539e+05/38263/32110/4733.5/8163.5/15164/7345.6	821.33	11664	3.8263	4.875e+08	3.1939e+06	6.0668	1	9.6365e-10	1.9273e-09	6.4243e-08	True
Myh1	Myh1	62576/93890/86115/1.4388e+05	4e+05/2.1502e+06/3.6729e+06/1.0033e+06/1.3141e+05/1.9101e+05/79358/98281	90003	2.955e+05	1.7151	1.2284e+09	1.2012e+09	5.9294	1	1.5274e-09	3.0549e-09	8.7283e-08	True
Nav3	Nav3	32569/60571/32984/61032	1.5945e+05/2.1427e+06/5.4078e+05/2.1116e+05/1.1266e+05/79199/2.0165e+05/62393	46777	1.8055e+05	1.9485	2.6186e+08	5.2572e+08	5.8342	1	2.7595e-09	5.519e-09	1.3798e-07	True
Cttn	Cttn	23519/27911/34287/77992	2.1254e+05/2.197e+05/4.2002e+05/2.1214e+05/55523/45758/29564/12290	31099	1.3383e+05	2.1055	7.5891e+08	3.1399e+08	5.7977	1	3.5008e-09	7.0015e-09	1.5559e-07	True
Pcdh15	Pcdh15	15169/73331/24486/38108	43139/2.8968e+05/4.7958e+05/2.4551e+05/95565/82117/1.6238e+05/46802	31297	1.2897e+05	2.043	7.0658e+08	3.1652e+08	5.4903	1	2.0886e-08	4.1771e-08	8.3543e-07	True
Muc16	Muc16	31295/14474/15313/13611	2.5722e+05/3.9321e+06/1.4918e+05/70434/31411/74841/13670/34674	14893	72638	2.286	9.0333e+07	1.2394e+08	5.1869	1	1.1756e-07	2.3512e-07	4.2749e-06	True
ctrl_sgRNA.22	ctrl	11055/3223.2/46171/144.2	25244/3.2032e+05/1.4948e+05/1.6085e+05/5893.9/11656/56194/11401	7139	40719	2.5117	5.3437e+08	4.8978e+07	4.7982	1	9.4591e-07	1.8918e-06	3.153e-05	True
Myh2	Myh2	52726/49913/57122/1.4679e+05	4.1814e+05/53945/3.0381e+05/3.2541e+05/32426/40878/50322/2.8702e+05	54924	1.7048e+05	1.6341	2.8247e+09	6.4386e+08	4.5542	1	2.6694e-06	5.3389e-06	8.2136e-05	True
Abca13	Abca13	34094/44372/38769/53249	1.6994e+05/6.9845e+05/35199/11367/27428/1.3873e+05/1.9182e+05/1.241e+05	41571	1.3142e+05	1.6605	6.9327e+07	4.5295e+08	4.2216	0.99999	1.2445e-05	2.4891e-05	0.00035558	True
Notch2	Notch2	1.0299e+05/1.894e+05/85021/62547	2.2574e+05/5.0437e+06/3.0153e+06/1.2252e+06/2.4753e+05/87772/85133/35358	94004	2.3663e+05	1.3319	3.4174e+09	1.269e+09	4.0039	0.99997	3.1284e-05	6.2569e-05	0.00083425	True
Muc2	Muc2	69698/1.1076e+05/33915/88014	3.1068e+05/4.6256e+05/5.2524e+05/2.5429e+05/35180/1.151e+05/75660/1.529e+05	78856	2.036e+05	1.3684	1.0684e+09	1.0165e+09	3.9124	0.99995	4.599e-05	9.1981e-05	0.0011498	True
Dnah9	Dnah9	38980/1.0507e+05/27480/44811	2.2381e+05/5.1596e+06/5.3684e+05/1.6109e+05/68697/87622/78453/28368	41895	1.2436e+05	1.5696	1.4055e+09	4.5742e+08	3.8555	0.99994	5.9224e-05	0.00011845	0.0013935	True
Ptprd	Ptprd	59377/65203/38106/46813	2.6976e+05/3.5172e+06/4.9614e+05/2.4007e+05/47783/23413/30444/31268	53095	1.4393e+05	1.4387	1.5007e+08	6.1691e+08	3.657	0.99987	0.00012972	0.00025944	0.0028826	True
Rp1	Rp1	49210/93593/26204/15938	1.1267e+05/1.517e+06/4.7979e+05/1.0791e+05/1.216e+05/74104/31580/71861	37707	1.1029e+05	1.5484	1.2873e+09	4.0046e+08	3.6273	0.99985	0.00014761	0.00029522	0.0031076	True
Erich3	Erich3	23258/40096/30052/18670	88816/1.1157e+06/80654/1.2629e+05/40571/1.489e+05/37917/29630	26655	84735	1.6685	8.9162e+07	2.5844e+08	3.6128	0.99984	0.00015917	0.00031835	0.0031835	True
Fgf3	Fgf3	57140/68290/63968/92832	2.6536e+05/1.892e+07/2.3647e+06/1.0802e+06/65839/27541/69416/50075	66129	1.6739e+05	1.3398	2.6772e+08	8.1394e+08	3.5492	0.9998	0.00019517	0.00039035	0.0037176	True
Dscam	Dscam	35441/86293/38869/63364	1.5451e+05/7.1567e+05/2.4126e+06/6.4839e+05/1.1316e+05/84907/80616/41393	51117	1.3383e+05	1.3885	5.9436e+08	5.8803e+08	3.411	0.99967	0.00032945	0.0006589	0.00599	True
Ppfia1	Ppfia1	6982.1/18819/17329/42393	84476/5.9385e+05/2.1985e+05/86980/14485/16321/15866/36865	18074	60670	1.747	2.3852e+08	1.5825e+08	3.3861	0.99962	0.0003834	0.00076679	0.0066677	True
D630045J12Rik	D630045J12Rik	37695/66794/87923/45486	2.7059e+05/2.1133e+06/5.6817e+05/1.9348e+05/78258/53190/71985/85840	56140	1.3966e+05	1.3148	5.258e+08	6.6191e+08	3.2464	0.99941	0.00059308	0.0011862	0.0098847	True
Ahnak2	Ahnak2	18441/42702/88990/33480	3.1786e+05/2.4613e+07/3.7551e+05/1.4566e+05/52306/34520/58610/49964	38091	1.0213e+05	1.4229	1.0065e+09	4.0562e+08	3.1798	0.99924	0.00075908	0.0015182	0.012145	True
Muc3	Muc3	29138/99069/64735/40103	1.9863e+05/2.4347e+06/5.1349e+05/2.9588e+05/30439/49412/44852/43396	52419	1.2402e+05	1.2424	1.0072e+09	6.0701e+08	2.9062	0.99814	0.00186	0.00372	0.028316	True
Erbb4	Erbb4	19749/58129/61403/19738	92177/2.3383e+07/4.8282e+05/1.6549e+05/48151/37624/44192/1.0412e+05	38939	98150	1.3338	5.3661e+08	4.1705e+08	2.8994	0.99808	0.0019238	0.0038476	0.028316	True
Tnxb	Tnxb	12107/30379/32602/59992	79280/1.0871e+06/1.9554e+06/5.5057e+05/28184/55669/87058/19106	31491	83169	1.4011	3.9684e+08	3.1899e+08	2.8935	0.99802	0.0019821	0.0039642	0.028316	True
ctrl_sgRNA.30	ctrl	379.94/6547.3/3157.5/9605.6	0/0/7.8221/0/79.603/9956.8/2856.1/85.447	4852.4	43.712	-6.7622	1.6114e+07	3.0081e+07	2.7873	0.0026574	0.99734	0.0053147	0.036653	False
Ep300	Ep300	16851/46902/18038/31575	2.8221e+05/2.8804e+06/1.1357e+05/54281/75956/19787/28265/32270	24806	65119	1.3923	2.1438e+08	2.3602e+08	2.624	0.99541	0.0045897	0.0091794	0.061196	True
Magi2	Magi2	34458/39243/37433/41079	85876/3.7512e+06/8.3558e+05/2.6743e+05/39101/73494/95203/69426	38338	90539	1.2398	8.0669e+06	4.0894e+08	2.5814	0.99493	0.0050673	0.010135	0.063341	True
ctrl_sgRNA.28	ctrl	13600/22722/1938.8/20880	4334.7/442.17/99.08/43.541/1810.3/65.668/308.34/948.46	17240	375.26	-5.518	9.6892e+07	1.4909e+08	2.5744	0.0050204	0.99498	0.010041	0.063341	False
Pik3ca	Pik3ca	21069/6983.8/8334.9/1698	19187/6.8082e+05/97445/82925/12794/30242/9984.3/21951	7659.4	26097	1.7684	7.2091e+07	5.3527e+07	2.5201	0.99312	0.0068823	0.013765	0.083422	True
ctrl_sgRNA.33	ctrl	3505.5/14.319/4.5436/1818.4	51.993/8772.2/140.8/1706.8/8701.3/5939.6/19772/5135.4	916.37	5537.5	2.5939	3.0541e+06	3.6674e+06	2.413	0.98843	0.011567	0.023133	0.12285	True
ctrl_sgRNA.50	ctrl	4775.8/12523/2108.5/56.157	3158.1/8.8635e+06/6729.6/2528.3/17533/46323/10468/20687	3442.2	14000	2.0237	3.2494e+07	1.9499e+07	2.391	0.98926	0.010741	0.021483	0.11935	True
ctrl_sgRNA.46	ctrl	15721/48233/24211/56145	1.3976e+05/29169/1.3416e+05/1.0532e+05/80752/83738/47136/45563	36222	82245	1.183	3.6858e+08	3.8065e+08	2.3589	0.99054	0.0094645	0.018929	0.11135	True
Fam135b	Fam135b	61921/69924/67087/78262	53091/1.8677e+06/2.8307e+05/2.1483e+05/80326/92951/89934/1.7871e+05	68506	1.3583e+05	0.9875	4.7526e+07	8.5105e+08	2.3078	0.98939	0.010605	0.02121	0.11935	True
Adgrb3	Adgrb3	16372/49856/39336/14736	2.0054e+05/53289/8.8698e+05/3.5067e+05/77981/28859/38225/31669	27854	65635	1.2366	3.0661e+08	2.732e+08	2.2858	0.98833	0.011671	0.023341	0.12285	True
Tet1	Tet1	51789/63976/16756/10966	84770/41750/1.1823e+05/93078/40987/99969/66559/37377	34272	75665	1.1426	6.7971e+08	3.5497e+08	2.197	0.98549	0.014511	0.029023	0.14579	True
Unc13c	Unc13c	38029/17642/54753/31328	2.2079e+05/5.9832e+05/1.7495e+05/52069/38058/82977/35099/69705	34679	76341	1.1384	2.3856e+08	3.6029e+08	2.1949	0.98542	0.014579	0.029158	0.14579	True
Akap9	Akap9	19919/33417/21199/50385	32423/1.174e+06/81798/1.1292e+05/17457/89483/43643/34418	27308	62721	1.1996	2.206e+08	2.6646e+08	2.1694	0.98423	0.01577	0.031541	0.15172	True
Scn9a	Scn9a	18440/84686/21869/48959	82180/3.2957e+06/1.5974e+05/1.9668e+05/32592/32319/70111/71718	35414	76949	1.1196	1.0276e+09	3.6996e+08	2.1594	0.98407	0.01593	0.031861	0.15172	True
Zfhx4	Zfhx4	45972/56405/25353/37254	98641/2.0444e+07/9.0996e+05/2.6283e+05/75888/50860/20344/30319	41613	87264	1.0683	1.7373e+08	4.5354e+08	2.1436	0.98355	0.016449	0.032899	0.15302	True
ctrl_sgRNA.3	ctrl	3294.4/9446.3/7730.6/111.84	24924/5948/868.25/5721.2/35128/22465/29891/13985	5512.5	18225	1.7249	1.8161e+07	3.5337e+07	2.1385	0.98027	0.019727	0.039454	0.16249	True
Col6a6	Col6a6	52679/49315/26467/1.3647e+05	1.7531e+05/83928/3.7676e+05/1.0784e+05/1.0849e+05/96143/57936/37520	50997	1.0199e+05	0.99995	2.6375e+09	5.863e+08	2.1061	0.98208	0.017915	0.03583	0.15925	True
Obscn	Obscn	31394/75319/56145/62763	2.9865e+05/3.6185e+06/2.0401e+05/87453/66175/1.4377e+05/20844/72929	59454	1.1561e+05	0.95943	3.5366e+08	7.1162e+08	2.1051	0.98213	0.01787	0.03574	0.15925	True
Col6a3	Col6a3	33240/74806/55511/61596	2.2821e+05/7.7433e+05/4.4649e+05/1.3663e+05/68355/73261/46137/90970	58554	1.138e+05	0.95866	3.0782e+08	6.9804e+08	2.091	0.98149	0.018509	0.037018	0.16095	True
Cfh	Cfh	52994/36844/58262/1.1744e+05	1.2065e+05/2.8537e+06/2.6116e+05/2.1653e+05/96213/76417/33286/51487	55628	1.0843e+05	0.96287	1.396e+09	6.543e+08	2.0643	0.98021	0.019789	0.039579	0.16249	True
Epha5	Epha5	51317/1.2112e+05/26134/70766	1.2978e+05/3.91e+06/5.2766e+05/3.1663e+05/78219/1.041e+05/1.0162e+05/43507	61042	1.1694e+05	0.93787	1.6725e+09	7.357e+08	2.0608	0.9801	0.019905	0.039809	0.16249	True
Spag17	Spag17	66791/14989/20206/89042	14285/8.066e+06/1.4765e+05/84655/91184/1.0798e+05/65489/78175	43498	87919	1.0152	1.324e+09	4.7963e+08	2.0283	0.97822	0.021775	0.043551	0.17272	True
Zfp831	Zfp831	37924/46216/34982/1.0743e+05	2.2155e+05/5.8317e+06/8685.1/98974/87602/83351/29278/40103	42070	85477	1.0227	1.4523e+09	4.5983e+08	2.0242	0.97798	0.022022	0.044043	0.17272	True
Prkdc	Prkdc	28198/22457/94451/35124	1.4683e+05/30168/1.9619e+05/2.8545e+05/96235/38977/19720/21043	31661	67606	1.0944	1.3504e+09	3.2117e+08	2.0057	0.97665	0.023346	0.046691	0.17958	True
Fat3	Fat3	14101/42766/15314/44845	3.4221e+05/6.8131e+05/1.5223e+05/83110/37439/20269/42001/13914	29040	62556	1.1071	2.8326e+08	2.8798e+08	1.975	0.97477	0.025232	0.050464	0.18351	True
Spta1	Spta1	39111/95855/32863/52167	1.6607e+05/4.4492e+06/49282/16905/1.401e+05/1.0443e+05/76006/42367	45639	90220	0.98317	9.2337e+08	5.0962e+08	1.9748	0.97532	0.024678	0.049356	0.1828	True
ctrl_sgRNA.45	ctrl	46719/40840/7978.5/52650	30659/3865.5/589.26/8252.4/20580/3195.8/12536/5807.5	43779	7030	-2.6385	4.5922e+08	4.8354e+08	1.9657	0.024668	0.97533	0.049336	0.1828	False
Crebbp	Crebbp	19982/9934.2/30804/1151.7	66432/3.481e+06/82210/28676/18886/35625/26599/37796	14958	36710	1.2952	1.6406e+08	1.2462e+08	1.9485	0.97178	0.028219	0.056437	0.20156	True
Ryr3	Ryr3	46776/1.1511e+05/26978/97572	3.6188e+05/5.0159e+06/1.3843e+05/2.5594e+05/64604/1.2039e+05/65478/50431	72174	1.2941e+05	0.84239	1.7255e+09	9.0899e+08	1.8984	0.97094	0.029063	0.058126	0.20395	True
Lama2	Lama2	23783/73990/20762/36133	4.0755e+05/2.3431e+05/4912.3/79804/56664/36724/68758/50559	29958	62711	1.0657	6.9986e+08	2.9952e+08	1.8925	0.96951	0.030486	0.060971	0.21025	True
Sox2	Sox2	50565/44045/63751/7144.7	1.2615e+05/1.1859e+05/4.3384e+05/5.2257e+05/45371/47274/59211/49337	47305	88900	0.91017	6.3486e+08	5.3322e+08	1.8013	0.96343	0.036569	0.073137	0.24678	True
Zfp804b	Zfp804b	56956/62829/20841/47882	2.4676e+05/6.5466e+05/1.3242e+05/78524/38922/1.1472e+05/58609/56939	52419	96621	0.88223	3.8222e+08	6.0701e+08	1.7941	0.96298	0.037017	0.074034	0.24678	True
Oraov1	Oraov1	5673.7/15383/1084/1246.9	286.93/4222.1/56079/48768/9608.9/37291/5548.2/13199	3460.3	11404	1.7203	5.2532e+07	1.9629e+07	1.7929	0.95337	0.046628	0.093256	0.29525	True
Herc2	Herc2	43955/62176/68842/49779	1.6295e+05/9.6396e+06/2.4935e+05/88567/46256/1.1278e+05/45134/29522	55977	1.0067e+05	0.84678	1.2896e+08	6.5949e+08	1.7405	0.95851	0.041491	0.082983	0.27117	True
Sphkap	Sphkap	75159/1.4529e+05/67281/1.6765e+05	2.6375e+05/1.4495e+07/2.6484e+05/92895/45890/36317/61790/3.8997e+05	1.1023e+05	1.7832e+05	0.69401	2.5336e+09	1.5515e+09	1.7288	0.95797	0.042031	0.084063	0.27117	True
Adgrv1	Adgrv1	48413/51932/1.204e+05/28151	24805/6.8979e+05/5.5731e+05/2.3445e+05/21204/69713/28549/1.112e+05	50172	90458	0.85035	1.8076e+09	5.7435e+08	1.681	0.95276	0.04724	0.09448	0.29525	True
Epha7	Epha7	38632/43647/32628/1.2151e+05	47145/4.3259e+05/1.308e+05/1.8043e+05/63447/88726/23985/36389	41140	76087	0.88709	2.1815e+09	4.4703e+08	1.6529	0.94952	0.050484	0.10097	0.31067	True
Zfp469	Zfp469	46148/23362/19199/16332	15352/2.4286e+06/1.5452e+05/1.7214e+05/36918/51677/25407/25999	21281	44298	1.0577	2.1719e+08	1.9449e+08	1.6505	0.94722	0.052776	0.10555	0.3157	True
Dmd	Dmd	39980/46462/51423/1.6081e+05	1.0617e+05/25917/2.5036e+05/1.7314e+05/42468/58597/68313/1.1667e+05	48943	87240	0.83389	4.2023e+09	5.5663e+08	1.6233	0.94672	0.053281	0.10656	0.3157	True
Col1a2	Col1a2	37218/40730/18429/44764	1.3438e+05/4.0446e+06/2.0505e+05/81520/58770/51817/62383/21723	38974	71952	0.88449	1.5393e+08	4.1753e+08	1.6139	0.94518	0.054824	0.10965	0.31782	True
ctrl_sgRNA.7	ctrl	23814/69462/12453/7960.9	14880/1469.2/192.95/95.789/5769.1/28839/13877/79.75	18134	3619.1	-2.3246	9.342e+08	1.5891e+08	1.6103	0.05367	0.94633	0.10734	0.3157	False
Kmt2d	Kmt2d	72800/58039/28006/72535	25338/3.7327e+05/2.0406e+05/1.9121e+05/33052/56521/1.6254e+05/28921	65287	1.0953e+05	0.74643	5.1712e+08	8.0088e+08	1.5633	0.94038	0.059618	0.11924	0.34067	True
Ryr1	Ryr1	40741/33597/38682/43236	3.2521e+05/3.3429e+06/1.2785e+05/30185/47317/95590/28151/18850	39712	71453	0.84743	1.7311e+07	4.2753e+08	1.5351	0.93587	0.064131	0.12826	0.3613	True
ctrl_sgRNA.4	ctrl	6324.4/3361.6/12114/17806	115.54/1768.7/328.53/110.3/10416/4246.5/2315.7/18471	9219.5	2042.2	-2.174	4.1604e+07	6.7644e+07	1.4805	0.069371	0.93063	0.13874	0.38539	False
Peg3	Peg3	59685/93612/1.1208e+05/29521	1.8167e+05/1.4444e+07/1.826e+06/6.1911e+05/48805/39331/58966/37739	76649	1.2032e+05	0.65052	1.3506e+09	9.8071e+08	1.3945	0.91782	0.082178	0.16436	0.44751	True
Flg	Flg	43591/53254/62663/42821	2.8887e+05/5.1117e+05/1.8907e+05/59198/45159/98698/23703/63165	48422	80932	0.74102	9.3618e+07	5.4917e+08	1.3873	0.91568	0.084319	0.16864	0.4497	True
ctrl_sgRNA.10	ctrl	13321/25935/56513/31827	6653.2/3123.7/8249.7/2641.5/17428/44191/11927/10274	28881	9261.6	-1.6407	3.4099e+08	2.8598e+08	1.3866	0.082789	0.91721	0.16558	0.44751	False
ctrl_sgRNA.37	ctrl	16459/1.1204e+05/7250.9/26729	1.3411e+05/27572/4.4643e+05/1.8588e+05/14621/50547/16172/31208	21594	40878	0.92065	2.8128e+09	1.9811e+08	1.37	0.90898	0.091024	0.18205	0.47285	True
Tnni3k	Tnni3k	45675/13651/52991/28466	95606/1.3922e+06/76333/25506/51710/99572/28047/48898	37071	64021	0.78826	3.1667e+08	3.9195e+08	1.3613	0.91056	0.089442	0.17888	0.47074	True
Col22a1	Col22a1	31625/49042/48513/1.3182e+05	1.5045e+05/69193/90684/5.0206e+05/43488/1.6556e+05/42626/25042	48778	79939	0.71266	2.3969e+09	5.5426e+08	1.3236	0.90537	0.09463	0.18926	0.48528	True
Dnah10	Dnah10	36390/20769/33143/1.1652e+05	1.7183e+05/49609/9.2672e+05/3.065e+05/48860/46151/39935/70166	34767	59888	0.78453	2.2948e+09	3.6145e+08	1.3213	0.90355	0.096448	0.1929	0.48835	True
Pclo	Pclo	1.1458e+05/65955/74748/61500	1.9708e+05/6.468e+05/11058/10560/10338/46876/53832/20430	70352	33653	-1.0638	6.9116e+08	8.801e+08	1.2812	0.10006	0.89994	0.20013	0.50032	False
Aspm	Aspm	41331/46861/36387/35445	59548/1.0183e+06/3222.7/73630/44369/69091/25927/89155	38859	64319	0.72699	2.93e+07	4.1597e+08	1.2483	0.89095	0.10905	0.2181	0.53194	True
Fat2	Fat2	78710/44301/58870/77413	1.1912e+05/23007/1.7808e+05/1.0713e+05/33678/1.0305e+05/43502/1.0541e+05	68142	1.0423e+05	0.61319	2.8399e+08	8.4534e+08	1.2413	0.89172	0.10828	0.21656	0.53194	True
Fadd	Fadd	6442.1/22887/3043.6/25724	1.2631e+05/82786/30047/15611/36684/8829.7/24701/7940.9	14665	27374	0.90043	1.3086e+08	1.2154e+08	1.1528	0.86294	0.13706	0.27412	0.64031	True
Fbxw7	Fbxw7	12926/12497/9510/20888	15427/7.2825e+05/1556.6/824.37/37792/5314.7/34390/32920	12711	24173	0.92727	2.5736e+07	1.0147e+08	1.1379	0.85769	0.14231	0.28462	0.64686	True
Ros1	Ros1	61569/46896/41218/87532	57083/1.8537e+06/1.1334e+06/2.7436e+05/36289/1.0801e+05/44758/55153	54233	82547	0.60605	4.6195e+08	6.3365e+08	1.1248	0.86761	0.13239	0.26479	0.63598	True
ctrl_sgRNA.2	ctrl	12713/13142/7259.3/39339	27776/1.3192e+05/730.06/624.08/14635/5834.5/495.48/4434.7	12928	5134.6	-1.332	2.4326e+08	1.0365e+08	1.1097	0.13356	0.86644	0.26711	0.63598	False
ctrl_sgRNA.25	ctrl	44812/41038/27482/47254	19451/53204/1.2684e+06/4.8613e+05/16898/15297/22230/20140	42925	21185	-1.0188	8.8123e+07	4.7167e+08	1.0909	0.13767	0.86233	0.27533	0.64031	False
Cubn	Cubn	60237/1.1438e+05/31912/66935	1.8177e+05/4.8919e+05/2.6018e+05/1.1901e+05/32077/68499/31568/7772.8	63586	93757	0.5602	1.202e+09	7.7463e+08	1.084	0.85925	0.14075	0.2815	0.64686	True
Hras	Hras	35734/47647/7774.7/66291	1.3429e+05/9.902e+05/76808/23129/48523/66140/62538/55335	41690	64339	0.62597	6.088e+08	4.546e+08	1.0623	0.85221	0.14779	0.29559	0.65686	True
ctrl_sgRNA.40	ctrl	4372.3/10114/19771/46520	7646.9/4.7488e+05/748.31/835.98/16314/15904/5128.4/2435.2	14942	6387.7	-1.2259	3.8516e+08	1.2445e+08	1.0608	0.1444	0.8556	0.2888	0.649	False
Zmat3	Zmat3	86862/1.4807e+05/1.0978e+05/72138	2.9874e+05/29112/3.1317e+05/75851/24060/63895/58101/50741	98321	60998	-0.68871	1.1409e+09	1.343e+09	1.0316	0.15114	0.84886	0.30228	0.66435	False
ctrl_sgRNA.8	ctrl	1829.8/4470/1349.1/5343.9	1.6058e+05/8586.7/1488.8/571.83/6192.6/6371.4/8528.7/26044	3149.9	7450	1.2417	3.8473e+06	1.7433e+07	1.0299	0.80441	0.19559	0.39119	0.71165	True
Trp63	Trp63	396.85/1286.5/2988.4/34.265	26.96/641.87/57.362/20.319/3687.2/711.6/3259.2/361.73	841.66	501.8	-0.74498	1.8853e+06	3.294e+06	1.0206	0.15372	0.84628	0.30744	0.66653	False
Shank2	Shank2	27841/89083/71247/1.1029e+05	1.5224e+05/1.0076e+06/1.3576e+06/4.3036e+05/58981/72963/73776/53407	80165	1.1301e+05	0.4954	1.268e+09	1.0379e+09	1.0195	0.84503	0.15497	0.30993	0.66653	True
Pak7	Pak7	33154/36645/17661/27109	99086/1.2358e+07/1.2569e+05/66495/28833/27392/19863/11555	30132	47664	0.66159	7.2076e+07	3.0171e+08	1.0093	0.83684	0.16316	0.32632	0.68318	True
ctrl_sgRNA.11	ctrl	24122/16086/19375/44501	29915/6889.4/10036/185.77/5893.9/11083/30442/12216	21748	10559	-1.0423	1.8701e+08	1.999e+08	0.98449	0.16244	0.83756	0.32488	0.68318	False
ctrl_sgRNA.27	ctrl	20286/24270/15437/33093	72901/5734/1861.7/9901.1/5575.5/19284/11940/17804	22278	10920	-1.0286	5.7231e+07	2.0607e+08	0.9783	0.16396	0.83604	0.32793	0.68318	False
Tpcn2	Tpcn2	39823/47258/14735/62208	40158/1.1714e+07/1.3492e+05/92858/60322/68487/35764/36061	43541	64405	0.56479	4.0195e+08	4.8022e+08	0.95209	0.82538	0.17462	0.34925	0.71165	True
Dnah11	Dnah11	72571/64947/14046/2755	1.2527e+05/2.2955e+05/53117/5497.7/37572/29648/1.8203e+05/64928	39496	59023	0.57953	1.2465e+09	4.2461e+08	0.9476	0.82345	0.17655	0.35309	0.71165	True
Col4a4	Col4a4	55144/1.0668e+05/72800/73808	52621/8.7177e+05/75090/28391/37988/1.3363e+05/20685/32259	73304	45305	-0.69421	4.8147e+08	9.2699e+08	0.94534	0.17224	0.82776	0.34449	0.71028	False
ctrl_sgRNA.29	ctrl	37665/11458/8922.9/11871	1998.9/17245/3.4535e+05/1.2402e+05/25769/13406/15018/24122	11665	20683	0.82627	2.2787e+08	9.1037e+07	0.94521	0.80627	0.19373	0.38746	0.71165	True
Ccnd1	Ccnd1	23815/43305/31892/24443	66311/42492/4805.4/1.0675e+05/45250/1.0307e+05/11284/27995	28168	43871	0.63919	9.194e+07	2.771e+08	0.94333	0.81904	0.18096	0.36191	0.71165	True
ctrl_sgRNA.21	ctrl	12532/19068/50786/9070.7	13790/7.048e+06/8.4278e+05/2.6769e+05/29507/10845/23769/7300	15800	26638	0.75353	4.3022e+08	1.3354e+08	0.93788	0.80951	0.19049	0.38098	0.71165	True
Cdkn2b	Cdkn2b	5949/37078/27109/22397	8532.7/8.0238e+05/1.2174e+05/97653/9346.3/33727/43644/12458	24753	38685	0.64417	1.722e+08	2.3538e+08	0.90812	0.80784	0.19216	0.38431	0.71165	True
ctrl_sgRNA.9	ctrl	7132.3/1934.9/13465/67.578	225.3/2111/404.14/188.68/23823/21994/10151/2646	4533.6	2378.5	-0.9303	3.7738e+07	2.7608e+07	0.90748	0.18208	0.81792	0.36415	0.71165	False
ctrl_sgRNA.15	ctrl	34038/22203/7614.7/62190	55425/3.5197e+06/4.0608e+05/2.2074e+05/24598/19715/30572/7750	28121	42999	0.61265	5.5042e+08	2.7651e+08	0.89472	0.80571	0.19429	0.38858	0.71165	True
Csmd2	Csmd2	54016/93478/92005/73551	2.1546e+05/1.313e+07/1.1686e+05/1.984e+05/84451/59753/1.0721e+05/38454	82778	1.1204e+05	0.43665	3.7067e+08	1.0807e+09	0.89001	0.81216	0.18784	0.37568	0.71165	True
Lrp1	Lrp1	83758/40182/61440/50407	56057/4.2616e+05/1.2678e+05/1.0062e+05/22206/50579/1.0506e+05/56856	55923	78739	0.49363	3.6114e+08	6.5869e+08	0.889	0.81021	0.18979	0.37957	0.71165	True
Lrp2	Lrp2	44964/84679/17446/72149	1.7498e+05/21067/16505/1.1609e+05/65168/1.0684e+05/98110/43504	58556	81639	0.47943	9.1398e+08	6.9808e+08	0.87365	0.80626	0.19374	0.38748	0.71165	True
Dnah6	Dnah6	53564/52976/34197/51082	1.077e+05/4.0316e+05/2.465e+05/62873/14689/51080/82950/25016	52029	72912	0.48683	1.0737e+08	6.0131e+08	0.85161	0.79939	0.20061	0.40123	0.71165	True
Ush2a	Ush2a	46391/66328/28972/62880	33122/1.728e+06/1.9536e+05/74124/32940/78192/1.1053e+05/36905	54636	76158	0.47915	3.1042e+08	6.3959e+08	0.85102	0.79954	0.20046	0.40092	0.71165	True
P3h2	P3h2	29875/69809/39028/1.4291e+05	1.4725e+05/31680/5.7575e+05/1.8568e+05/28924/27457/1.2001e+05/17138	54419	75847	0.47898	2.9691e+09	6.3639e+08	0.84941	0.79906	0.20094	0.40188	0.71165	True
Syne1	Syne1	71938/65100/63334/24179	38094/15490/1.8989e+05/45126/46747/66422/37185/20587	64217	41610	-0.62601	5.5472e+08	7.8434e+08	0.83791	0.20104	0.79896	0.40208	0.71165	False
Slit2	Slit2	21812/1.1187e+05/42128/2.3964e+05	2.0516e+05/50051/56898/30348/53839/39323/17816/77788	76997	51945	-0.56779	1.0643e+10	9.8634e+08	0.81725	0.20689	0.79311	0.41379	0.72428	False
Ank2	Ank2	70482/1.6952e+05/34221/1.2403e+05	1.383e+05/3.7456e+06/32955/74158/55353/93937/61959/56922	97256	68058	-0.515	3.5431e+09	1.3247e+09	0.81257	0.20823	0.79177	0.41646	0.72428	False
Fgf15	Fgf15	13667/26300/38495/1.4284e+05	94996/3.6818e+06/7550.9/53169/30292/69755/36933/40602	32397	46885	0.53325	4.2075e+09	3.3063e+08	0.79677	0.77894	0.22106	0.44212	0.74935	True
Dnah3	Dnah3	34949/57550/36462/4309.3	29426/1.0173e+06/8260.1/6847.5/67277/55633/57049/46509	35705	51071	0.51635	4.8801e+08	3.7381e+08	0.79473	0.77947	0.22053	0.44106	0.74935	True
ctrl_sgRNA.1	ctrl	34042/30694/7555.7/17498	25500/45901/1.1735e+06/3.7516e+05/25172/26103/48757/8741.2	24096	36002	0.57925	1.5319e+08	2.2752e+08	0.7893	0.7725	0.2275	0.455	0.75456	True
ctrl_sgRNA.35	ctrl	21186/20663/13976/32453	40942/22836/4.8179e+05/1.7932e+05/9155.1/40436/9735/20197	20924	31636	0.59636	6.0444e+07	1.9039e+08	0.77632	0.76609	0.23391	0.46783	0.75456	True
ctrl_sgRNA.38	ctrl	22672/17905/33601/39681	1.1576e+05/8059/1415.8/16421/17914/47147/43063/12125	28136	17167	-0.71273	9.9229e+07	2.7671e+08	0.77424	0.2194	0.7806	0.43879	0.74935	False
Csmd1	Csmd1	45260/26026/85420/57539	20869/5.4387e+06/85146/72295/27954/68956/38195/71086	51399	70021	0.44603	6.2554e+08	5.9214e+08	0.76526	0.77402	0.22598	0.45195	0.75456	True
Pkhd1	Pkhd1	48491/45057/55219/1.0817e+05	58837/39525/1.1981e+05/1.2874e+05/30767/1.1262e+05/81875/53587	51855	70356	0.44019	1.0802e+09	5.9877e+08	0.75608	0.7713	0.2287	0.45739	0.75456	True
Dgkb	Dgkb	56286/55777/1.0677e+05/1.2682e+05	2.3119e+05/5.1833e+05/51456/16354/64787/66194/20626/20644	81527	58122	-0.48819	1.3295e+09	1.0602e+09	0.73423	0.23141	0.76859	0.46281	0.75456	False
ctrl_sgRNA.42	ctrl	75701/66596/13121/60513	80461/2.5141e+06/58121/16670/45732/29962/19224/42248	63555	43990	-0.53082	9.032e+08	7.7414e+08	0.73099	0.23239	0.76761	0.46478	0.75456	False
ctrl_sgRNA.18	ctrl	37811/6484.1/24821/13973	11075/4764.1/72534/13889/13320/3966.3/7867.4/14159	19397	12197	-0.66924	1.8822e+08	1.7301e+08	0.71065	0.23865	0.76135	0.4773	0.76369	False
Aff3	Aff3	34801/50139/90514/21233	17452/1.7924e+06/33403/75647/68494/46748/81767/36486	42470	57621	0.44013	9.5896e+08	4.6536e+08	0.70231	0.7527	0.2473	0.4946	0.77019	True
Adgrl2	Adgrl2	33150/28387/7002/9439.6	4812.3/4.7722e+06/1.3289e+05/70388/25404/14825/15106/30468	18913	27936	0.56269	1.7469e+08	1.6758e+08	0.69697	0.73824	0.26176	0.52352	0.78725	True
Huwe1	Huwe1	10984/722.54/11085/2.8094e+05	7273.3/4621.4/28167/13405/17913/16842/20843/24731	11035	17378	0.65516	2.4319e+10	8.4874e+07	0.68852	0.72237	0.27763	0.55526	0.82125	True
Fat4	Fat4	35767/59290/68362/48984	4.5985e+05/40680/2.7068e+05/85401/33448/36076/60755/82117	54137	71436	0.40003	1.9765e+08	6.3223e+08	0.68799	0.75036	0.24964	0.49927	0.77019	True
ctrl_sgRNA.14	ctrl	17953/9139.3/14362/63.295	3300.6/37428/255.52/6998.4/8107.2/11794/18359/4950.2	11750	7552.8	-0.63757	6.2901e+07	9.1884e+07	0.68113	0.2479	0.7521	0.49579	0.77019	False
Dnah5	Dnah5	59198/85426/23395/1.3362e+05	16517/1.5329e+05/1.6394e+05/1.3727e+05/48110/42816/2.1067e+05/40080	72312	92690	0.35816	2.165e+09	9.1119e+08	0.67506	0.74809	0.25191	0.50382	0.77019	True
ctrl_sgRNA.31	ctrl	8452.6/18911/477.08/58.06	556.52/3038.2/398.93/136.43/21242/3173.1/11864/8516.2	4464.9	3105.7	-0.52358	8.6637e+07	2.708e+07	0.67298	0.25048	0.74952	0.50096	0.77019	False
Nsd1	Nsd1	15715/13237/11924/643.42	9102.7/1882.8/14135/2908.5/6283.7/38380/18116/7268.7	12581	8185.7	-0.61997	5.1061e+07	1.0016e+08	0.66747	0.25224	0.74776	0.50447	0.77019	False
Csmd3	Csmd3	29655/44136/55216/1.1918e+05	1.9082e+05/1.2118e+05/67771/15561/62776/47644/83730/50473	49676	65273	0.39394	1.7645e+09	5.6718e+08	0.65493	0.73891	0.26109	0.52217	0.78725	True
ctrl_sgRNA.41	ctrl	9397/12356/42.515/59.964	6250.8/6047.8/1.1516e+05/36264/3244.8/3364.6/31691/10043	4728.5	8146.8	0.78473	4.1242e+07	2.9114e+07	0.63352	0.67489	0.32511	0.65021	0.8907	True
Pik3cg	Pik3cg	66328/54531/17227/49102	2.1714e+05/1.0269e+06/86632/30182/56334/62322/31466/71795	51817	67059	0.372	4.7392e+08	5.9822e+08	0.62318	0.72879	0.27121	0.54242	0.80959	True
Ttn	Ttn	14814/77290/44142/47667	58452/1.0049e+05/2.5288e+06/6.3716e+05/29695/59944/35426/23017	45905	59198	0.36691	6.5263e+08	5.1337e+08	0.58672	0.71521	0.28479	0.56957	0.83149	True
Apob	Apob	69014/49292/15456/32472	1.4518e+05/21823/22183/56771/31336/28104/26843/35720	40882	29720	-0.46002	5.2645e+08	4.435e+08	0.58514	0.27923	0.72077	0.55845	0.82125	False
Pcdh11x	Pcdh11x	38459/54710/37865/88879	38708/1.4282e+06/4891.4/30476/60327/85648/1.134e+05/58400	46584	59364	0.34973	6.6563e+08	5.2299e+08	0.55881	0.70572	0.29428	0.58855	0.84079	True
ctrl_sgRNA.49	ctrl	26755/29653/32812/2946.8	1.1999e+05/1.4674e+06/34183/22241/25832/32595/40826/51972	28204	37504	0.41114	2.2112e+08	2.7755e+08	0.55825	0.698	0.302	0.604	0.84691	True
Cdh10	Cdh10	81402/65987/29649/1.7605e+05	24535/5.5292e+05/3.8621e+05/1.0724e+05/44451/63828/51094/23714	73694	57461	-0.35896	4.1785e+09	9.3323e+08	0.54765	0.29197	0.70803	0.58393	0.84079	False
ctrl_sgRNA.5	ctrl	60143/24321/16342/11841	570/9385.5/16007/2.6618e+05/13527/16007/10387/16599	20332	14767	-0.46137	5.6295e+08	1.8361e+08	0.54323	0.29349	0.70651	0.58697	0.84079	False
Vps13b	Vps13b	56376/25944/47952/68420	28897/16432/2.8866e+05/1.1715e+05/30921/4.1037e+05/49283/17411	52164	40102	-0.37937	3.2907e+08	6.0328e+08	0.52471	0.29989	0.70011	0.59978	0.84691	False
Cdh2	Cdh2	27256/24644/1.2793e+05/3.1899e+05	60301/1.7228e+06/1.8338e+06/5.2604e+05/60894/54152/51509/62567	77591	61731	-0.3299	2.2048e+10	9.9596e+08	0.51645	0.30277	0.69723	0.60554	0.84691	False
ctrl_sgRNA.12	ctrl	15957/2349.4/31468/7952.4	11350/14649/2.3662e+05/55953/18968/3805.5/14465/61784	11955	16809	0.49161	1.6835e+08	9.3903e+07	0.50092	0.65421	0.34579	0.69158	0.90854	True
Runx1t1	Runx1t1	67497/98716/91380/1.0909e+05	1.1008e+05/4.9147e+05/1.938e+05/3.9468e+05/45197/1.1448e+05/74788/75233	95048	1.1228e+05	0.24037	3.2775e+08	1.2868e+09	0.48037	0.68324	0.31676	0.63352	0.87988	True
Syne2	Syne2	34721/28875/38850/45593	34934/3.6367e+05/1.6331e+05/78553/42933/47574/14882/44336	36786	45955	0.32106	4.9556e+07	3.8815e+08	0.4654	0.66893	0.33107	0.66213	0.89945	True
ctrl_sgRNA.19	ctrl	9537.5/7465.2/21307/137.06	1322.9/8.5368e+05/7749.1/82025/40481/1355.1/16514/4503.1	8501.3	12132	0.51296	7.8702e+07	6.1061e+07	0.46458	0.62734	0.37266	0.74532	0.92631	True
Dnah8	Dnah8	42201/49190/34009/68208	47973/4.1619e+05/72725/1.2683e+05/18556/21107/24433/10071	45695	36203	-0.33594	2.2261e+08	5.1042e+08	0.46051	0.32258	0.67742	0.64515	0.88987	False
ctrl_sgRNA.43	ctrl	38713/4458.2/2396.7/9746.5	7533.3/5962.2/1.3587e+05/33822/3981/37084/12881/6069.6	7102.4	10207	0.52311	3.4513e+08	4.8661e+07	0.44505	0.61199	0.38801	0.77602	0.92631	True
ctrl_sgRNA.47	ctrl	20589/20924/22794/24421	32658/1.8021e+05/55467/16168/16182/52561/17935/23558	21859	28108	0.36271	3.3085e+06	2.0119e+08	0.44052	0.64856	0.35144	0.70289	0.90854	True
Casp8	Casp8	33744/31386/32408/18679	1.9995e+05/4.6143e+05/8127.2/89331/20899/24668/26056/11296	31897	25362	-0.33078	5.9556e+07	3.242e+08	0.4322	0.3328	0.6672	0.66559	0.89945	False
Fgf4	Fgf4	43618/24036/48419/32095	16066/2.6819e+05/89258/4.3189e+05/55494/34239/37071/29659	37857	46283	0.28992	1.2299e+08	4.0247e+08	0.42	0.65248	0.34752	0.69504	0.90854	True
Muc5b	Muc5b	13970/45694/48773/66390	70476/1.8541e+06/13696/19251/44315/37986/19406/39146	47234	38566	-0.29248	4.9273e+08	5.3221e+08	0.41201	0.34016	0.65984	0.68033	0.90854	False
Mgam	Mgam	73810/35102/38708/1.0499e+05	1.9683e+05/1.0102e+06/60587/37317/22445/77046/72610/25651	56259	66599	0.24339	1.146e+09	6.6369e+08	0.40133	0.65085	0.34915	0.69829	0.90854	True
Cdkn2a	Cdkn2a	30924/73406/21828/38186	44429/6047.8/12106/34467/10295/54640/30410/25782	34555	28096	-0.29851	5.6592e+08	3.5867e+08	0.40098	0.34422	0.65578	0.68844	0.90854	False
Ano1	Ano1	56811/37771/46931/41277	47528/6.2596e+05/2.224e+05/77842/38138/42819/58087/12236	44104	52807	0.25981	7.2523e+07	4.8808e+08	0.39394	0.64504	0.35496	0.70992	0.90854	True
ctrl_sgRNA.36	ctrl	16888/44662/3200.3/1.1724e+05	27220/4.5103e+05/25299/18531/15557/20152/45167/25389	30775	25344	-0.28009	2.8743e+09	3.0987e+08	0.37771	0.35282	0.64718	0.70565	0.90854	False
ctrl_sgRNA.20	ctrl	38581/17934/30621/1.043e+05	1.7965e+05/17002/28034/11544/39556/25472/29433/30658	34601	28734	-0.26805	1.7224e+09	3.5928e+08	0.36755	0.3566	0.6434	0.71321	0.90854	False
Neb	Neb	41024/62231/29989/44727	57148/1.0615e+06/6.4286e+05/2.3188e+05/44503/17000/26903/24876	42876	50826	0.24539	1.8251e+08	4.7098e+08	0.36632	0.63412	0.36588	0.73176	0.92627	True
ctrl_sgRNA.16	ctrl	31.33/53.236/2409.1/18877	1088/53574/127.76/72.568/574.45/3033.9/16860/4223.9	1231.2	2060.9	0.74281	1.052e+08	5.3243e+06	0.35961	0.48865	0.51135	0.9773	0.98717	True
Thsd7a	Thsd7a	11898/44764/3819.2/48210	3.5533e+05/1.1066e+07/35090/27262/25931/33110/21102/38918	28331	34100	0.26738	5.1203e+08	2.7913e+08	0.3453	0.61788	0.38212	0.76424	0.92631	True
ctrl_sgRNA.34	ctrl	5515.8/8909.9/15201/6676	1.406e+05/8772.2/1389.7/1544.2/11713/17218/5079.5/15754	7792.9	10243	0.3943	2.0853e+07	5.4709e+07	0.3312	0.56644	0.43356	0.86713	0.97011	True
Kmt2c	Kmt2c	8882.1/86081/13595/65021	5.4125e+05/3.9889e+06/67721/27541/24317/32159/16859/59998	39308	46079	0.22928	1.4786e+09	4.2205e+08	0.32958	0.61852	0.38148	0.76296	0.92631	True
Vcan	Vcan	44571/70102/95251/66015	81347/48197/9.449e+05/2.6293e+05/73814/1.3279e+05/35275/63211	68058	77580	0.18891	4.3315e+08	8.4404e+08	0.32775	0.62486	0.37514	0.75029	0.92631	True
Adgrl3	Adgrl3	30959/61685/42203/73816	2.1644e+05/1.7605e+06/75478/26667/54447/24538/42520/64783	51944	59615	0.19872	3.6951e+08	6.0007e+08	0.31316	0.61641	0.38359	0.76719	0.92631	True
Ryr2	Ryr2	46951/76970/33694/56777	60588/1.5251e+06/3.8856e+05/1.9052e+05/48475/53310/37183/58246	51864	59417	0.19615	3.3625e+08	5.989e+08	0.30864	0.61464	0.38536	0.77072	0.92631	True
Pappa2	Pappa2	43011/69592/52022/72651	1.3463e+05/64814/88275/18879/42973/32531/73169/80744	60807	68992	0.18218	2.0378e+08	7.3213e+08	0.30248	0.61411	0.38589	0.77179	0.92631	True
ctrl_sgRNA.13	ctrl	33333/43631/35949/46197	2.0635e+05/3.1592e+06/13670/4998.5/14512/19588/49576/70622	39790	34582	-0.20238	3.7417e+07	4.2859e+08	0.29535	0.38386	0.61614	0.76773	0.92631	False
ctrl_sgRNA.32	ctrl	21588/6212.1/80.162/15867	1228.6/2881.3/11647/12473/16876/3445/17003/8561.8	11039	10104	-0.12765	9.2658e+07	8.492e+07	0.2818	0.38905	0.61095	0.7781	0.92631	False
Xirp2	Xirp2	98710/1.0849e+05/34865/24874	3.6807e+05/2.0676e+07/42203/26992/70081/1.004e+05/72166/77384	66787	74775	0.16298	1.8446e+09	8.2419e+08	0.27823	0.60564	0.39436	0.78872	0.9334	True
ctrl_sgRNA.39	ctrl	8662.3/22599/9761.2/6698.8	119.39/1754.4/13305/22479/5668.2/29488/14688/9635.6	9211.7	11470	0.31635	6.2048e+07	6.7573e+07	0.27478	0.54908	0.45092	0.90183	0.97887	True
Reln	Reln	15229/1.038e+05/47997/72813	37021/7.8343e+05/1.4832e+05/91194/15233/51929/56306/29585	60405	54118	-0.15857	1.4107e+09	7.2602e+08	0.25268	0.40026	0.59974	0.80052	0.94003	False
Dnah7a	Dnah7a	19406/60378/39373/31547	1.3376e+05/4.9159e+06/44636/15718/21728/35910/56811/19357	35460	40273	0.18361	3.0309e+08	3.7057e+08	0.25001	0.58513	0.41487	0.82974	0.96366	True
Muc4	Muc4	25089/52667/23350/61124	4184.5/8.8991e+05/27244/42150/20517/75208/57745/12495	38878	34697	-0.16412	3.7209e+08	4.1623e+08	0.24853	0.40186	0.59814	0.80372	0.94003	False
ctrl_sgRNA.44	ctrl	44154/57403/34752/81120	27630/6.8663e+05/4.3101e+05/1.4044e+05/38364/38192/25811/73966	50779	56165	0.14543	4.2174e+08	5.8313e+08	0.22303	0.58081	0.41919	0.83838	0.96366	True
ctrl_sgRNA.17	ctrl	25483/25468/86233/2.3462e+05	19890/16774/2.7959e+05/51062/12624/66463/51264/99862	55858	51163	-0.12667	1.1575e+10	6.5772e+08	0.20491	0.41882	0.58118	0.83764	0.96366	False
ctrl_sgRNA.26	ctrl	18752/12835/7375.9/48055	15560/4.8354e+05/1.9551e+05/2.0407e+05/11299/5485.8/20681/14307	15793	18120	0.1983	3.764e+08	1.3347e+08	0.20145	0.54039	0.45961	0.91922	0.98458	True
Mroh2b	Mroh2b	36516/23392/1.583e+05/22217	15145/28699/13407/9489/38760/88915/37984/66953	29954	33341	0.15456	5.5392e+09	2.9947e+08	0.19574	0.5592	0.4408	0.8816	0.97887	True
Col6a5	Col6a5	35148/34441/28207/32789	60800/9585.2/1694.8/17370/36548/79685/25886/44951	33615	31217	-0.10678	1.0988e+07	3.464e+08	0.18025	0.42848	0.57152	0.85695	0.97011	False
Pkhd1l1	Pkhd1l1	42424/1.018e+05/86776/65825	3.6647e+05/33948/36156/1.9041e+05/65256/1.3719e+05/37047/77042	76300	71149	-0.10085	6.724e+08	9.7509e+08	0.17551	0.43034	0.56966	0.86068	0.97011	False
Plec	Plec	17888/18376/19814/5959.7	83700/8544/21699/18151/16488/31007/14439/10593	18132	17320	-0.066117	5.0369e+07	1.5889e+08	0.17232	0.43159	0.56841	0.86319	0.97011	False
Dst	Dst	83442/29599/36074/29587	1.9107e+05/68123/35950/51378/22908/35832/21107/10650	32836	35891	0.12833	8.6415e+08	3.363e+08	0.16657	0.54963	0.45037	0.90075	0.97887	True
Ahnak	Ahnak	71750/1.559e+05/62691/1.4874e+05	89151/7.5632e+05/3.918e+05/98573/1.0914e+05/75595/1.5131e+05/89745	1.1025e+05	1.0386e+05	-0.086135	2.4364e+09	1.5519e+09	0.16589	0.43412	0.56588	0.86825	0.97011	False
ctrl_sgRNA.6	ctrl	9935.1/14539/8936.9/68.53	12166/3380.5/45360/11013/8359.9/1860.6/10518/11333	9436	10766	0.19017	3.8097e+07	6.9656e+07	0.15932	0.49855	0.50145	0.99709	0.99823	True
ctrl_sgRNA.24	ctrl	42103/50525/22837/51946	48955/5.7354e+05/1.2922e+05/29570/84367/38689/18723/7792.8	46314	43822	-0.079794	2.0612e+08	5.1916e+08	0.13889	0.44477	0.55523	0.88954	0.97887	False
Fmn2	Fmn2	18786/62825/48760/1.2343e+05	1.1086e+05/19541/2.2221e+05/1.543e+05/24452/75857/42678/40186	55792	59268	0.087186	2.0142e+09	6.5674e+08	0.13563	0.54727	0.45273	0.90546	0.97887	True
Myh8	Myh8	30116/35514/47069/17866	61693/6718.2/1196.8/31700/13967/38721/61153/31057	32815	31379	-0.064559	1.4707e+08	3.3602e+08	0.12938	0.44853	0.55147	0.89706	0.97887	False
Lrp1b	Lrp1b	17391/99541/35723/57757	2.2439e+05/1.8122e+05/9569/4014.4/35715/55359/43792/62268	46740	49575	0.084967	1.2973e+09	5.2519e+08	0.12373	0.53971	0.46029	0.92059	0.98458	True
Macf1	Macf1	50409/42550/59554/57766	66103/5.5409e+05/5.5749e+05/1.2863e+05/47438/36448/26998/7795.6	54087	56771	0.069847	6.3355e+07	6.315e+08	0.10677	0.53522	0.46478	0.92955	0.98598	True
ctrl_sgRNA.23	ctrl	5877.1/10183/8828.8/12443	14489/3409/20937/21381/6299.3/1882.1/5171.5/21433	9505.8	10394	0.12887	7.5712e+06	7.0307e+07	0.10593	0.4747	0.5253	0.9494	0.98598	True
Tenm1	Tenm1	46173/59205/35150/69107	31235/2.5218e+05/3.1704e+05/94422/39675/56096/53192/18078	52689	54644	0.052558	2.207e+08	6.1096e+08	0.079091	0.52365	0.47635	0.9527	0.98598	True
Zfp78	Zfp78	60169/55646/44008/1.1801e+05	35313/75127/4.7545e+05/1.272e+05/42482/1.0983e+05/44755/39989	57908	59941	0.049788	1.2721e+09	6.8833e+08	0.077501	0.52439	0.47561	0.95121	0.98598	True
Col11a1	Col11a1	21718/54198/39172/97761	13293/1.6305e+06/1.4214e+05/1.0229e+05/29649/42979/53697/18212	46685	48338	0.05019	1.115e+09	5.2442e+08	0.072173	0.51879	0.48121	0.96243	0.98598	True
Cacna1e	Cacna1e	55477/55398/65068/87603	1.547e+05/4.009e+06/1.2875e+05/38882/46490/38744/53740/69574	60272	61657	0.032775	2.7224e+08	7.2401e+08	0.05147	0.51443	0.48557	0.97113	0.98598	True
Lama5	Lama5	39532/99622/1.7855e+05/65568	1.5011e+05/1.0266e+05/18502/63648/51299/1.1371e+05/97049/71340	82595	84194	0.02767	3.8804e+09	1.0777e+09	0.04872	0.51656	0.48344	0.96688	0.98598	True
Sis	Sis	59624/57530/86363/16820	1.2511e+05/74770/2427.5/93432/59437/56113/44643/16486	58577	57775	-0.019889	8.3929e+08	6.984e+08	0.0477	0.48098	0.51902	0.96196	0.98598	False
Dnah17	Dnah17	56404/96137/60114/1.0076e+05	50609/1.0007e+07/1.3002e+05/1.017e+05/35096/69399/82359/71670	78125	77014	-0.020658	5.4426e+08	1.0046e+09	0.043941	0.48248	0.51752	0.96495	0.98598	False
Kdr	Kdr	29342/24404/13804/46756	36858/13322/8270.6/4058/57656/17729/38898/89659	26873	27293	0.022372	1.9277e+08	2.6112e+08	0.02599	0.4856	0.5144	0.9712	0.98598	True
Hmcn1	Hmcn1	57460/35776/45021/59192	3.5528e+05/28527/18703/1.0404e+05/39947/92674/18735/63701	51240	51824	0.016341	1.2658e+08	5.8983e+08	0.024034	0.50088	0.49912	0.99823	0.99823	True
