sgRNA,Gene,wta11,wta12,wta13,wta14,wta15,wta16,wta17,wta18,liba,libb,libc
Abca13_sgRNA.1,Abca13,26.0,4.0,2.0,4.0,36.0,155.0,400.0,283.0,692,37237,24300
Abca13_sgRNA.2,Abca13,5.0,5.0,3.0,7.0,19.0,77.0,37.0,53.0,369,25450,15994
Abca13_sgRNA.3,Abca13,1.0,0.0,0.0,4.0,4.0,24.0,2.0,0.0,3370,15286,9067
Adgrb3_sgRNA.1,Adgrb3,1.0,0.0,38.0,44.0,22.0,13.0,60.0,22.0,321,18662,12448
Adgrb3_sgRNA.2,Adgrb3,1.0,0.0,9.0,42.0,69.0,25.0,8.0,54.0,258,8264,5629
Adgrb3_sgRNA.3,Adgrb3,39.0,0.0,138.0,130.0,15.0,11.0,19.0,32.0,579,33272,20602
Adgrl2_sgRNA.1,Adgrl2,0.0,85.0,36.0,53.0,8.0,0.0,1.0,23.0,179,2216,1678
Adgrl2_sgRNA.2,Adgrl2,2.0,0.0,0.0,6.0,35.0,14.0,4.0,46.0,143,12368,8397
Adgrl2_sgRNA.3,Adgrl2,1.0,0.0,0.0,4.0,10.0,25.0,32.0,26.0,195,14132,9313
Adgrv1_sgRNA.1,Adgrv1,0.0,9.0,0.0,15.0,15.0,19.0,33.0,116.0,368,17266,11776
Adgrv1_sgRNA.2,Adgrv1,9.0,2.0,0.0,0.0,24.0,102.0,17.0,105.0,583,25703,17119
Adgrv1_sgRNA.3,Adgrv1,5.0,0.0,95.0,119.0,12.0,63.0,57.0,78.0,555,29333,19436
Aff3_sgRNA.1,Aff3,6.0,0.0,1.0,36.0,43.0,75.0,147.0,75.0,343,17375,10933
Aff3_sgRNA.2,Aff3,0.0,22.0,0.0,14.0,29.0,29.0,15.0,33.0,293,8101,5759
Aff3_sgRNA.3,Aff3,0.0,10.0,7.0,12.0,42.0,29.0,18.0,32.0,2691,32685,22253
Ahnak_sgRNA.1,Ahnak,0.0,4.0,14.0,3.0,54.0,51.0,211.0,115.0,515,32963,21480
Ahnak_sgRNA.2,Ahnak,8.0,0.0,13.0,10.0,36.0,15.0,118.0,88.0,1636,10520,6587
Ahnak_sgRNA.3,Ahnak,11.0,1.0,52.0,49.0,90.0,120.0,156.0,107.0,4224,41229,26035
Ahnak2_sgRNA.1,Ahnak2,32.0,3.0,35.0,40.0,22.0,40.0,63.0,85.0,382,43998,26349
Ahnak2_sgRNA.2,Ahnak2,31.0,576.0,2.0,3.0,32.0,4.0,82.0,26.0,284,20272,12192
Ahnak2_sgRNA.3,Ahnak2,0.0,20.0,28.0,28.0,15.0,50.0,44.0,49.0,262,24400,15634
Akap9_sgRNA.1,Akap9,6.0,27.0,17.0,8.0,12.0,14.0,8.0,113.0,238,6301,4163
Akap9_sgRNA.2,Akap9,4.0,0.0,0.0,53.0,19.0,166.0,101.0,8.0,335,22672,13886
Akap9_sgRNA.3,Akap9,0.0,0.0,0.0,0.0,9.0,27.0,52.0,32.0,2129,19545,12142
Ank2_sgRNA.1,Ank2,4.0,0.0,1.0,0.0,30.0,68.0,13.0,3.0,325,29542,17499
Ank2_sgRNA.2,Ank2,15.0,38.0,5.0,12.0,18.0,12.0,97.0,36.0,289,26399,16345
Ank2_sgRNA.3,Ank2,18.0,9.0,2.0,44.0,61.0,164.0,67.0,104.0,355,20570,14016
Ano1_sgRNA.1,Ano1,2.0,1.0,0.0,20.0,8.0,15.0,68.0,8.0,278,19997,13344
Ano1_sgRNA.2,Ano1,3.0,17.0,40.0,36.0,57.0,71.0,112.0,42.0,418,45478,27995
Ano1_sgRNA.3,Ano1,0.0,0.0,0.0,0.0,14.0,13.0,14.0,1.0,132,4403,3076
Apob_sgRNA.1,Apob,18.0,1.0,0.0,0.0,21.0,17.0,31.0,12.0,409,18003,11718
Apob_sgRNA.2,Apob,0.0,0.0,5.0,21.0,4.0,55.0,24.0,126.0,553,10001,7595
Apob_sgRNA.3,Apob,6.0,0.0,0.0,24.0,46.0,21.0,32.0,28.0,342,22031,15331
Aspm_sgRNA.1,Aspm,1.0,0.0,0.0,0.0,7.0,87.0,30.0,164.0,404,28316,17129
Aspm_sgRNA.2,Aspm,11.0,0.0,0.0,0.0,3.0,9.0,4.0,37.0,445,9111,5888
Aspm_sgRNA.3,Aspm,3.0,13.0,0.0,45.0,89.0,64.0,47.0,59.0,598,44480,30054
Cacna1e_sgRNA.1,Cacna1e,5.0,49.0,8.0,13.0,53.0,7.0,14.0,59.0,1040,29127,18870
Cacna1e_sgRNA.2,Cacna1e,6.0,1.0,24.0,24.0,36.0,28.0,109.0,108.0,804,39237,24447
Cacna1e_sgRNA.3,Cacna1e,16.0,52.0,0.0,3.0,32.0,59.0,33.0,118.0,289,29909,17988
Casp8_sgRNA.1,Casp8,20.0,4.0,0.0,40.0,16.0,39.0,23.0,27.0,604,34058,19440
Casp8_sgRNA.2,Casp8,11.0,0.0,0.0,0.0,13.0,1.0,51.0,1.0,319,13166,7904
Casp8_sgRNA.3,Casp8,5.0,1.0,2.0,20.0,27.0,17.0,17.0,31.0,1597,49739,29249
Ccnd1_sgRNA.1,Ccnd1,0.0,0.0,0.0,10.0,45.0,84.0,1.0,18.0,267,22144,14263
Ccnd1_sgRNA.2,Ccnd1,6.0,3.0,1.0,1.0,28.0,88.0,26.0,65.0,294,14107,10401
Ccnd1_sgRNA.3,Ccnd1,5.0,0.0,0.0,58.0,13.0,108.0,27.0,6.0,409,36106,23716
Cdh10_sgRNA.1,Cdh10,1.0,18.0,63.0,68.0,13.0,74.0,18.0,65.0,1436,5008,3340
Cdh10_sgRNA.2,Cdh10,1.0,5.0,1.0,3.0,51.0,41.0,51.0,24.0,555,29282,17348
Cdh10_sgRNA.3,Cdh10,4.0,0.0,1.0,5.0,13.0,51.0,88.0,36.0,351,10159,7871
Cdh2_sgRNA.1,Cdh2,4.0,0.0,23.0,22.0,8.0,2.0,50.0,29.0,409,15097,10334
Cdh2_sgRNA.2,Cdh2,3.0,28.0,10.0,9.0,22.0,10.0,6.0,41.0,458,14959,11016
Cdh2_sgRNA.3,Cdh2,2.0,2.0,371.0,292.0,101.0,95.0,97.0,103.0,389,33537,21018
Cdkn2a_sgRNA.1,Cdkn2a,0.0,0.0,5.0,5.0,0.0,0.0,1.0,2.0,150,8133,4420
Cdkn2a_sgRNA.2,Cdkn2a,8.0,0.0,0.0,4.0,22.0,109.0,22.0,68.0,390,21970,13482
Cdkn2a_sgRNA.3,Cdkn2a,0.0,0.0,0.0,0.0,11.0,24.0,72.0,3.0,221,29511,19171
Cdkn2b_sgRNA.1,Cdkn2b,2.0,19.0,5.0,6.0,4.0,42.0,72.0,1.0,138,21013,13188
Cdkn2b_sgRNA.2,Cdkn2b,4.0,0.0,0.0,47.0,14.0,30.0,11.0,29.0,349,18797,14349
Cdkn2b_sgRNA.3,Cdkn2b,0.0,0.0,15.0,20.0,17.0,3.0,20.0,25.0,273,11144,8140
Cfh_sgRNA.1,Cfh,28.0,1.0,47.0,43.0,46.0,78.0,99.0,74.0,888,43772,28897
Cfh_sgRNA.2,Cfh,4.0,40.0,2.0,5.0,29.0,54.0,20.0,85.0,339,15529,9930
Cfh_sgRNA.3,Cfh,0.0,12.0,2.0,93.0,82.0,31.0,1.0,11.0,90,3562,2466
Col11a1_sgRNA.1,Col11a1,0.0,0.0,0.0,0.0,21.0,35.0,55.0,23.0,224,26809,17313
Col11a1_sgRNA.2,Col11a1,1.0,0.0,15.0,25.0,28.0,64.0,33.0,26.0,430,17996,12367
Col11a1_sgRNA.3,Col11a1,5.0,26.0,26.0,59.0,18.0,30.0,67.0,36.0,315,11266,7667
Col1a2_sgRNA.1,Col1a2,10.0,2.0,9.0,32.0,113.0,80.0,149.0,51.0,251,21665,14247
Col1a2_sgRNA.2,Col1a2,8.0,53.0,15.0,18.0,9.0,10.0,31.0,12.0,117,9681,6026
Col1a2_sgRNA.3,Col1a2,14.0,0.0,19.0,16.0,7.0,21.0,11.0,9.0,387,18429,11476
Col22a1_sgRNA.1,Col22a1,14.0,3.0,0.0,95.0,26.0,35.0,23.0,25.0,393,20277,13515
Col22a1_sgRNA.2,Col22a1,13.0,0.0,5.0,180.0,14.0,71.0,42.0,16.0,240,12259,8541
Col22a1_sgRNA.3,Col22a1,4.0,0.0,11.0,4.0,41.0,327.0,48.0,49.0,343,25151,15764
Col4a4_sgRNA.1,Col4a4,0.0,12.0,11.0,3.0,11.0,127.0,19.0,57.0,398,20456,13000
Col4a4_sgRNA.2,Col4a4,12.0,0.0,2.0,1.0,14.0,41.0,16.0,39.0,238,20141,13111
Col4a4_sgRNA.3,Col4a4,6.0,0.0,0.0,16.0,23.0,160.0,22.0,15.0,364,35783,24123
Col6a3_sgRNA.1,Col6a3,0.0,0.0,12.0,14.0,26.0,25.0,64.0,70.0,347,24395,14201
Col6a3_sgRNA.2,Col6a3,1.0,0.0,0.0,0.0,5.0,16.0,1.0,3.0,109,8816,4924
Col6a3_sgRNA.3,Col6a3,48.0,20.0,140.0,124.0,94.0,154.0,98.0,237.0,1566,63538,38468
Col6a5_sgRNA.1,Col6a5,1.0,0.0,0.0,5.0,32.0,39.0,12.0,106.0,1051,18438,11933
Col6a5_sgRNA.2,Col6a5,7.0,0.0,0.0,3.0,10.0,76.0,54.0,25.0,221,26555,17999
Col6a5_sgRNA.3,Col6a5,1.0,0.0,0.0,9.0,22.0,56.0,30.0,16.0,1200,19047,12781
Crebbp_sgRNA.1,Crebbp,2.0,70.0,0.0,6.0,24.0,9.0,4.0,3.0,729,27147,16440
Crebbp_sgRNA.2,Crebbp,3.0,1.0,13.0,7.0,7.0,53.0,40.0,64.0,213,6668,4829
Crebbp_sgRNA.3,Crebbp,20.0,0.0,1.0,1.0,9.0,14.0,42.0,51.0,393,15611,10215
Csmd1_sgRNA.1,Csmd1,5.0,1.0,9.0,62.0,20.0,94.0,81.0,81.0,471,51735,30218
Csmd1_sgRNA.2,Csmd1,0.0,123.0,0.0,2.0,27.0,66.0,31.0,2.0,4211,16453,12351
Csmd1_sgRNA.3,Csmd1,0.0,0.0,0.0,0.0,23.0,32.0,7.0,146.0,440,28793,19084
Csmd2_sgRNA.1,Csmd2,27.0,238.0,0.0,50.0,49.0,65.0,173.0,80.0,779,46498,33917
Csmd2_sgRNA.2,Csmd2,8.0,0.0,1.0,7.0,26.0,34.0,45.0,56.0,1841,11981,8580
Csmd2_sgRNA.3,Csmd2,4.0,1.0,13.0,81.0,35.0,67.0,58.0,8.0,196,28494,17306
Csmd3_sgRNA.1,Csmd3,1.0,0.0,0.0,0.0,26.0,21.0,32.0,51.0,143,7215,4579
Csmd3_sgRNA.2,Csmd3,6.0,0.0,15.0,7.0,3.0,23.0,55.0,30.0,197,23345,15347
Csmd3_sgRNA.3,Csmd3,43.0,5.0,1.0,3.0,85.0,92.0,158.0,66.0,660,54407,35023
Cttn_sgRNA.1,Cttn,17.0,0.0,9.0,6.0,63.0,41.0,22.0,12.0,258,17341,10990
Cttn_sgRNA.2,Cttn,15.0,4.0,22.0,70.0,26.0,69.0,26.0,14.0,554,30500,19307
Cttn_sgRNA.3,Cttn,12.0,1.0,46.0,81.0,18.0,24.0,29.0,26.0,252,27028,18259
Cubn_sgRNA.1,Cubn,26.0,0.0,15.0,31.0,9.0,69.0,98.0,16.0,433,11285,7379
Cubn_sgRNA.2,Cubn,16.0,6.0,43.0,44.0,14.0,59.0,11.0,7.0,317,17606,11776
Cubn_sgRNA.3,Cubn,3.0,0.0,0.0,0.0,18.0,21.0,4.0,0.0,266,14644,10298
D630045J12Rik_sgRNA.1,D630045J12Rik,25.0,1.0,0.0,1.0,26.0,49.0,63.0,163.0,493,19341,13125
D630045J12Rik_sgRNA.2,D630045J12Rik,9.0,33.0,99.0,95.0,50.0,117.0,53.0,23.0,551,62946,41885
D630045J12Rik_sgRNA.3,D630045J12Rik,14.0,0.0,22.0,27.0,33.0,22.0,116.0,93.0,367,27890,19414
Dgkb_sgRNA.1,Dgkb,3.0,11.0,2.0,0.0,31.0,64.0,21.0,10.0,305,14495,9054
Dgkb_sgRNA.2,Dgkb,24.0,5.0,5.0,11.0,54.0,92.0,51.0,48.0,534,19385,13331
Dgkb_sgRNA.3,Dgkb,13.0,0.0,1.0,4.0,39.0,20.0,7.0,11.0,592,11968,8319
Dmd_sgRNA.1,Dmd,3.0,0.0,0.0,0.0,4.0,47.0,36.0,58.0,140,10271,6564
Dmd_sgRNA.2,Dmd,28.0,0.0,32.0,127.0,48.0,66.0,58.0,245.0,861,42400,25822
Dmd_sgRNA.3,Dmd,1.0,0.0,0.0,0.0,16.0,16.0,84.0,10.0,348,14324,9009
Dnah10_sgRNA.1,Dnah10,26.0,0.0,79.0,84.0,24.0,72.0,59.0,69.0,383,27055,16620
Dnah10_sgRNA.2,Dnah10,9.0,0.0,24.0,20.0,12.0,6.0,19.0,113.0,170,4969,3516
Dnah10_sgRNA.3,Dnah10,4.0,0.0,39.0,46.0,53.0,49.0,69.0,45.0,488,53085,31586
Dnah11_sgRNA.1,Dnah11,0.0,0.0,1.0,1.0,33.0,35.0,33.0,66.0,289,26818,15502
Dnah11_sgRNA.2,Dnah11,8.0,1.0,12.0,4.0,29.0,17.0,9.0,92.0,372,13321,8676
Dnah11_sgRNA.3,Dnah11,14.0,8.0,0.0,0.0,9.0,7.0,567.0,96.0,362,32984,20786
Dnah17_sgRNA.1,Dnah17,1.0,5.0,0.0,0.0,19.0,56.0,48.0,46.0,336,23888,15383
Dnah17_sgRNA.2,Dnah17,8.0,243.0,3.0,17.0,40.0,50.0,139.0,114.0,510,52805,31753
Dnah17_sgRNA.3,Dnah17,0.0,3.0,37.0,48.0,29.0,46.0,92.0,100.0,587,32355,21243
Dnah5_sgRNA.1,Dnah5,0.0,0.0,0.0,13.0,15.0,35.0,15.0,26.0,336,22680,14106
Dnah5_sgRNA.2,Dnah5,4.0,3.0,23.0,51.0,51.0,42.0,61.0,23.0,434,16568,11051
Dnah5_sgRNA.3,Dnah5,1.0,0.0,12.0,20.0,47.0,41.0,503.0,95.0,678,35932,23997
Dnah6_sgRNA.1,Dnah6,31.0,0.0,45.0,35.0,4.0,44.0,51.0,5.0,9123,77081,45362
Dnah6_sgRNA.2,Dnah6,6.0,1.0,39.0,29.0,11.0,51.0,62.0,23.0,459,21242,12423
Dnah6_sgRNA.3,Dnah6,12.0,10.0,1.0,0.0,18.0,23.0,123.0,53.0,263,11851,8262
Dnah7a_sgRNA.1,Dnah7a,31.0,41.0,3.0,1.0,36.0,28.0,13.0,19.0,569,20393,14223
Dnah7a_sgRNA.2,Dnah7a,0.0,85.0,0.0,2.0,20.0,18.0,25.0,20.0,119,17199,11499
Dnah7a_sgRNA.3,Dnah7a,2.0,0.0,5.0,1.0,7.0,46.0,72.0,20.0,429,23655,15826
Dnah8_sgRNA.1,Dnah8,5.0,1.0,3.0,7.0,10.0,37.0,35.0,1.0,348,21999,15195
Dnah8_sgRNA.2,Dnah8,0.0,3.0,1.0,0.0,17.0,1.0,37.0,1.0,139,6770,4757
Dnah8_sgRNA.3,Dnah8,8.0,2.0,17.0,84.0,11.0,22.0,33.0,42.0,274,15967,10448
Dnah9_sgRNA.1,Dnah9,11.0,0.0,0.0,1.0,30.0,52.0,72.0,51.0,693,25789,20145
Dnah9_sgRNA.2,Dnah9,10.0,64.0,1.0,7.0,35.0,114.0,51.0,16.0,292,19049,12968
Dnah9_sgRNA.3,Dnah9,28.0,12.0,93.0,96.0,25.0,36.0,100.0,35.0,651,26999,16804
Dscam_sgRNA.1,Dscam,1.0,12.0,48.0,62.0,13.0,72.0,58.0,25.0,330,12654,8009
Dscam_sgRNA.2,Dscam,0.0,0.0,2.0,3.0,65.0,39.0,2.0,9.0,292,10350,6844
Dscam_sgRNA.3,Dscam,18.0,3.0,445.0,367.0,92.0,86.0,136.0,90.0,669,41594,24785
Dst_sgRNA.1,Dst,0.0,0.0,0.0,0.0,7.0,70.0,14.0,20.0,1559,9223,6763
Dst_sgRNA.2,Dst,33.0,0.0,3.0,41.0,30.0,13.0,14.0,16.0,2859,17075,10639
Dst_sgRNA.3,Dst,21.0,1.0,11.0,4.0,10.0,10.0,30.0,7.0,1884,19195,11922
Ep300_sgRNA.1,Ep300,13.0,2.0,0.0,0.0,20.0,1.0,4.0,39.0,255,14135,10606
Ep300_sgRNA.2,Ep300,16.0,38.0,20.0,21.0,31.0,21.0,69.0,45.0,2303,16664,10896
Ep300_sgRNA.3,Ep300,8.0,0.0,0.0,24.0,66.0,23.0,23.0,27.0,287,8493,5333
Epha7_sgRNA.1,Epha7,0.0,0.0,0.0,0.0,54.0,56.0,35.0,9.0,1104,13282,8656
Epha7_sgRNA.2,Epha7,4.0,3.0,20.0,120.0,52.0,152.0,42.0,80.0,2470,53395,32158
Epha7_sgRNA.3,Epha7,8.0,0.0,4.0,5.0,8.0,5.0,5.0,49.0,434,13744,9142
Erbb4_sgRNA.1,Erbb4,1.0,44.0,0.0,0.0,12.0,29.0,32.0,72.0,2871,29398,17344
Erbb4_sgRNA.2,Erbb4,20.0,608.0,1.0,12.0,38.0,40.0,67.0,168.0,606,30617,20712
Erbb4_sgRNA.3,Erbb4,4.0,1.0,82.0,91.0,20.0,21.0,19.0,49.0,1196,18064,11148
Erich3_sgRNA.1,Erich3,4.0,0.0,12.0,46.0,20.0,3.0,27.0,39.0,149,6321,4317
Erich3_sgRNA.2,Erich3,0.0,30.0,0.0,3.0,41.0,386.0,90.0,59.0,772,20358,13504
Erich3_sgRNA.3,Erich3,23.0,2.0,11.0,31.0,9.0,7.0,8.0,33.0,288,13087,7422
Fadd_sgRNA.1,Fadd,10.0,0.0,1.0,3.0,45.0,0.0,16.0,17.0,299,11796,7494
Fadd_sgRNA.2,Fadd,0.0,2.0,0.0,0.0,6.0,12.0,1.0,5.0,285,6853,4506
Fadd_sgRNA.3,Fadd,10.0,0.0,2.0,0.0,13.0,12.0,44.0,5.0,290,18657,12208
Fam135b_sgRNA.1,Fam135b,2.0,57.0,8.0,98.0,46.0,51.0,48.0,137.0,613,28386,16920
Fam135b_sgRNA.2,Fam135b,12.0,2.0,14.0,21.0,52.0,123.0,166.0,314.0,893,46270,31360
Fam135b_sgRNA.3,Fam135b,1.0,0.0,26.0,42.0,39.0,75.0,33.0,55.0,687,23735,15004
Fat1_sgRNA.1,Fat1,42.0,0.0,10.0,1.0,64.0,23.0,4.0,8.0,524,8129,5761
Fat1_sgRNA.2,Fat1,532.0,430.0,52.0,118.0,140.0,144.0,982.0,267.0,732,31081,22681
Fat1_sgRNA.3,Fat1,455.0,22.0,11826.0,4440.0,1389.0,1479.0,811.0,2524.0,400,38880,23836
Fat2_sgRNA.1,Fat2,10.0,1.0,38.0,45.0,16.0,126.0,76.0,95.0,348,34864,20772
Fat2_sgRNA.2,Fat2,7.0,0.0,0.0,25.0,21.0,75.0,26.0,168.0,715,53898,31041
Fat2_sgRNA.3,Fat2,16.0,0.0,0.0,11.0,30.0,41.0,56.0,94.0,409,25465,15580
Fat3_sgRNA.1,Fat3,0.0,0.0,0.0,0.0,29.0,37.0,14.0,20.0,129,4950,3142
Fat3_sgRNA.2,Fat3,13.0,2.0,20.0,39.0,23.0,23.0,105.0,1.0,196,11153,8992
Fat3_sgRNA.3,Fat3,59.0,12.0,0.0,1.0,16.0,9.0,2.0,30.0,165,18304,11425
Fat4_sgRNA.1,Fat4,21.0,2.0,8.0,17.0,1.0,13.0,21.0,118.0,292,19817,11404
Fat4_sgRNA.2,Fat4,18.0,0.0,23.0,17.0,13.0,39.0,51.0,59.0,468,17747,10947
Fat4_sgRNA.3,Fat4,48.0,1.0,12.0,14.0,68.0,40.0,78.0,97.0,579,26451,18033
Fbxw7_sgRNA.1,Fbxw7,0.0,11.0,0.0,0.0,12.0,10.0,66.0,34.0,218,10744,7557
Fbxw7_sgRNA.2,Fbxw7,3.0,0.0,0.0,0.0,51.0,3.0,35.0,52.0,596,21668,14583
Fbxw7_sgRNA.3,Fbxw7,0.0,0.0,0.0,0.0,5.0,0.0,4.0,10.0,405,20608,12829
Fgf15_sgRNA.1,Fgf15,1.0,0.0,0.0,18.0,39.0,96.0,18.0,120.0,205,6045,4332
Fgf15_sgRNA.2,Fgf15,5.0,99.0,0.0,2.0,4.0,16.0,27.0,2.0,322,13304,9673
Fgf15_sgRNA.3,Fgf15,16.0,0.0,1.0,18.0,19.0,61.0,84.0,20.0,328,21046,13225
Fgf3_sgRNA.1,Fgf3,21.0,46.0,0.0,0.0,47.0,20.0,42.0,39.0,647,33876,20579
Fgf3_sgRNA.2,Fgf3,9.0,0.0,0.0,0.0,22.0,42.0,98.0,58.0,480,25902,19411
Fgf3_sgRNA.3,Fgf3,21.0,357.0,551.0,699.0,31.0,5.0,83.0,55.0,4375,46781,29001
Fgf4_sgRNA.1,Fgf4,1.0,1.0,16.0,20.0,15.0,23.0,11.0,30.0,234,15739,11806
Fgf4_sgRNA.2,Fgf4,5.0,5.0,8.0,173.0,55.0,45.0,79.0,53.0,322,32541,20263
Fgf4_sgRNA.3,Fgf4,4.0,0.0,3.0,3.0,0.0,0.0,62.0,1.0,65,5073,3269
Flg_sgRNA.1,Flg,18.0,6.0,22.0,23.0,12.0,44.0,27.0,63.0,269,25789,16145
Flg_sgRNA.2,Flg,18.0,4.0,7.0,13.0,57.0,160.0,29.0,48.0,665,66745,39483
Flg_sgRNA.3,Flg,28.0,0.0,2.0,8.0,5.0,20.0,6.0,94.0,177,19231,13341
Fmn2_sgRNA.1,Fmn2,12.0,0.0,28.0,45.0,25.0,160.0,69.0,12.0,1062,41760,27687
Fmn2_sgRNA.2,Fmn2,8.0,0.0,0.0,12.0,7.0,49.0,34.0,90.0,189,13518,9092
Fmn2_sgRNA.3,Fmn2,3.0,1.0,38.0,95.0,28.0,29.0,32.0,39.0,226,27955,16478
Herc2_sgRNA.1,Herc2,33.0,16.0,22.0,28.0,23.0,100.0,72.0,64.0,674,41473,25413
Herc2_sgRNA.2,Herc2,4.0,156.0,3.0,6.0,22.0,46.0,24.0,10.0,427,12808,7927
Herc2_sgRNA.3,Herc2,1.0,2.0,4.0,14.0,24.0,138.0,80.0,27.0,403,46027,27305
Hmcn1_sgRNA.1,Hmcn1,19.0,0.0,1.0,49.0,16.0,138.0,18.0,162.0,208,9238,5891
Hmcn1_sgRNA.2,Hmcn1,18.0,0.0,5.0,1.0,64.0,42.0,35.0,68.0,242,9761,6378
Hmcn1_sgRNA.3,Hmcn1,14.0,0.0,0.0,0.0,7.0,51.0,3.0,14.0,130,5577,3907
Hras_sgRNA.1,Hras,6.0,0.0,18.0,8.0,18.0,61.0,17.0,41.0,773,12197,9507
Hras_sgRNA.2,Hras,13.0,23.0,2.0,4.0,22.0,51.0,57.0,68.0,439,31531,19677
Hras_sgRNA.3,Hras,9.0,0.0,0.0,0.0,67.0,49.0,103.0,54.0,2667,41200,25841
Huwe1_sgRNA.1,Huwe1,1.0,0.0,0.0,0.0,2.0,1.0,17.0,0.0,1364,23906,14652
Huwe1_sgRNA.2,Huwe1,0.0,0.0,0.0,6.0,9.0,30.0,12.0,16.0,205,19865,11877
Huwe1_sgRNA.3,Huwe1,2.0,0.0,2.0,1.0,6.0,17.0,14.0,31.0,431,39612,25671
Kdr_sgRNA.1,Kdr,0.0,0.0,0.0,0.0,10.0,20.0,2.0,7.0,146,7379,5688
Kdr_sgRNA.2,Kdr,1.0,0.0,0.0,1.0,12.0,18.0,33.0,179.0,335,13433,8628
Kdr_sgRNA.3,Kdr,7.0,0.0,1.0,2.0,50.0,16.0,50.0,74.0,271,16244,9692
Kmt2c_sgRNA.1,Kmt2c,4.0,0.0,3.0,8.0,19.0,32.0,30.0,45.0,237,12027,7055
Kmt2c_sgRNA.2,Kmt2c,93.0,0.0,4.0,9.0,21.0,0.0,2.0,51.0,211,8453,5814
Kmt2c_sgRNA.3,Kmt2c,13.0,93.0,2.0,3.0,9.0,60.0,21.0,84.0,304,15567,9635
Kmt2d_sgRNA.1,Kmt2d,7.0,8.0,0.0,0.0,20.0,16.0,104.0,52.0,4242,39077,25685
Kmt2d_sgRNA.2,Kmt2d,2.0,0.0,10.0,101.0,25.0,69.0,73.0,52.0,541,14613,10638
Kmt2d_sgRNA.3,Kmt2d,1.0,0.0,31.0,26.0,19.0,71.0,262.0,2.0,327,22448,13748
Lama2_sgRNA.1,Lama2,20.0,0.0,0.0,23.0,13.0,41.0,96.0,7.0,168,13269,8140
Lama2_sgRNA.2,Lama2,8.0,2.0,0.0,2.0,15.0,3.0,5.0,105.0,1752,11296,7576
Lama2_sgRNA.3,Lama2,41.0,1.0,0.0,38.0,75.0,16.0,85.0,24.0,1498,24748,15661
Lama5_sgRNA.1,Lama5,25.0,0.0,8.0,33.0,10.0,66.0,90.0,148.0,1414,36793,20501
Lama5_sgRNA.2,Lama5,13.0,0.0,0.0,11.0,16.0,68.0,35.0,30.0,509,19697,12790
Lama5_sgRNA.3,Lama5,2.0,3.0,0.0,3.0,30.0,125.0,126.0,71.0,494,50439,29678
Lrp1_sgRNA.1,Lrp1,1.0,0.0,1.0,26.0,7.0,36.0,27.0,55.0,181,17716,11025
Lrp1_sgRNA.2,Lrp1,13.0,6.0,28.0,33.0,36.0,97.0,58.0,10.0,616,31923,19977
Lrp1_sgRNA.3,Lrp1,1.0,2.0,0.0,11.0,18.0,9.0,133.0,131.0,1487,29595,19599
Lrp1b_sgRNA.1,Lrp1b,30.0,1.0,0.0,1.0,19.0,44.0,52.0,10.0,184,12796,8021
Lrp1b_sgRNA.2,Lrp1b,8.0,4.0,1.0,1.0,23.0,24.0,26.0,158.0,274,28262,17399
Lrp1b_sgRNA.3,Lrp1b,2.0,0.0,1.0,0.0,21.0,79.0,42.0,56.0,242,14101,9397
Lrp2_sgRNA.1,Lrp2,7.0,1.0,0.0,0.0,23.0,19.0,76.0,34.0,220,8763,5917
Lrp2_sgRNA.2,Lrp2,4.0,0.0,3.0,71.0,92.0,202.0,114.0,132.0,333,40578,29264
Lrp2_sgRNA.3,Lrp2,25.0,1.0,0.0,23.0,7.0,28.0,63.0,27.0,424,29629,17745
Oraov1_sgRNA.1,Oraov1,0.0,0.0,0.0,0.0,3.0,0.0,0.0,2.0,590,30779,21424
Oraov1_sgRNA.2,Oraov1,0.0,0.0,11.0,26.0,11.0,9.0,6.0,3.0,396,18857,12429
Oraov1_sgRNA.3,Oraov1,0.0,0.0,5.0,2.0,1.0,68.0,5.0,39.0,421,16454,10536
Macf1_sgRNA.1,Macf1,6.0,3.0,43.0,38.0,40.0,26.0,34.0,1.0,318,17997,11311
Macf1_sgRNA.2,Macf1,7.0,4.0,39.0,43.0,39.0,49.0,22.0,25.0,244,12750,7739
Macf1_sgRNA.3,Macf1,3.0,0.0,0.0,0.0,17.0,28.0,18.0,3.0,405,23045,13863
Magi2_sgRNA.1,Magi2,1.0,4.0,138.0,144.0,32.0,80.0,83.0,114.0,436,18711,13429
Magi2_sgRNA.2,Magi2,2.0,8.0,6.0,18.0,11.0,29.0,13.0,9.0,330,5262,3584
Magi2_sgRNA.3,Magi2,18.0,75.0,23.0,20.0,37.0,52.0,173.0,99.0,234,16437,12193
Mdn1_sgRNA.1,Mdn1,0.0,0.0,0.0,0.0,5.0,0.0,29.0,3.0,3128,25259,16742
Mdn1_sgRNA.2,Mdn1,0.0,0.0,4.0,3.0,1.0,7.0,0.0,0.0,184,13583,8517
Mdn1_sgRNA.3,Mdn1,1.0,9.0,0.0,23.0,3.0,8.0,15.0,28.0,1422,39058,29680
Mroh2b_sgRNA.1,Mroh2b,0.0,0.0,0.0,0.0,65.0,35.0,6.0,8.0,270,7316,4431
Mroh2b_sgRNA.2,Mroh2b,3.0,3.0,1.0,0.0,25.0,149.0,53.0,201.0,233,6934,5116
Mroh2b_sgRNA.3,Mroh2b,0.0,0.0,1.0,7.0,6.0,30.0,32.0,13.0,319,20100,12939
Muc16_sgRNA.1,Muc16,52.0,9.0,0.0,1.0,23.0,75.0,13.0,25.0,190,21308,13464
Muc16_sgRNA.2,Muc16,6.0,95.0,38.0,47.0,27.0,62.0,24.0,67.0,3671,26600,15748
Muc16_sgRNA.3,Muc16,6.0,0.0,0.0,11.0,14.0,59.0,31.0,4.0,358,20255,12898
Muc2_sgRNA.1,Muc2,54.0,1.0,14.0,87.0,27.0,39.0,24.0,52.0,462,13491,8643
Muc2_sgRNA.2,Muc2,7.0,7.0,0.0,0.0,13.0,73.0,109.0,40.0,2310,37412,23250
Muc2_sgRNA.3,Muc2,16.0,0.0,100.0,77.0,34.0,120.0,122.0,324.0,3063,28766,17380
Muc3_sgRNA.1,Muc3,36.0,3.0,92.0,132.0,30.0,56.0,23.0,47.0,255,32642,21637
Muc3_sgRNA.2,Muc3,8.0,0.0,8.0,20.0,16.0,14.0,42.0,77.0,408,22454,14494
Muc3_sgRNA.3,Muc3,4.0,41.0,1.0,0.0,15.0,40.0,73.0,25.0,272,24155,14587
Muc4_sgRNA.1,Muc4,0.0,0.0,0.0,0.0,20.0,22.0,55.0,6.0,408,19472,12346
Muc4_sgRNA.2,Muc4,2.0,0.0,12.0,28.0,21.0,46.0,102.0,32.0,1459,38624,27065
Muc4_sgRNA.3,Muc4,0.0,16.0,0.0,1.0,11.0,104.0,42.0,9.0,676,3717,2460
Muc5b_sgRNA.1,Muc5b,1.0,0.0,0.0,0.0,52.0,28.0,64.0,59.0,642,18460,11212
Muc5b_sgRNA.2,Muc5b,3.0,0.0,0.0,1.0,38.0,21.0,0.0,32.0,310,13573,8839
Muc5b_sgRNA.3,Muc5b,14.0,40.0,3.0,12.0,18.0,47.0,13.0,51.0,3394,20803,13544
Myh2_sgRNA.1,Myh2,6.0,0.0,14.0,156.0,19.0,72.0,68.0,657.0,268,5390,3749
Myh2_sgRNA.2,Myh2,45.0,1.0,43.0,38.0,47.0,37.0,76.0,9.0,263,15244,9551
Myh2_sgRNA.3,Myh2,5.0,0.0,11.0,10.0,8.0,16.0,12.0,20.0,1923,17331,12924
Myh8_sgRNA.1,Myh8,19.0,0.0,0.0,15.0,11.0,63.0,163.0,33.0,314,14378,9447
Myh8_sgRNA.2,Myh8,1.0,0.0,0.0,0.0,14.0,7.0,14.0,73.0,167,5951,4221
Myh8_sgRNA.3,Myh8,1.0,0.0,0.0,1.0,5.0,26.0,5.0,0.0,523,11529,8048
Nav3_sgRNA.1,Nav3,0.0,0.0,15.0,17.0,15.0,91.0,31.0,117.0,291,21296,13489
Nav3_sgRNA.2,Nav3,17.0,5.0,78.0,126.0,62.0,82.0,26.0,60.0,2258,22501,12650
Nav3_sgRNA.3,Nav3,11.0,31.0,9.0,3.0,68.0,20.0,528.0,46.0,2395,33449,20953
Neb_sgRNA.1,Neb,20.0,0.0,3.0,5.0,14.0,3.0,37.0,3.0,197,12202,8085
Neb_sgRNA.2,Neb,4.0,14.0,87.0,100.0,47.0,23.0,32.0,55.0,2351,25132,16296
Neb_sgRNA.3,Neb,4.0,1.0,25.0,27.0,28.0,15.0,10.0,10.0,520,24356,19854
Notch1_sgRNA.1,Notch1,548.0,518.0,69.0,62.0,873.0,1033.0,871.0,1401.0,271,18462,11581
Notch1_sgRNA.2,Notch1,145.0,1334.0,485.0,1476.0,942.0,300.0,409.0,1010.0,661,48834,31531
Notch1_sgRNA.3,Notch1,917.0,24.0,891.0,875.0,373.0,560.0,852.0,434.0,908,10866,6834
Notch2_sgRNA.1,Notch2,11.0,3.0,110.0,144.0,42.0,85.0,32.0,11.0,212,9887,6373
Notch2_sgRNA.2,Notch2,10.0,59.0,656.0,724.0,292.0,72.0,110.0,43.0,621,28868,16735
Notch2_sgRNA.3,Notch2,19.0,14.0,0.0,7.0,43.0,87.0,110.0,43.0,305,22286,14209
Nsd1_sgRNA.1,Nsd1,0.0,0.0,0.0,0.0,3.0,40.0,32.0,0.0,192,9671,6756
Nsd1_sgRNA.2,Nsd1,0.0,0.0,3.0,1.0,0.0,38.0,9.0,3.0,814,10344,6285
Nsd1_sgRNA.3,Nsd1,5.0,0.0,0.0,1.0,6.0,12.0,12.0,19.0,173,14737,9830
Obscn_sgRNA.1,Obscn,0.0,1.0,38.0,28.0,47.0,201.0,32.0,187.0,390,21831,14681
Obscn_sgRNA.2,Obscn,10.0,0.0,3.0,2.0,28.0,36.0,19.0,43.0,304,21671,14016
Obscn_sgRNA.3,Obscn,34.0,74.0,1.0,52.0,18.0,45.0,14.0,30.0,234,30199,17032
P3h2_sgRNA.1,P3h2,0.0,0.0,0.0,17.0,9.0,9.0,58.0,0.0,123,2824,2086
P3h2_sgRNA.2,P3h2,35.0,0.0,87.0,69.0,41.0,32.0,239.0,57.0,782,34026,21871
P3h2_sgRNA.3,P3h2,2.0,0.0,0.0,0.0,26.0,33.0,70.0,25.0,329,11797,7356
Pappa2_sgRNA.1,Pappa2,2.0,0.0,14.0,12.0,14.0,31.0,44.0,135.0,2056,13698,8606
Pappa2_sgRNA.2,Pappa2,8.0,1.0,0.0,0.0,67.0,10.0,44.0,94.0,324,33310,20925
Pappa2_sgRNA.3,Pappa2,10.0,0.0,2.0,2.0,29.0,36.0,117.0,55.0,677,26088,19060
Pcdh11x_sgRNA.1,Pcdh11x,2.0,5.0,0.0,2.0,59.0,97.0,190.0,113.0,272,27326,15494
Pcdh11x_sgRNA.2,Pcdh11x,2.0,28.0,0.0,22.0,19.0,49.0,18.0,16.0,161,7579,4754
Pcdh11x_sgRNA.3,Pcdh11x,5.0,1.0,0.0,2.0,23.0,88.0,59.0,35.0,1682,11469,7128
Pcdh15_sgRNA.1,Pcdh15,3.0,0.0,0.0,78.0,32.0,31.0,156.0,1.0,575,22102,14052
Pcdh15_sgRNA.2,Pcdh15,3.0,3.0,74.0,58.0,27.0,65.0,183.0,182.0,3222,20781,13977
Pcdh15_sgRNA.3,Pcdh15,12.0,0.0,2.0,6.0,100.0,124.0,94.0,14.0,324,20919,13180
Pclo_sgRNA.1,Pclo,18.0,26.0,6.0,6.0,13.0,66.0,59.0,38.0,658,43489,26196
Pclo_sgRNA.2,Pclo,0.0,0.0,0.0,1.0,0.0,38.0,105.0,1.0,930,44474,27964
Pclo_sgRNA.3,Pclo,4.0,4.0,0.0,8.0,6.0,19.0,24.0,36.0,238,17248,11175
Peg3_sgRNA.1,Peg3,12.0,1.0,111.0,191.0,45.0,66.0,133.0,65.0,2970,29800,22938
Peg3_sgRNA.2,Peg3,25.0,322.0,220.0,199.0,21.0,14.0,11.0,27.0,319,23562,15552
Peg3_sgRNA.3,Peg3,1.0,0.0,0.0,2.0,0.0,20.0,9.0,0.0,134,2814,1959
Pik3ca_sgRNA.1,Pik3ca,0.0,0.0,0.0,0.0,1.0,15.0,0.0,6.0,470,12662,7604
Pik3ca_sgRNA.2,Pik3ca,1.0,14.0,21.0,26.0,16.0,24.0,7.0,45.0,479,15427,9681
Pik3ca_sgRNA.3,Pik3ca,4.0,0.0,5.0,25.0,17.0,24.0,25.0,23.0,1412,28049,17126
Pkhd1_sgRNA.1,Pkhd1,8.0,3.0,10.0,21.0,21.0,29.0,21.0,84.0,417,30195,19723
Pkhd1_sgRNA.2,Pkhd1,3.0,1.0,10.0,42.0,30.0,78.0,146.0,10.0,348,15408,11864
Pkhd1_sgRNA.3,Pkhd1,8.0,0.0,2.0,17.0,13.0,180.0,94.0,107.0,363,12091,7330
Pkhd1l1_sgRNA.1,Pkhd1l1,66.0,0.0,0.0,18.0,38.0,63.0,40.0,63.0,409,17022,10642
Pkhd1l1_sgRNA.2,Pkhd1l1,6.0,0.0,3.0,102.0,19.0,111.0,33.0,81.0,436,25827,16078
Pkhd1l1_sgRNA.3,Pkhd1l1,2.0,0.0,0.0,1.0,84.0,153.0,15.0,66.0,261,13591,9118
Plec_sgRNA.1,Plec,0.0,0.0,0.0,0.0,8.0,13.0,2.0,11.0,161,5594,3734
Plec_sgRNA.2,Plec,15.0,0.0,5.0,19.0,24.0,77.0,49.0,16.0,563,49434,30835
Plec_sgRNA.3,Plec,0.0,0.0,0.0,1.0,8.0,5.0,10.0,6.0,284,19313,12401
Ppfia1_sgRNA.1,Ppfia1,11.0,11.0,38.0,57.0,12.0,6.0,7.0,48.0,414,31913,21113
Ppfia1_sgRNA.2,Ppfia1,3.0,0.0,0.0,0.0,11.0,14.0,5.0,46.0,522,35770,22776
Ppfia1_sgRNA.3,Ppfia1,0.0,0.0,0.0,1.0,10.0,22.0,40.0,2.0,160,14788,9719
Prex2_sgRNA.1,Prex2,20.0,1.0,3.0,31.0,17.0,32.0,20.0,77.0,237,24710,14655
Prex2_sgRNA.2,Prex2,48.0,1.0,0.0,62.0,30.0,10.0,93.0,253.0,596,15705,9663
Prex2_sgRNA.3,Prex2,2.0,18.0,89.0,94.0,26.0,98.0,150.0,103.0,1922,15511,9026
Prkdc_sgRNA.1,Prkdc,27.0,0.0,2.0,132.0,57.0,35.0,23.0,6.0,214,24385,15113
Prkdc_sgRNA.2,Prkdc,0.0,0.0,1.0,8.0,25.0,58.0,21.0,9.0,3622,32546,20909
Prkdc_sgRNA.3,Prkdc,3.0,0.0,31.0,62.0,35.0,29.0,28.0,49.0,4903,37282,25413
Ptprd_sgRNA.1,Ptprd,12.0,0.0,80.0,101.0,11.0,37.0,29.0,34.0,481,23045,15217
Ptprd_sgRNA.2,Ptprd,0.0,47.0,0.0,12.0,21.0,16.0,9.0,57.0,442,35175,20958
Ptprd_sgRNA.3,Ptprd,28.0,5.0,33.0,75.0,47.0,32.0,72.0,23.0,884,56586,38299
Reln_sgRNA.1,Reln,6.0,0.0,3.0,8.0,14.0,68.0,68.0,13.0,351,34079,20787
Reln_sgRNA.2,Reln,1.0,0.0,19.0,37.0,14.0,76.0,34.0,42.0,309,23682,14713
Reln_sgRNA.3,Reln,0.0,20.0,11.0,13.0,5.0,3.0,62.0,31.0,769,15232,9491
Ros1_sgRNA.1,Ros1,4.0,0.0,0.0,0.0,34.0,102.0,60.0,95.0,382,24221,15424
Ros1_sgRNA.2,Ros1,4.0,31.0,200.0,161.0,24.0,115.0,42.0,86.0,333,12311,7670
Ros1_sgRNA.3,Ros1,7.0,4.0,11.0,6.0,17.0,33.0,33.0,0.0,326,11316,7683
Rp1_sgRNA.1,Rp1,12.0,0.0,0.0,1.0,17.0,46.0,19.0,16.0,346,19579,12902
Rp1_sgRNA.2,Rp1,13.0,39.0,26.0,21.0,202.0,137.0,56.0,19.0,627,40190,27535
Rp1_sgRNA.3,Rp1,1.0,0.0,54.0,40.0,42.0,30.0,33.0,174.0,766,31952,21164
Runx1t1_sgRNA.1,Runx1t1,2.0,11.0,0.0,0.0,27.0,8.0,81.0,17.0,382,26868,17636
Runx1t1_sgRNA.2,Runx1t1,7.0,0.0,34.0,241.0,37.0,258.0,66.0,157.0,314,35658,21227
Runx1t1_sgRNA.3,Runx1t1,17.0,3.0,0.0,0.0,15.0,30.0,58.0,47.0,223,13301,8686
Ryr1_sgRNA.1,Ryr1,41.0,0.0,1.0,3.0,60.0,34.0,32.0,29.0,431,38401,23539
Ryr1_sgRNA.2,Ryr1,25.0,8.0,19.0,15.0,9.0,72.0,38.0,1.0,354,15170,9644
Ryr1_sgRNA.3,Ryr1,3.0,46.0,4.0,0.0,35.0,102.0,14.0,29.0,255,20769,13620
Ryr2_sgRNA.1,Ryr2,8.0,0.0,6.0,16.0,9.0,89.0,2.0,2.0,199,17588,13863
Ryr2_sgRNA.2,Ryr2,2.0,15.0,4.0,40.0,22.0,13.0,4.0,52.0,147,12868,9784
Ryr2_sgRNA.3,Ryr2,3.0,0.0,65.0,62.0,41.0,39.0,96.0,130.0,759,48863,30262
Ryr3_sgRNA.1,Ryr3,9.0,0.0,2.0,1.0,18.0,59.0,38.0,31.0,209,23487,15522
Ryr3_sgRNA.2,Ryr3,45.0,135.0,10.0,19.0,56.0,188.0,90.0,73.0,1330,7790,5298
Ryr3_sgRNA.3,Ryr3,26.0,0.0,25.0,205.0,16.0,59.0,38.0,65.0,547,8709,5701
Scn9a_sgRNA.1,Scn9a,17.0,70.0,20.0,117.0,35.0,50.0,97.0,201.0,514,55195,36378
Scn9a_sgRNA.2,Scn9a,1.0,0.0,1.0,23.0,11.0,25.0,43.0,13.0,238,25671,14635
Scn9a_sgRNA.3,Scn9a,7.0,17.0,0.0,0.0,6.0,14.0,83.0,24.0,428,8688,5847
Shank2_sgRNA.1,Shank2,30.0,0.0,4.0,66.0,30.0,63.0,7.0,91.0,384,27082,17422
Shank2_sgRNA.2,Shank2,4.0,19.0,229.0,205.0,28.0,106.0,154.0,64.0,534,57257,33513
Shank2_sgRNA.3,Shank2,3.0,0.0,0.0,0.0,20.0,20.0,62.0,6.0,168,21371,13277
Sis_sgRNA.1,Sis,1.0,0.0,0.0,15.0,8.0,30.0,62.0,20.0,723,24650,16646
Sis_sgRNA.2,Sis,30.0,2.0,1.0,34.0,32.0,67.0,68.0,29.0,593,34264,22103
Sis_sgRNA.3,Sis,2.0,0.0,0.0,0.0,42.0,48.0,5.0,3.0,728,22493,12796
Slit2_sgRNA.1,Slit2,1.0,0.0,0.0,1.0,18.0,19.0,17.0,128.0,245,11607,7411
Slit2_sgRNA.2,Slit2,1.0,0.0,0.0,0.0,10.0,11.0,3.0,54.0,112,4631,3033
Slit2_sgRNA.3,Slit2,27.0,0.0,23.0,20.0,54.0,75.0,29.0,47.0,368,29412,17082
Sox2_sgRNA.1,Sox2,4.0,0.0,0.0,96.0,4.0,23.0,1.0,51.0,89,8103,5389
Sox2_sgRNA.2,Sox2,0.0,1.0,91.0,118.0,48.0,45.0,123.0,37.0,343,35453,22591
Sox2_sgRNA.3,Sox2,16.0,1.0,0.0,106.0,23.0,39.0,7.0,45.0,891,32906,21635
Sphkap_sgRNA.1,Sphkap,4.0,0.0,0.0,0.0,3.0,0.0,20.0,18.0,185,7861,5962
Sphkap_sgRNA.2,Sphkap,8.0,294.0,32.0,62.0,13.0,56.0,35.0,49.0,274,29195,17615
Sphkap_sgRNA.3,Sphkap,23.0,2.0,4.0,10.0,74.0,61.0,106.0,1044.0,879,55418,32567
Spta1_sgRNA.1,Spta1,1.0,17.0,0.0,0.0,9.0,95.0,45.0,10.0,141,10551,6482
Spta1_sgRNA.2,Spta1,13.0,53.0,1.0,0.0,137.0,90.0,20.0,63.0,133,11987,7499
Spta1_sgRNA.3,Spta1,17.0,0.0,7.0,12.0,38.0,43.0,153.0,67.0,469,21110,12743
Syne1_sgRNA.1,Syne1,5.0,0.0,0.0,2.0,3.0,17.0,4.0,7.0,48,3252,2268
Syne1_sgRNA.2,Syne1,3.0,0.0,5.0,7.0,18.0,59.0,64.0,62.0,3650,36730,22867
Syne1_sgRNA.3,Syne1,6.0,0.0,37.0,28.0,49.0,69.0,32.0,26.0,374,43721,26928
Syne2_sgRNA.1,Syne2,4.0,0.0,4.0,6.0,38.0,34.0,41.0,4.0,468,15996,10754
Syne2_sgRNA.2,Syne2,1.0,3.0,35.0,45.0,5.0,43.0,6.0,15.0,239,17205,9860
Syne2_sgRNA.3,Syne2,1.0,4.0,1.0,1.0,14.0,30.0,21.0,88.0,187,18501,11416
Tenm1_sgRNA.1,Tenm1,3.0,3.0,70.0,66.0,43.0,30.0,107.0,79.0,488,42917,29172
Tenm1_sgRNA.2,Tenm1,2.0,0.0,3.0,1.0,36.0,76.0,31.0,6.0,1925,20867,13956
Tenm1_sgRNA.3,Tenm1,16.0,0.0,0.0,0.0,0.0,10.0,34.0,0.0,263,19692,13657
Thsd7a_sgRNA.1,Thsd7a,22.0,0.0,1.0,0.0,5.0,33.0,14.0,65.0,304,15278,9429
Thsd7a_sgRNA.2,Thsd7a,34.0,168.0,0.0,3.0,33.0,31.0,25.0,29.0,248,12920,8054
Thsd7a_sgRNA.3,Thsd7a,7.0,7.0,5.0,17.0,12.0,11.0,25.0,10.0,4048,19298,12248
Tpcn2_sgRNA.1,Tpcn2,6.0,217.0,20.0,42.0,72.0,55.0,40.0,98.0,245,17683,11183
Tpcn2_sgRNA.2,Tpcn2,7.0,0.0,0.0,2.0,4.0,35.0,56.0,3.0,389,25594,16394
Tpcn2_sgRNA.3,Tpcn2,1.0,19.0,0.0,7.0,9.0,46.0,12.0,0.0,331,14496,10172
Trp53_sgRNA.1,Trp53,118.0,238.0,4.0,196.0,110.0,258.0,421.0,191.0,390,28179,17460
Trp53_sgRNA.2,Trp53,63.0,1.0,279.0,348.0,73.0,147.0,204.0,95.0,982,21431,14039
Trp53_sgRNA.3,Trp53,35.0,2.0,0.0,26.0,74.0,143.0,105.0,196.0,191,10118,6294
Trp63_sgRNA.1,Trp63,0.0,0.0,0.0,0.0,8.0,4.0,1.0,0.0,259,14481,10064
Trp63_sgRNA.2,Trp63,0.0,0.0,0.0,0.0,3.0,0.0,4.0,2.0,1030,21768,14018
Ttn_sgRNA.1,Ttn,6.0,2.0,293.0,228.0,16.0,17.0,54.0,21.0,2278,11367,7266
Ttn_sgRNA.2,Ttn,7.0,0.0,28.0,24.0,1.0,1.0,6.0,0.0,222,11128,7651
Ttn_sgRNA.3,Ttn,2.0,2.0,152.0,162.0,34.0,134.0,56.0,46.0,308,22561,13738
Unc13c_sgRNA.1,Unc13c,13.0,0.0,25.0,26.0,37.0,4.0,85.0,140.0,200,14678,8691
Unc13c_sgRNA.2,Unc13c,21.0,0.0,0.0,12.0,19.0,104.0,16.0,15.0,425,23372,14500
Unc13c_sgRNA.3,Unc13c,4.0,7.0,9.0,1.0,18.0,72.0,15.0,31.0,256,10841,7267
Ush2a_sgRNA.1,Ush2a,1.0,0.0,28.0,28.0,19.0,51.0,175.0,61.0,84,4525,3169
Ush2a_sgRNA.2,Ush2a,8.0,26.0,2.0,12.0,10.0,53.0,42.0,29.0,289,19040,12984
Ush2a_sgRNA.3,Ush2a,0.0,0.0,0.0,0.0,24.0,87.0,85.0,26.0,543,27241,18930
Vcan_sgRNA.1,Vcan,13.0,0.0,59.0,90.0,11.0,102.0,53.0,117.0,245,21014,12928
Vcan_sgRNA.2,Vcan,5.0,0.0,47.0,41.0,18.0,99.0,17.0,9.0,1191,16549,11045
Vcan_sgRNA.3,Vcan,11.0,0.0,73.0,50.0,142.0,169.0,51.0,62.0,261,45671,29222
Vps13b_sgRNA.1,Vps13b,3.0,0.0,0.0,8.0,15.0,293.0,38.0,32.0,326,18997,12443
Vps13b_sgRNA.2,Vps13b,0.0,0.0,39.0,53.0,47.0,32.0,56.0,23.0,439,31236,20682
Vps13b_sgRNA.3,Vps13b,2.0,1.0,28.0,36.0,8.0,757.0,69.0,2.0,2207,24706,17000
Xirp2_sgRNA.1,Xirp2,48.0,0.0,1.0,4.0,18.0,27.0,64.0,87.0,286,11821,8080
Xirp2_sgRNA.2,Xirp2,8.0,11.0,3.0,2.0,57.0,211.0,46.0,44.0,586,27856,19871
Xirp2_sgRNA.3,Xirp2,7.0,631.0,1.0,14.0,34.0,32.0,108.0,68.0,361,9963,6461
Zfhx4_sgRNA.1,Zfhx4,1.0,2.0,0.0,4.0,42.0,8.0,46.0,51.0,116,7136,4914
Zfhx4_sgRNA.2,Zfhx4,11.0,0.0,62.0,51.0,29.0,83.0,31.0,35.0,542,43303,27127
Zfhx4_sgRNA.3,Zfhx4,0.0,535.0,117.0,154.0,44.0,28.0,2.0,7.0,213,17896,12306
Zfp469_sgRNA.1,Zfp469,1.0,2.0,25.0,44.0,48.0,31.0,9.0,34.0,135,16003,10314
Zfp469_sgRNA.2,Zfp469,6.0,0.0,0.0,0.0,8.0,40.0,74.0,11.0,450,10668,6817
Zfp469_sgRNA.3,Zfp469,1.0,60.0,0.0,39.0,20.0,50.0,10.0,55.0,678,12931,9406
Zfp78_sgRNA.1,Zfp78,3.0,0.0,69.0,76.0,27.0,73.0,99.0,49.0,1023,34411,23177
Zfp78_sgRNA.2,Zfp78,0.0,0.0,59.0,58.0,20.0,160.0,12.0,45.0,1468,13043,8404
Zfp78_sgRNA.3,Zfp78,7.0,0.0,0.0,0.0,33.0,57.0,41.0,44.0,202,7809,4746
Zfp804b_sgRNA.1,Zfp804b,32.0,0.0,19.0,42.0,53.0,124.0,112.0,41.0,498,32155,19717
Zfp804b_sgRNA.2,Zfp804b,9.0,7.0,18.0,11.0,16.0,89.0,66.0,10.0,155,9131,5459
Zfp804b_sgRNA.3,Zfp804b,11.0,0.0,1.0,0.0,14.0,38.0,0.0,135.0,223,19346,11663
Zmat3_sgRNA.1,Zmat3,6.0,0.0,39.0,52.0,3.0,11.0,43.0,57.0,144,8308,5365
Zmat3_sgRNA.2,Zmat3,10.0,0.0,3.0,1.0,14.0,103.0,92.0,27.0,4484,34979,21326
Zmat3_sgRNA.3,Zmat3,36.0,1.0,3.0,4.0,23.0,22.0,5.0,67.0,373,26845,17573
Epha5_sgRNA.1,Epha5,8.0,57.0,41.0,102.0,50.0,137.0,85.0,27.0,983,42866,26216
Epha5_sgRNA.2,Epha5,10.0,8.0,8.0,11.0,72.0,125.0,177.0,80.0,809,34804,23970
Epha5_sgRNA.3,Epha5,12.0,0.0,57.0,114.0,40.0,5.0,47.0,31.0,203,20132,12699
Myh1_sgRNA.1,Myh1,12.0,4.0,70.0,92.0,135.0,366.0,60.0,91.0,814,55405,37093
Myh1_sgRNA.2,Myh1,7.0,6.0,898.0,586.0,29.0,21.0,27.0,105.0,500,40277,24898
Myh1_sgRNA.3,Myh1,60.0,65.0,0.0,6.0,21.0,35.0,75.0,16.0,258,10321,7823
Pik3cg_sgRNA.1,Pik3cg,16.0,0.0,28.0,18.0,42.0,58.0,19.0,174.0,345,28666,17622
Pik3cg_sgRNA.2,Pik3cg,32.0,10.0,1.0,1.0,28.0,103.0,96.0,65.0,581,52069,34495
Pik3cg_sgRNA.3,Pik3cg,0.0,0.0,0.0,12.0,6.0,6.0,14.0,34.0,116,9966,6749
Tnxb_sgRNA.1,Tnxb,0.0,13.0,0.0,0.0,17.0,6.0,36.0,17.0,1548,20874,15146
Tnxb_sgRNA.2,Tnxb,0.0,0.0,0.0,4.0,16.0,20.0,16.0,14.0,577,47678,30318
Tnxb_sgRNA.3,Tnxb,22.0,11.0,443.0,353.0,30.0,101.0,223.0,11.0,554,49760,32049
Mgam_sgRNA.1,Mgam,15.0,21.0,0.0,0.0,15.0,15.0,60.0,27.0,328,19669,12243
Mgam_sgRNA.2,Mgam,7.0,0.0,10.0,11.0,13.0,69.0,35.0,17.0,854,23050,14854
Mgam_sgRNA.3,Mgam,10.0,1.0,0.0,10.0,11.0,135.0,122.0,44.0,634,23154,14578
Adgrl3_sgRNA.1,Adgrl3,47.0,2.0,1.0,4.0,26.0,10.0,46.0,89.0,862,50897,31739
Adgrl3_sgRNA.2,Adgrl3,3.0,24.0,7.0,7.0,29.0,50.0,19.0,64.0,513,14092,10772
Adgrl3_sgRNA.3,Adgrl3,0.0,0.0,0.0,0.0,14.0,16.0,70.0,25.0,2503,5729,4633
Dnah3_sgRNA.1,Dnah3,3.0,0.0,1.0,3.0,57.0,76.0,27.0,51.0,557,54560,33503
Dnah3_sgRNA.2,Dnah3,5.0,8.0,0.0,0.0,20.0,22.0,25.0,22.0,201,14275,9195
Dnah3_sgRNA.3,Dnah3,0.0,9.0,0.0,1.0,47.0,70.0,116.0,102.0,442,29758,19444
Pak7_sgRNA.1,Pak7,8.0,5.0,0.0,9.0,32.0,36.0,27.0,20.0,517,32292,19462
Pak7_sgRNA.2,Pak7,9.0,233.0,27.0,28.0,21.0,6.0,45.0,9.0,963,23935,16270
Pak7_sgRNA.3,Pak7,6.0,126.0,0.0,0.0,10.0,17.0,1.0,0.0,125,7028,4372
Tet1_sgRNA.1,Tet1,1.0,0.0,17.0,23.0,9.0,69.0,29.0,18.0,214,9401,5968
Tet1_sgRNA.2,Tet1,1.0,1.0,4.0,51.0,62.0,75.0,134.0,94.0,1171,50250,32334
Tet1_sgRNA.3,Tet1,6.0,1.0,0.0,1.0,9.0,38.0,24.0,46.0,136,6120,3984
Zfp831_sgRNA.1,Zfp831,11.0,10.0,0.0,4.0,79.0,28.0,34.0,32.0,1522,27536,16528
Zfp831_sgRNA.2,Zfp831,12.0,0.0,1.0,29.0,33.0,85.0,40.0,70.0,274,15838,9981
Zfp831_sgRNA.3,Zfp831,16.0,123.0,0.0,28.0,34.0,59.0,38.0,21.0,599,17213,11885
Col6a6_sgRNA.1,Col6a6,27.0,1.0,0.0,4.0,111.0,118.0,44.0,33.0,2981,33001,22512
Col6a6_sgRNA.2,Col6a6,9.0,0.0,34.0,24.0,19.0,117.0,84.0,6.0,1830,30904,18244
Col6a6_sgRNA.3,Col6a6,20.0,1.0,73.0,80.0,92.0,31.0,68.0,71.0,339,23579,16457
Spag17_sgRNA.1,Spag17,1.0,0.0,0.0,0.0,10.0,92.0,124.0,40.0,138,8448,5087
Spag17_sgRNA.2,Spag17,1.0,7.0,29.0,55.0,29.0,11.0,37.0,7.0,487,12400,10231
Spag17_sgRNA.3,Spag17,0.0,121.0,0.0,8.0,137.0,130.0,76.0,189.0,1704,18263,11728
Tnni3k_sgRNA.1,Tnni3k,5.0,12.0,27.0,30.0,45.0,109.0,16.0,88.0,484,30630,20252
Tnni3k_sgRNA.2,Tnni3k,10.0,0.0,0.0,1.0,12.0,49.0,55.0,35.0,413,33830,20802
Tnni3k_sgRNA.3,Tnni3k,4.0,0.0,0.0,0.0,37.0,54.0,16.0,32.0,545,16062,10260
ctrl_sgRNA.1,ctrl1,3.0,0.0,332.0,302.0,43.0,58.0,119.0,19.0,212,11833,8063
ctrl_sgRNA.2,ctrl1,4.0,2.0,0.0,0.0,21.0,14.0,1.0,26.0,117,14930,9968
ctrl_sgRNA.3,ctrl1,7.0,1.0,0.0,4.0,60.0,24.0,83.0,32.0,133,7758,5072
ctrl_sgRNA.4,ctrl2,0.0,1.0,0.0,0.0,13.0,20.0,5.0,47.0,201,15032,9471
ctrl_sgRNA.5,ctrl2,0.0,1.0,5.0,161.0,26.0,20.0,36.0,65.0,364,11661,7455
ctrl_sgRNA.6,ctrl2,2.0,0.0,12.0,11.0,15.0,8.0,33.0,45.0,713,10463,7516
ctrl_sgRNA.7,ctrl3,3.0,0.0,0.0,0.0,9.0,73.0,32.0,1.0,187,10451,7174
ctrl_sgRNA.8,ctrl3,26.0,0.0,0.0,0.0,17.0,23.0,28.0,100.0,335,22987,14537
ctrl_sgRNA.9,ctrl3,0.0,0.0,0.0,0.0,33.0,63.0,29.0,11.0,147,15922,12046
ctrl_sgRNA.10,ctrl4,2.0,0.0,2.0,0.0,45.0,126.0,34.0,22.0,1016,23096,14389
ctrl_sgRNA.11,ctrl4,5.0,1.0,5.0,1.0,17.0,66.0,142.0,55.0,1154,20667,14609
ctrl_sgRNA.12,ctrl4,4.0,0.0,39.0,38.0,46.0,11.0,41.0,210.0,317,42582,26133
ctrl_sgRNA.13,ctrl5,29.0,37.0,3.0,2.0,24.0,29.0,123.0,206.0,487,47489,30009
ctrl_sgRNA.14,ctrl5,2.0,1.0,0.0,4.0,18.0,48.0,37.0,28.0,403,16580,10217
ctrl_sgRNA.15,ctrl5,5.0,62.0,119.0,205.0,77.0,61.0,70.0,26.0,1774,29349,20952
ctrl_sgRNA.16,ctrl6,1.0,3.0,0.0,0.0,1.0,9.0,52.0,14.0,1994,5973,4515
ctrl_sgRNA.17,ctrl6,5.0,0.0,50.0,33.0,31.0,132.0,107.0,253.0,442,35419,21317
ctrl_sgRNA.18,ctrl6,6.0,0.0,12.0,4.0,32.0,8.0,34.0,58.0,757,15026,10087
ctrl_sgRNA.19,ctrl7,0.0,14.0,1.0,47.0,50.0,3.0,48.0,7.0,738,20493,12997
ctrl_sgRNA.20,ctrl7,29.0,0.0,3.0,11.0,81.0,78.0,81.0,140.0,692,50928,32906
ctrl_sgRNA.21,ctrl7,4.0,179.0,163.0,178.0,68.0,38.0,80.0,16.0,920,18065,12016
ctrl_sgRNA.22,ctrl8,9.0,5.0,23.0,83.0,8.0,21.0,138.0,51.0,2020,22137,14098
ctrl_sgRNA.23,ctrl8,5.0,0.0,5.0,13.0,12.0,10.0,12.0,64.0,147,9760,6030
ctrl_sgRNA.24,ctrl8,7.0,8.0,36.0,19.0,123.0,127.0,84.0,20.0,4174,50429,31789
ctrl_sgRNA.25,ctrl9,4.0,1.0,268.0,324.0,31.0,33.0,79.0,73.0,399,37136,23538
ctrl_sgRNA.26,ctrl9,7.0,5.0,40.0,143.0,19.0,22.0,50.0,49.0,2550,15717,11695
ctrl_sgRNA.27,ctrl9,19.0,0.0,0.0,9.0,14.0,51.0,25.0,80.0,1010,17102,11442
ctrl_sgRNA.28,ctrl10,1.0,0.0,0.0,0.0,3.0,0.0,3.0,6.0,680,10293,6551
ctrl_sgRNA.29,ctrl10,1.0,0.0,53.0,75.0,40.0,36.0,31.0,57.0,1432,15980,10930
ctrl_sgRNA.30,ctrl10,0.0,0.0,0.0,0.0,0.0,20.0,11.0,0.0,724,5930,4155
ctrl_sgRNA.31,ctrl11,0.0,0.0,0.0,0.0,74.0,11.0,54.0,47.0,962,14176,9969
ctrl_sgRNA.32,ctrl11,2.0,0.0,4.0,9.0,33.0,12.0,19.0,19.0,788,13691,9210
ctrl_sgRNA.33,ctrl11,0.0,0.0,0.0,2.0,19.0,19.0,61.0,26.0,627,6168,4565
ctrl_sgRNA.34,ctrl12,38.0,0.0,0.0,3.0,24.0,41.0,16.0,53.0,1858,17737,11917
ctrl_sgRNA.35,ctrl12,3.0,2.0,103.0,106.0,24.0,92.0,35.0,67.0,236,21755,15097
ctrl_sgRNA.36,ctrl12,10.0,11.0,9.0,14.0,26.0,62.0,118.0,122.0,324,30928,18891
ctrl_sgRNA.37,ctrl13,24.0,0.0,133.0,141.0,31.0,152.0,57.0,84.0,406,23239,15826
ctrl_sgRNA.38,ctrl13,29.0,0.0,0.0,14.0,39.0,111.0,128.0,44.0,362,24633,16138
ctrl_sgRNA.39,ctrl13,0.0,0.0,6.0,12.0,13.0,62.0,43.0,45.0,121,15315,10731
ctrl_sgRNA.40,ctrl14,2.0,7.0,0.0,0.0,20.0,42.0,16.0,3.0,895,8520,5521
ctrl_sgRNA.41,ctrl14,3.0,0.0,22.0,29.0,10.0,9.0,91.0,40.0,287,8295,6467
ctrl_sgRNA.42,ctrl14,20.0,60.0,6.0,8.0,71.0,51.0,54.0,147.0,451,42954,28555
ctrl_sgRNA.43,ctrl15,3.0,0.0,26.0,25.0,9.0,77.0,62.0,18.0,223,14608,9474
ctrl_sgRNA.44,ctrl15,5.0,11.0,69.0,90.0,112.0,106.0,84.0,273.0,500,39972,27779
ctrl_sgRNA.45,ctrl15,8.0,0.0,0.0,10.0,34.0,8.0,45.0,22.0,766,34459,22440
ctrl_sgRNA.46,ctrl16,19.0,0.0,20.0,58.0,115.0,225.0,180.0,143.0,484,30645,19909
ctrl_sgRNA.47,ctrl16,11.0,4.0,11.0,5.0,26.0,85.0,64.0,72.0,322,13189,8472
ctrl_sgRNA.48,ctrl16,1.0,0.0,13.0,3.0,6.0,13.0,6.0,91.0,118,11213,7016
ctrl_sgRNA.49,ctrl17,30.0,28.0,9.0,16.0,51.0,81.0,109.0,132.0,270,17918,12202
ctrl_sgRNA.50,ctrl17,2.0,230.0,0.0,0.0,45.0,103.0,48.0,65.0,2304,18179,12778
